"Protein.IDs","Gene.names","LFQ.intensity_Day-1_Rep1","LFQ.intensity_Day-1_Rep2","LFQ.intensity_Day-1_Rep3","LFQ.intensity_Day0_Rep1","LFQ.intensity_Day0_Rep2","LFQ.intensity_Day0_Rep3","LFQ.intensity_Day1_Rep1","LFQ.intensity_Day1_Rep2","LFQ.intensity_Day1_Rep3","LFQ.intensity_Day2_Rep1","LFQ.intensity_Day2_Rep2","LFQ.intensity_Day2_Rep3","LFQ.intensity_Day3_Rep1","LFQ.intensity_Day3_Rep2","LFQ.intensity_Day3_Rep3","LFQ.intensity_Day4_Rep1","LFQ.intensity_Day4_Rep2","LFQ.intensity_Day4_Rep3"
"A0AVT1","UBA6",2589150000,2560160000,2499750000,2549830000,2906620000,2533310000,2731750000,2606410000,2650460000,2650360000,2509360000,2392300000,2381880000,2265650000,2204430000,2373600000,2213540000,2470830000
"A0FGR8","ESYT2",2162540000,2012490000,2071030000,2363300000,2525810000,2494340000,2305130000,2450760000,2393810000,2313480000,2383130000,2404190000,2242210000,2272890000,2456550000,2139690000,2199780000,2219560000
"A0PJZ3","GXYLT2",11937000,NA,NA,NA,NA,NA,NA,19762000,37697000,74819000,59984000,47690000,62230000,47891000,40649000,86933000,76043000,98266000
"A1L0T0","ILVBL",853910000,781230000,804570000,916260000,853680000,892520000,828240000,850880000,918820000,877630000,904070000,902830000,832920000,885140000,939990000,859220000,799990000,817990000
"A1X283","SH3PXD2B",856790000,944270000,814410000,832170000,895090000,761400000,762630000,810290000,685750000,777220000,672390000,667160000,663690000,674980000,646700000,658550000,659960000,725850000
"A2A3N6;Q99755","PIPSL;PIP5K1A",66855000,81471000,40492000,15022000,56830000,NA,21727000,19850000,NA,46493000,37402000,10844000,NA,NA,NA,NA,NA,NA
"A2RRP1","NBAS",287195000,221922000,228902000,273548000,266561000,285173000,253510000,248868000,260775000,251629000,269945000,296572000,237784000,281220000,294952000,306730000,280797000,292954000
"A4UGR9","XIRP2",NA,NA,NA,NA,NA,NA,NA,NA,NA,36378000,26099800,20320300,127344000,130869000,156917000,96439000,121957000,120027000
"A5YKK6","CNOT1",1015140000,1052860000,1064880000,1124880000,1124650000,1006840000,1037900000,992810000,1113930000,1060250000,1039970000,1076730000,957540000,969180000,1004500000,931870000,893850000,849740000
"A6NDG6","PGP",294673000,361630000,379090000,321651000,253312000,365310000,368800000,345640000,361420000,292389000,370750000,380620000,358346000,326110000,392180000,416440000,316918000,366300000
"A6NDU8","C5orf51",38201000,94560000,132381000,42830000,85712000,NA,87911000,132487000,38124000,43611000,135217000,47151000,82827000,NA,39559000,33796000,NA,35533000
"A6NFI3","ZNF316",NA,1931600,NA,1807800,NA,6237800,5734500,6005500,7297300,4075000,5696200,5115200,3584800,9108100,8414200,4169800,10332700,9738500
"A6NHR9","SMCHD1",356620000,414120000,367080000,353710000,312276000,355810000,387110000,371030000,399170000,298463000,297237000,360340000,274163000,224718000,218743000,176090000,213443000,208598000
"A7E2V4","ZSWIM8",1142600,9149200,9909500,11713900,3585210,7519600,8084900,2810100,8216000,1550100,7595100,11072700,1855800,10249400,9485900,4411300,9555200,6252000
"A7E2Y1","MYH7B",66658000,20189000,57073000,39009000,59900000,40616000,44633000,58291000,39513000,57322000,38983000,40211000,51913000,52148000,50583000,60534000,33330000,47637000
"A8CG34;Q6PJE2;A6NF01","POM121C",131995000,109525000,101470000,NA,76422000,105761000,122003000,184471000,62650000,166875000,131260000,157292000,54498000,94842000,NA,151902000,141447000,123995000
"C4AMC7;Q6VEQ5;A8K0Z3;A8MWX3","WASH3P;WASH2P;WASH1;WASH4P",251016000,273222000,253596000,281702000,318280000,273947000,344130000,354979000,284375000,342488000,282033000,227424000,315810000,275563000,257479000,322938000,307915000,327808000
"C9JLW8","FAM195B",317730000,312416000,306884000,313044000,336050000,344350000,219815000,248540000,217375000,206109000,269513000,269388000,253276000,246354000,215633000,228394000,1.37e+08,229963000
"E7EW31","PROB1",NA,NA,NA,NA,NA,NA,NA,NA,NA,45931000,NA,NA,175505000,213586000,159131000,39291000,41448000,44284000
"E9PAV3;Q13765;Q9BZK3","NACA",8177600000,9519900000,8620600000,7188800000,8188300000,7247800000,4954200000,5013100000,4602600000,2.1111e+10,20128600000,17596800000,3.9024e+10,3.5144e+10,3.2562e+10,3.6878e+10,3.493e+10,3.8644e+10
"L0R6Q1","SLC35A4",211073000,197834000,222364000,211138000,153158000,226348000,200143000,194492000,198749000,91369000,108910000,171841000,173115000,103208000,46027000,161848000,167585000,110436000
"O00116","AGPS",1638610000,1701130000,1566240000,1720120000,1942310000,1773530000,1913910000,1898320000,1965960000,2078810000,2123330000,1963360000,2036880000,1933420000,2073550000,2130660000,2074260000,2151890000
"O00139","KIF2A",445720000,435920000,480550000,398730000,400280000,346130000,390930000,411360000,380800000,501360000,509140000,401880000,585580000,513900000,470280000,574090000,553450000,614360000
"O00148","DDX39A",1000620000,898310000,916590000,847860000,935140000,789690000,768940000,784460000,859210000,767690000,724850000,531860000,601050000,509710000,446730000,516690000,466380000,534460000
"O00151","PDLIM1",3469900000,3445900000,3235970000,3189600000,3560400000,3328500000,3.545e+09,3490100000,3.1e+09,3052770000,2971660000,2559390000,2820640000,2483050000,2459990000,3210700000,3110300000,3448700000
"O00154","ACOT7",2077090000,1781940000,1.77e+09,1911080000,2100320000,1791490000,1544980000,1571250000,1539450000,1503710000,1481920000,1267290000,1610330000,1313890000,1526770000,1491060000,1335660000,1462280000
"O00159","MYO1C",8646400000,8495200000,8147300000,8846400000,9.211e+09,8446700000,10397900000,10348900000,1.0302e+10,10790600000,10332800000,9811200000,9603200000,8.858e+09,8665100000,9513700000,9053700000,10093500000
"O00161","SNAP23",442390000,421360000,489770000,398880000,366630000,321089000,484480000,438630000,391820000,343180000,389150000,396370000,340170000,312437000,280906000,316418000,285189000,256479000
"O00170","AIP",1382130000,1278200000,1226900000,1399360000,1499400000,1299400000,1305710000,1377620000,1243150000,1218700000,1218740000,1061640000,1045690000,1022150000,1.03e+09,968770000,1029910000,998790000
"O00178","GTPBP1",288778000,340890000,380270000,389010000,364940000,434640000,361840000,359880000,394110000,403280000,421400000,422520000,442040000,449650000,449740000,402010000,411480000,429870000
"O00186","STXBP3",313981000,325163000,360680000,331620000,294404000,279133000,349976000,362760000,383390000,285714000,277298000,267746000,234979000,216974000,230637000,251044000,211687000,231880000
"O00193","SMAP",533230000,425450000,500510000,445980000,350280000,472730000,527540000,577020000,533330000,452920000,395871000,430800000,242619000,254045000,212012000,244516000,239847000,228728000
"O00203;Q13367","AP3B1",2868870000,2858810000,2770620000,2922840000,2860510000,2827280000,2579550000,2533250000,2688950000,2589600000,2637690000,2673100000,2589500000,2473430000,2602750000,2318280000,2370050000,2193430000
"O00217","NDUFS8",93690000,53373000,54896000,126551000,112140000,109977000,138812000,142099000,133156000,129154000,112518000,118759000,140092000,126392000,140029000,142809000,175787000,152114000
"O00231","PSMD11",9209100000,9387800000,9028500000,8290100000,8517900000,7641700000,8737100000,8621900000,8367600000,8783200000,8788700000,7448700000,9.26e+09,8225600000,8295900000,9319700000,8637800000,9.05e+09
"O00232","PSMD12",2856040000,2800690000,2703710000,2826900000,2856630000,2808690000,2737370000,2647940000,2797530000,2696230000,2814790000,2914300000,2902290000,2932130000,2837810000,3141980000,2991040000,3001310000
"O00233","PSMD9",831310000,754670000,906120000,751080000,957380000,869180000,797510000,879030000,749950000,849060000,855140000,824060000,877300000,835390000,713220000,806100000,753770000,774570000
"O00244","ATOX1",1064960000,1366780000,1573340000,1536810000,1579420000,1711050000,1414760000,1486700000,1407860000,1244710000,1259770000,1360430000,1316660000,1192320000,1315870000,1447270000,1178810000,1217440000
"O00264","PGRMC1",1931090000,2229100000,2371160000,2616090000,2864650000,2423930000,2607700000,2647690000,2423850000,2615650000,2354110000,1937330000,2115200000,1828350000,1954070000,2153690000,1897210000,2026610000
"O00267","SUPT5H",955550000,959480000,912260000,928390000,1030990000,850330000,963900000,944080000,909610000,877970000,999330000,846380000,912810000,821500000,779110000,762650000,735180000,723680000
"O00273","DFFA",763530000,713830000,728350000,756220000,716950000,791980000,760260000,671580000,778100000,703270000,669390000,649990000,575150000,579800000,574290000,583320000,536270000,575160000
"O00291","HIP1",244020000,203764000,260883000,462680000,504790000,412230000,787550000,796640000,745690000,1858460000,1676380000,1595570000,1959600000,1860740000,1761930000,1278210000,1127940000,1296100000
"O00299","CLIC1",10542600000,10950200000,11203900000,9905400000,9935300000,8888500000,11576900000,10952600000,10295300000,9572500000,9666600000,8537300000,7.66e+09,7365200000,7172100000,7248800000,6820200000,7701400000
"O00303","EIF3F",4939100000,4765100000,5018900000,4107400000,4523200000,4168100000,3.834e+09,4011100000,3757800000,4030600000,3927800000,3430400000,4266900000,3974500000,3811400000,4058800000,3827400000,4269500000
"O00330","PDHX",174107000,145700000,142414000,88358000,168449000,183667000,181598000,205301000,118962000,200480000,182837000,193920000,241290000,177133000,184386000,202456000,193781000,217858000
"O00399","DCTN6",421620000,385560000,369070000,437950000,459480000,410910000,422140000,364300000,380760000,433050000,401950000,321740000,493440000,352350000,421680000,386280000,401070000,387967000
"O00401","WASL",174665000,135331000,133944000,115322000,188316000,130303000,172444000,196477000,163637000,163874000,169415000,184517000,156674000,49742000,140106000,81389000,165048000,41924000
"O00410","IPO5",15775500000,14351700000,14303300000,14157700000,15205500000,14935600000,13629900000,13725200000,13409300000,13802500000,13145500000,12995700000,12693300000,12031500000,1.2092e+10,11125400000,11316600000,11913400000
"O00422","SAP18",276856000,84592000,148330000,NA,220970000,154250000,60844000,343260000,228530000,245510000,225170000,450450000,200948000,172270000,47465000,116480000,165053000,179900000
"O00423","EML1",23763000,NA,NA,81547000,NA,27281000,115796000,108076000,112259000,106944000,102031000,61511000,95379000,30942000,69640000,62149000,36692000,73847000
"O00425","IGF2BP3",2819780000,2754380000,2762170000,2672900000,2820550000,2501390000,2316140000,2364250000,2358140000,1859980000,1861120000,1736870000,1622990000,1485870000,1505360000,1304490000,1305580000,1.289e+09
"O00429","DNM1L",3152020000,3162090000,3026400000,3102900000,3268800000,3204700000,3388700000,3227580000,3191800000,2963990000,2870350000,2862330000,2592810000,2525770000,2608530000,2400680000,2374970000,2173170000
"O00442","RTCA",550230000,522280000,563730000,523080000,489330000,595940000,562520000,500460000,611340000,575090000,542080000,809340000,549090000,619760000,755050000,637760000,701690000,570970000
"O00459;Q92569","PIK3R2",16994000,43159000,21006000,19669000,85515000,14532000,15548000,NA,18820000,42718000,49953000,20342000,17365000,38061000,NA,NA,NA,NA
"O00461","GOLIM4",640100000,593680000,588380000,681350000,597300000,561530000,309175000,284860000,274219000,245905000,277450000,261878000,405360000,322680000,293026000,385090000,341238000,431640000
"O00468","AGRN",39038000,NA,NA,82027000,NA,NA,NA,NA,75030000,94478000,52176000,107228000,267965000,237190000,291339000,378780000,296428000,302993000
"O00469","PLOD2",8572800000,8120300000,7973300000,8400700000,8984400000,8.612e+09,5635500000,5562200000,5.539e+09,4064800000,3640100000,3.485e+09,3018010000,2784020000,3014490000,3243100000,3378700000,3395400000
"O00471","EXOC5",258469000,287609000,245133000,216186000,241896000,276599000,250656000,248619000,226948000,276198000,260099000,250178000,242423000,283254000,258170000,296930000,308896000,322730000
"O00479","HMGN4",36342000,18899000,35034000,133687000,93246000,120860000,257790000,234478000,160107000,260360000,121508000,157340000,244841000,168520000,146878000,192098000,131118000,96417000
"O00483","NDUFA4",642790000,690090000,722440000,974250000,807390000,873760000,956320000,977990000,1092350000,927530000,1062750000,1058350000,845930000,764840000,742460000,647320000,603700000,662470000
"O00487","PSMD14",2800280000,2517610000,2432700000,2548970000,2728920000,2526320000,2655380000,2549720000,2642490000,2767530000,2898950000,2289490000,2960190000,2369280000,2504520000,3037460000,2844620000,3045730000
"O00499","BIN1",1944400000,1618840000,1683910000,2554820000,2563540000,2457620000,3243900000,3158200000,3108100000,6971800000,6.524e+09,6854800000,12091600000,11670700000,10918100000,1.2473e+10,12072700000,13092600000
"O00505","KPNA3",1592640000,1534600000,1684530000,1436330000,1533730000,1520710000,1286220000,1220790000,1355920000,1200880000,1123050000,1222050000,1107790000,1162690000,1256210000,1164980000,1181640000,1108320000
"O00506","STK25",196745000,204527000,185350000,127304000,188536000,152938000,158605000,157448000,133287000,139832000,162704000,161772000,165390000,86944000,87591000,133275000,88905000,191346000
"O00534","VWA5A",NA,NA,NA,NA,NA,NA,NA,NA,NA,NA,NA,50909000,83758000,123721000,114490000,148091000,188078000,138631000
"O00541","PES1",750960000,641010000,701740000,515330000,677930000,559480000,586900000,604040000,624630000,706480000,640840000,550190000,593220000,537970000,451260000,422260000,407600000,472580000
"O00560","SDCBP",1.249e+09,1066880000,1093210000,776070000,979200000,721300000,604750000,601980000,631760000,599610000,575020000,521930000,587950000,523050000,552230000,487480000,532510000,541190000
"O00566","MPHOSPH10",302518000,272521000,256849000,229328000,290878000,246751000,243519000,246314000,238482000,343110000,262804000,192145000,285552000,125688000,248808000,223707000,231314000,165042000
"O00567","NOP56",4.529e+09,4618100000,4517100000,4858700000,4673600000,4653400000,5426100000,5226900000,5462200000,5481500000,5330100000,5288800000,4946800000,4907100000,4975600000,4534800000,4655100000,4489200000
"O00571","DDX3X",8573600000,8.747e+09,7823400000,7711900000,8.561e+09,7345500000,6498300000,6666400000,6685400000,7036500000,6962200000,6076600000,6757100000,5998900000,6.316e+09,6035600000,5834300000,6300700000
"O00592","PODXL",1259890000,1592360000,1856380000,1463780000,1885900000,1161320000,748790000,866380000,457290000,544500000,501290000,446664000,314680000,352150000,443950000,321434000,183526000,411100000
"O00622","CYR61",145211000,280524000,301093000,74519000,49702000,83211000,NA,NA,NA,NA,NA,NA,NA,NA,NA,NA,NA,NA
"O00625","PIR",87185000,63645000,67901000,46683000,45209000,35412000,66395000,67737000,53593000,49572000,54746000,32561000,74769000,47738000,48557000,42747000,49215000,54579000
"O00629","KPNA4",2741710000,2429680000,2616490000,2197530000,2327870000,2201650000,1887460000,1960710000,2063890000,2010390000,1956320000,2307980000,2066560000,2167530000,2400790000,1998250000,2138380000,1963510000
"O00635","TRIM38",24498000,34088000,31146000,15957000,NA,13170000,47915000,16266000,29432000,8430700,30902000,NA,21028000,NA,NA,39698000,25747000,28876000
"O00743","PPP6C",280399000,396050000,305995000,303560000,284206000,280551000,390928000,387230000,338826000,288413000,400367000,322790000,354153000,4.05e+08,409610000,400670000,407950000,421720000
"O00754","MAN2B1",507660000,574740000,514570000,656360000,611970000,574140000,812020000,877940000,807990000,797690000,898680000,812630000,863560000,730060000,762660000,760870000,671940000,869750000
"O00762","UBE2C",533130000,614100000,697150000,535220000,467070000,686010000,NA,NA,NA,NA,NA,NA,NA,67397000,NA,78925000,NA,NA
"O00763","ACACB",102061000,30183000,33125000,32455000,52172000,NA,35865000,31348000,30703000,NA,33124000,NA,NA,NA,NA,NA,NA,NA
"O00764","PDXK",867890000,744040000,681710000,957300000,986290000,1063140000,1191740000,1197530000,1130720000,1075050000,1242570000,1166720000,1208270000,1322040000,1115610000,1370410000,1496110000,1336730000
"O14494","PPAP2A",NA,NA,NA,18575600,20823600,19382300,85844000,57529000,70757000,81512000,83437000,46757000,88905000,36757000,44010000,40296000,46214000,41907000
"O14495","PPAP2B",60437000,NA,36897000,105731000,126239000,34547000,NA,NA,NA,NA,16098000,NA,NA,NA,NA,NA,NA,NA
"O14497","ARID1A",258620000,219506000,205744000,198352000,221666000,179451000,163727000,173718000,187744000,155561000,180904000,144018000,166009000,80144000,NA,NA,58576000,38403000
"O14530","TXNDC9",1185020000,1047090000,1185530000,880810000,970230000,906660000,606480000,609670000,596840000,698360000,664530000,553400000,640630000,674370000,529780000,550570000,517370000,575060000
"O14545","TRAFD1",81366000,154822000,146103000,87333000,145366000,118253000,184983000,132823000,141551000,191056000,210190000,234767000,242700000,140490000,92235000,294593000,148156000,196351000
"O14548","COX7A2L",NA,92665000,119115000,103718000,NA,146469000,128559000,139242000,124434000,42232000,68546000,148843000,25864000,108248000,114525000,49314000,89984000,NA
"O14558","HSPB6",NA,NA,NA,NA,20734000,NA,NA,NA,NA,73167000,27203000,30800000,197653000,179312000,139534000,253443000,222965000,296584000
"O14561","NDUFAB1",512320000,440530000,483620000,639830000,670300000,550340000,806190000,833420000,750210000,950080000,839900000,691710000,818520000,729890000,756980000,908500000,819460000,798250000
"O14562","UBFD1",170565000,208365000,273815000,281490000,3.46e+08,260254000,276164000,316166000,283206000,316662000,268053000,316900000,328622000,224829000,270489000,298584000,284133000,306575000
"O14578","CIT",169954000,155999000,173906000,61347000,167082000,77306000,NA,NA,NA,NA,NA,NA,NA,NA,NA,NA,NA,NA
"O14579","COPE",2896080000,3223900000,3235500000,2887200000,2932850000,3102160000,2523590000,2389010000,2485650000,2314340000,2236530000,2254790000,2290570000,2258540000,2285180000,2113970000,2184940000,2087610000
"O14613","CDC42EP2",25167000,NA,NA,NA,NA,NA,32395000,61099000,24552000,93579000,91888000,85122000,93419000,NA,NA,29895000,NA,50613000
"O14617","AP3D1",2233940000,2089960000,1940570000,2381070000,2542460000,2032430000,2319390000,2428960000,2350490000,2493690000,2464960000,2139580000,2386440000,1998230000,2187090000,2314500000,2018460000,2256550000
"O14618","CCS",84433000,129217000,174118000,155097000,187944000,160822000,194300000,122501000,178233000,224258000,219280000,193444000,201340000,208928000,197811000,200564000,186765000,218064000
"O14639","ABLIM1",NA,NA,NA,NA,NA,NA,NA,NA,NA,53321000,60683000,NA,148724000,105682000,76035000,147068000,111889000,129707000
"O14641","DVL2",62624000,65011000,89652000,96272000,24921000,26866000,103568000,97111000,63791000,35845000,29213000,65465000,30090000,88352000,57399000,NA,54765000,NA
"O14653","GOSR2",221576000,185690000,160598000,194406000,252129000,193437000,112138000,156791000,160393000,208152000,186858000,91384000,241636000,185927000,201419000,213111000,291779000,219869000
"O14656","TOR1A",29262000,NA,NA,110124000,68191000,NA,33255000,22363000,35395000,NA,NA,NA,NA,NA,NA,NA,NA,NA
"O14672","ADAM10",922060000,944170000,883780000,930580000,863620000,809600000,1058760000,1084320000,1020130000,1106010000,1101890000,953130000,1015230000,1002200000,850850000,861090000,922830000,980050000
"O14737","PDCD5",1218380000,1190540000,1188010000,795210000,1309590000,765120000,989900000,1073430000,765770000,1004750000,9.55e+08,569430000,1114650000,742910000,592520000,960870000,837540000,9.64e+08
"O14744","PRMT5",2528910000,2415120000,2361760000,2333380000,2322430000,2254640000,2423920000,2381280000,2466340000,2498740000,2541900000,2399240000,2595540000,2438300000,2442670000,2734680000,2531490000,2609890000
"O14745","SLC9A3R1",2410770000,2292490000,2549570000,2514250000,2634180000,2620080000,2742250000,2620710000,2325640000,2158990000,2179040000,1959730000,1838750000,1805790000,1862970000,1770610000,1454890000,1829440000
"O14746","TERT",6445400000,6095500000,6260700000,4450100000,4153300000,4.028e+09,1011750000,933500000,854560000,589370000,631930000,592720000,421640000,502550000,468850000,473440000,338586000,375586000
"O14763","TNFRSF10B",121644000,133749000,124156000,77336000,94509000,105818000,66114000,60765000,103515000,26902000,NA,77002000,NA,NA,NA,NA,NA,NA
"O14773","TPP1",916540000,978810000,908880000,958460000,1120530000,1110510000,1819940000,1645360000,1678290000,1991020000,2189730000,1976180000,1841280000,1886940000,1857620000,1901650000,1820750000,1807470000
"O14776","TCERG1",946550000,980590000,996170000,996460000,873720000,949620000,1300220000,1289300000,1236220000,1141610000,1139870000,1117460000,1022390000,1019870000,1036800000,918270000,946660000,1025320000
"O14777","NDC80",197306000,209104000,269575000,198864000,192522000,221422000,149142000,90976000,162644000,NA,NA,NA,NA,NA,NA,NA,NA,NA
"O14786","NRP1",1273190000,1774900000,1469710000,1223950000,1398400000,1704390000,735300000,631050000,777220000,460480000,424692000,539690000,395418000,202768000,236700000,83987000,69512000,128632000
"O14787","TNPO2",297306000,311144000,318775000,324880000,342400000,303424000,368813000,378880000,389040000,346420000,352310000,336913000,401480000,349890000,394320000,357140000,321298000,328700000
"O14807","MRAS",NA,NA,NA,NA,NA,NA,89246000,110352000,44563000,157521000,181740000,41360000,133927000,84200000,28017000,149659000,145545000,123499000
"O14818","PSMA7",6002500000,6433300000,6274300000,5550200000,6540100000,5637100000,6528900000,6377400000,5993600000,6536400000,6615200000,5061200000,6.504e+09,6017700000,5872500000,6640800000,6268700000,6795200000
"O14828","SCAMP3",743020000,657380000,670190000,599320000,699930000,604450000,561890000,502620000,454310000,583990000,551220000,473830000,645380000,537460000,580580000,549130000,490250000,558510000
"O14874","BCKDK",330870000,375280000,292493000,267539000,338850000,277023000,183892000,255116000,273415000,338230000,338883000,284365000,435250000,353856000,307348000,314230000,288830000,302693000
"O14879","IFIT3",31559000,18730000,NA,15186000,15839000,13309000,NA,NA,26724000,23191000,33704000,57042000,NA,14877000,NA,15320000,NA,NA
"O14880","MGST3",384920000,469990000,122940000,503900000,227550000,668630000,461070000,453500000,377610000,310410000,519300000,680660000,383450000,486150000,518290000,454700000,537280000,416940000
"O14907","TAX1BP3",1711300000,1514530000,1557170000,985050000,1123500000,956300000,1257070000,1203180000,1019520000,994830000,936800000,741640000,740520000,490060000,500500000,651990000,532310000,677400000
"O14908;Q8TF64","GIPC1",1506720000,1508230000,1498680000,1368640000,1467600000,1297310000,1413310000,1407070000,1246470000,1346970000,1285070000,967980000,1.355e+09,1042810000,1004320000,1229890000,1146040000,1304190000
"O14920","IKBKB",178586000,154175000,145398000,162715000,181492000,134192000,149833000,160798000,150813000,132836000,159562000,145555000,97033000,116309000,117298000,139537000,119794000,115670000
"O14925;Q5SRD1","TIMM23;TIMM23B",NA,NA,NA,48883000,22177000,21808000,NA,NA,NA,29500000,82242000,46195000,NA,78643000,80535000,NA,55318000,NA
"O14929","HAT1",1182240000,1404390000,1194700000,1278440000,1446510000,1165490000,715450000,879500000,876670000,568290000,633440000,593480000,326249000,412270000,417960000,262879000,NA,211615000
"O14936","CASK",149481000,NA,NA,53248000,171066000,95849000,165969000,161673000,178293000,208927000,208700000,162199000,238455000,163208000,104243000,182728000,192025000,212539000
"O14949","UQCRQ",360440000,340410000,314585000,298819000,393040000,280546000,485370000,375280000,390060000,579790000,498850000,356400000,441980000,372410000,385800000,450460000,387690000,485560000
"P19105;O14950","MYL12A;MYL12B",7.492e+09,8854900000,8548300000,11725100000,1.1744e+10,9892600000,10687300000,11049500000,10834200000,10712500000,9798600000,9350400000,10390300000,9529300000,10573300000,10479500000,10534600000,1.0702e+10
"O14958","CASQ2",NA,NA,NA,NA,NA,NA,NA,NA,NA,63330000,NA,NA,587130000,460210000,531870000,1281780000,1155550000,1055400000
"O14964","HGS",1340610000,1182730000,1270440000,1184790000,1541920000,1105580000,1196630000,1239860000,1.152e+09,1327430000,1230810000,978260000,1214870000,1088270000,906460000,1198970000,1196900000,1226590000
"O14972","DSCR3",246772000,266692000,206374000,271378000,241105000,294316000,323360000,257034000,345600000,237455000,278381000,275842000,225620000,279663000,258219000,244317000,275697000,256457000
"O14974","PPP1R12A",3540500000,3106700000,3228820000,3069600000,3.58e+09,2982810000,3802500000,3.893e+09,3729700000,3929500000,3711400000,3260200000,3625700000,3105300000,2852980000,2877330000,2838210000,3286400000
"O14976","GAK",152829000,144283000,140271000,172904000,146074000,162418000,127070000,41048000,84344000,49843000,48516000,45487000,53457000,NA,NA,NA,NA,36045000
"O14979","HNRNPDL",3262100000,3853400000,4094400000,3650700000,3952200000,3642900000,3789500000,4196300000,4068500000,3925400000,3984900000,4266600000,3.731e+09,3631400000,3.871e+09,3418600000,3357400000,3252700000
"O14980","XPO1",5629600000,5932200000,5647900000,5848900000,6129700000,5875200000,6551600000,6779100000,6.92e+09,6203300000,6384900000,6274700000,5578100000,5468500000,5952900000,5366300000,5377500000,5298800000
"O14981","BTAF1",341860000,309350000,219930000,300566000,290479000,167042000,297596000,304313000,315354000,237338000,272655000,262699000,145550000,183327000,NA,73464000,117589000,NA
"O14983","ATP2A1",NA,NA,NA,NA,NA,36403000,73554000,NA,90425000,540740000,636270000,568890000,918550000,904150000,865300000,726660000,776520000,7.15e+08
"O15013","ARHGEF10",252253000,248006000,240074000,245322000,244951000,207107000,230108000,224674000,183723000,201907000,223699000,127244000,240002000,186822000,186185000,198129000,161109000,249727000
"O15027","SEC16A",886050000,641120000,694910000,823760000,878390000,876730000,874140000,873160000,802630000,896400000,800350000,771070000,993730000,963490000,875140000,979260000,920800000,1078430000
"O15031;O43157","PLXNB2",1156690000,1170860000,1187120000,1007730000,1006740000,1133940000,1447550000,1444730000,1395800000,1210600000,1198280000,1448520000,1086170000,1065560000,1086390000,1.003e+09,1008740000,1038450000
"O15042","U2SURP",1040550000,990480000,823390000,692220000,897720000,632770000,798650000,832450000,710980000,805370000,721080000,566970000,690320000,582380000,506080000,556230000,540250000,586490000
"O15067","PFAS",1525470000,1743080000,1760710000,1746240000,1616330000,1704730000,1550090000,1658680000,1643950000,1545800000,1631850000,1598240000,1398920000,1514630000,1535910000,1424860000,1416610000,1217800000
"O15075;O43602","DCLK1",NA,NA,NA,NA,17550800,NA,786330000,1011570000,939740000,1993560000,1889850000,2157380000,3825600000,3993900000,4041200000,6346500000,7036400000,7312100000
"O15084","ANKRD28",234700000,155712000,123854000,177166000,191573000,155825000,127686000,49769000,165230000,103996000,190883000,76609000,62148000,NA,NA,99828000,NA,26590000
"O15111","CHUK",36123000,28764000,25411000,46564000,48702000,25409000,46281000,33852000,27186000,51937000,32791000,26123000,28098000,34822000,27204000,25148000,21698800,27589000
"O15116","LSM1",212589000,180905000,210992000,142906000,154252000,149144000,154072000,134621000,64035000,35016000,125601000,158590000,68481000,127573000,32838000,94878000,141505000,30787000
"O15118","NPC1",93128000,86767000,55100000,62324000,77602000,NA,28034000,83066000,60436000,47877000,48476000,62761000,72760000,101555000,32620000,NA,121212000,NA
"O15121","DEGS1",68102000,110301000,110769000,167719000,NA,185184000,25606000,NA,103755000,NA,27923000,68704000,NA,29338000,70345000,NA,29754000,NA
"O15126","SCAMP1",317378000,292753000,267291000,404960000,448560000,291049000,312729000,343750000,306734000,281118000,281778000,241096000,293784000,214060000,218279000,293664000,309743000,272651000
"O15143","ARPC1B",3.933e+09,3.728e+09,3672300000,4647200000,4668200000,4838300000,3577500000,4290200000,4215300000,3602900000,3723100000,3603700000,2419970000,3016950000,3263800000,2452470000,2533100000,2379270000
"O15144","ARPC2",9519600000,8864400000,7949300000,8150900000,10615400000,7614900000,8338200000,8307500000,8173100000,8.539e+09,8106500000,6286100000,6981200000,5.706e+09,5783100000,6.137e+09,5703200000,6262800000
"O15145","ARPC3",3322200000,3263100000,2992680000,2622050000,2945340000,2510550000,2941330000,2904590000,2811900000,2803670000,2684620000,2405240000,2295100000,1944340000,2231600000,1989230000,2140360000,2230930000
"O15146","MUSK",NA,NA,NA,13853000,NA,NA,30376000,32772000,63565000,58839000,29293000,69074000,106689000,96677000,117629000,107238000,94882000,62807000
"O15160","POLR1C",409086000,424380000,422940000,335880000,425780000,369640000,374020000,384200000,375390000,358040000,351150000,422540000,351310000,327460000,323055000,282693000,301089000,287975000
"O15173","PGRMC2",868920000,1042790000,1221280000,1055420000,991680000,1200960000,968510000,956280000,978260000,864950000,930950000,1067070000,716590000,928640000,1075710000,909750000,983290000,807940000
"O15212","PFDN6",1138430000,1154020000,1180280000,1077730000,998100000,1137190000,894200000,868310000,927080000,937670000,946910000,1021620000,1014510000,1033440000,1137610000,1042900000,1009550000,1011910000
"O15213","WDR46",29325000,59327000,58562000,70429000,68632000,NA,26456000,23633000,19457000,66304000,70888000,NA,81169000,NA,NA,NA,NA,NA
"O15228","GNPAT",268965000,154229000,247194000,334453000,252436000,190120000,310010000,344310000,390039000,354680000,379337000,248115000,285560000,247976000,86433000,311156000,221907000,290894000
"O15230","LAMA5",288082000,369331000,344620000,5.36e+08,451330000,521040000,723430000,761570000,796960000,677240000,617190000,605310000,587530000,626650000,568060000,533060000,446980000,534810000
"O15231","ZNF185",859130000,721250000,695110000,302691000,370240000,284467000,193412000,178517000,137362000,71140000,21876000,38100000,NA,NA,NA,NA,NA,NA
"O15234","CASC3",70644000,NA,58262000,26995000,101730000,22677000,32352000,69681000,NA,85813000,76898000,51423000,29551000,NA,NA,66738000,NA,NA
"O15235","MRPS12",130684000,99229000,57807000,77514000,104480000,83527000,176294000,171648000,166485000,144128000,151828000,63018000,134965000,168667000,103237000,127050000,88212000,149037000
"O15254","ACOX3",178980000,189775000,185237000,177243000,170826000,154896000,218392000,187949000,224353000,201029000,219519000,253809000,243568000,229172000,307673000,308382000,323540000,307140000
"O15258","RER1",642370000,628320000,482870000,445950000,472570000,465670000,410810000,305712000,415450000,367130000,391100000,417210000,326026000,489030000,402850000,378916000,421390000,382700000
"O15260","SURF4",1136560000,1212250000,1392450000,1688130000,963130000,1541430000,1525590000,1516020000,1786790000,1344260000,1322450000,1933460000,1090120000,1429940000,1673930000,1129130000,1466850000,1060280000
"O15269","SPTLC1",665300000,746350000,713690000,794350000,630820000,749100000,613020000,570430000,661060000,480280000,523590000,545410000,455640000,522030000,475670000,345716000,448910000,372980000
"O15270","SPTLC2",301620000,274741000,319192000,285959000,233443000,257198000,66503000,22666000,50613000,42815000,87209000,130719000,29023000,27396000,80011000,28367000,64639000,32010000
"O15294","OGT",847420000,830070000,806330000,742330000,892240000,763210000,661640000,670490000,623120000,861590000,803780000,751740000,850510000,709180000,783220000,657090000,666810000,723030000
"O15305","PMM2",556700000,520680000,542550000,408670000,513340000,355486000,484080000,501170000,396480000,477690000,467140000,376930000,472010000,355900000,300856000,353550000,352480000,359880000
"O15321","TM9SF1",39260000,34099000,71025000,58160000,NA,30891000,NA,NA,27764000,33322000,59075000,90344000,75787000,28424000,61912000,93365000,60233000,61617000
"O15327","INPP4B",72658000,82835000,85459000,170484000,146049000,113825000,282953000,269134000,325349000,651460000,617520000,513720000,911430000,966850000,1054450000,1235390000,1279930000,1485300000
"O15344","MID1",8853600,12508400,23646200,18776800,15440900,NA,28827700,20019700,29213900,31484400,31729800,8713300,15512300,5305600,13005300,10527400,13128100,8273100
"O15347","HMGB3",777500000,912850000,1194880000,1107520000,1165660000,1096560000,1208660000,1400310000,1220670000,1054050000,1123680000,986220000,753980000,639710000,646190000,575740000,498230000,528050000
"O15355","PPM1G",1194020000,1102280000,1098780000,973510000,1029850000,995890000,977770000,879310000,912910000,830880000,775700000,767320000,640920000,656350000,524680000,469130000,489180000,618150000
"O15357;Q7Z7G1","INPPL1",1089080000,896630000,839270000,1310850000,1218260000,1061330000,2197650000,2067440000,2198960000,3024910000,3085170000,2866620000,4409800000,4439400000,4437700000,5446900000,5413400000,5268300000
"O15371","EIF3D",3020070000,3.279e+09,3260700000,3.423e+09,3505300000,3194500000,2693510000,2647090000,2864440000,3046540000,2829280000,2944250000,2940680000,2858860000,3016940000,2917830000,2936300000,2838060000
"O15372","EIF3H",1140160000,1059360000,1116880000,1228960000,1313580000,1234880000,887470000,866410000,1036780000,948710000,869940000,946820000,893110000,1027170000,872790000,911150000,981170000,814090000
"O15382","BCAT2",277320000,263297000,312929000,298873000,197262000,296871000,375410000,363920000,331230000,346710000,408940000,441250000,338172000,413760000,473190000,328151000,444510000,417860000
"O15397","IPO8",147790000,123772000,136465000,154283000,131124000,153577000,143644000,151641000,157967000,159129000,155519000,181513000,145338000,152099000,143658000,120465000,124066000,82225000
"O15400","STX7",474380000,740870000,811420000,628120000,369980000,737360000,568950000,562210000,493210000,534340000,562630000,553590000,626510000,584930000,493030000,631100000,645570000,568210000
"O15427","SLC16A3",3459900000,3145800000,2959130000,3005520000,3700900000,2957750000,2686290000,2080670000,2251270000,1708770000,1673140000,1362680000,1226330000,1194980000,1171910000,1135880000,1110830000,1270600000
"O15439","ABCC4",69912000,32717000,70789000,73242000,94874000,110229000,134804000,128336000,133541000,137683000,130824000,158832000,60853000,78283000,120199000,NA,56446000,NA
"O15446","CD3EAP",293854000,183144000,239346000,268451000,279259000,219035000,238620000,236930000,224197000,277293000,232659000,44225000,243484000,178059000,123495000,224396000,168431000,227196000
"O15460","P4HA2",3886500000,4110500000,3954300000,7195900000,6828400000,7188200000,7986600000,8179400000,8075900000,8146300000,8.093e+09,7664400000,8556800000,8243300000,8.866e+09,9750100000,10043200000,10024800000
"O15484","CAPN5",66561000,29236000,60013000,46993000,74856000,NA,80982000,46257000,109911000,73389000,36986000,NA,NA,NA,NA,NA,NA,NA
"O15498","YKT6",1125350000,1034760000,1231300000,1059740000,1018550000,967480000,983700000,1035620000,953330000,964380000,1022160000,991020000,979690000,939820000,978200000,1024840000,966730000,977780000
"O15511","ARPC5",5071300000,4486700000,4862800000,4266900000,3487400000,4001800000,3837500000,3834500000,3664600000,2954650000,3.35e+09,3456880000,2691090000,3034440000,2827990000,2350070000,2620430000,2063090000
"O15523","DDX3Y",302663000,251999000,273804000,285447000,313307000,349780000,292755000,294132000,286671000,301966000,267846000,297677000,270969000,249428000,252611000,231376000,213494000,251613000
"O15533","TAPBP",270365000,222568000,217725000,283477000,382410000,226056000,453190000,386770000,375620000,499550000,491140000,345884000,460240000,352580000,322430000,356800000,330873000,391870000
"O43143","DHX15",3968400000,3797300000,3557400000,3460700000,3740200000,3402700000,3.565e+09,3638700000,3635500000,3076380000,3202200000,3170700000,2615630000,2776870000,2802210000,2618240000,2456940000,2409780000
"O43148","RNMT",208407000,233321000,196712000,189201000,220564000,85426000,305397000,265540000,332579000,318860000,291101000,212220000,256740000,107930000,143144000,NA,162089000,172536000
"O43150","ASAP2",1219630000,1300260000,1356430000,1406150000,1534890000,1437940000,1218870000,1239940000,1122210000,1016580000,1076710000,912210000,700470000,578200000,686180000,534570000,468090000,543440000
"O43156","TTI1",48509000,37455000,45767000,37418000,43957000,51776000,39622000,34749400,22231000,27467100,30784200,9352600,19000700,28875600,24960100,20468800,24134300,23261100
"O43159","RRP8",NA,NA,NA,28924000,NA,NA,74188000,44439000,30322000,122794000,NA,26464000,NA,58472000,NA,NA,NA,NA
"O43164","PJA2",95778000,141254000,167190000,152637000,171023000,206947000,188245000,216162000,179179000,354077000,339528000,301667000,345900000,319695000,299617000,208632000,267950000,314042000
"O43166","SIPA1L1",22873000,30357000,76955000,71139000,42144000,18381000,40490000,17673000,23661000,11963000,NA,NA,17158000,20888000,18071000,15746000,NA,63226000
"O43169","CYB5B",640070000,742810000,740160000,900860000,603980000,925140000,5.64e+08,715840000,701180000,691080000,762080000,951950000,842810000,1250810000,1190460000,1345030000,1407560000,1098260000
"O43172","PRPF4",483450000,511990000,496860000,497240000,398920000,487720000,558930000,518690000,496420000,454620000,530740000,470240000,368050000,446120000,427770000,341870000,316903000,339610000
"O43175","PHGDH",4292600000,4252800000,4380400000,3740400000,4002200000,3837800000,4573100000,4573900000,4231900000,4185300000,4187300000,3862400000,4551600000,4494200000,4195500000,5225300000,5369600000,5153300000
"O43181","NDUFS4",242437000,200514000,219854000,189628000,217751000,194939000,261313000,243634000,244721000,279268000,259976000,234961000,253181000,221754000,249626000,220615000,193064000,223401000
"O43237","DYNC1LI2",1407220000,1611700000,1642310000,1523980000,1616090000,1733430000,1518160000,1450450000,1506030000,1528620000,1474690000,1755160000,1548640000,1742240000,1849280000,1766830000,1796790000,1754260000
"O43242","PSMD3",4369300000,4167500000,4002600000,4452200000,4318300000,4301300000,4399700000,4331300000,4500400000,4302200000,4364900000,4439200000,4640200000,4676300000,4621400000,4941500000,4865800000,4715100000
"O43251;A6NFN3","RBFOX2",359293000,430460000,386700000,267154000,270704000,253674000,578060000,639230000,511540000,632110000,535330000,530200000,613680000,596880000,503220000,467680000,505830000,647700000
"O43252","PAPSS1",2372710000,2310710000,2105750000,2175350000,2261720000,2134880000,1943780000,2408740000,1907700000,1939890000,1.666e+09,1638330000,1238740000,1012400000,1046080000,1002680000,1001730000,1020280000
"O43264","ZW10",532350000,556560000,5.73e+08,520040000,463130000,595800000,416290000,392050000,416640000,380250000,355260000,381460000,354690000,333650000,396050000,334340000,333630000,303676000
"O43290","SART1",842520000,763690000,803420000,780670000,768110000,626140000,869780000,832580000,809550000,915440000,784710000,719600000,754550000,705550000,645240000,582140000,602250000,637340000
"O43292","GPAA1",74195000,NA,30333000,132485000,116557000,119510000,74457000,NA,111475000,32596000,86188000,56952000,91493000,66364000,59455000,85641000,105611000,38230000
"O43293","DAPK3",79694000,82597000,1.26e+08,34600000,79223000,26028000,35822000,80938000,70409000,77096000,77123000,72783000,87513000,NA,87997000,77811000,122894000,98697000
"O43294","TGFB1I1",1.143e+09,1135550000,1017850000,861830000,938590000,941990000,603490000,546730000,579810000,544040000,552540000,592930000,614020000,719320000,640700000,715770000,869570000,749280000
"O43301","HSPA12A",137540000,NA,597970000,586300000,424020000,502610000,174290000,652960000,NA,725400000,757390000,664880000,854040000,891560000,609260000,1134550000,853760000,1381410000
"O43309","ZSCAN12",32147300,9401300,11993000,19926300,8804400,15045400,NA,8980700,27076100,17367500,9893500,24135300,7063800,17746000,16442500,7564800,12953800,NA
"O43310","CTIF",NA,NA,NA,25062000,NA,NA,NA,NA,NA,18613000,NA,NA,21267000,28864000,102303000,63907000,87606000,NA
"O43318","MAP3K7",117258000,109141000,115251000,127238000,161125000,121411000,108070000,105257000,94983000,118310000,107883000,90698000,113771000,88737000,83479000,88874000,81891000,63114000
"O43324","EEF1E1",928510000,912920000,878250000,707100000,649360000,599770000,761130000,789490000,675810000,694100000,711520000,666370000,651520000,611490000,628780000,709360000,677120000,673550000
"O43390","HNRNPR",4502100000,4.684e+09,4361300000,4398900000,4745200000,4281400000,5317200000,5230400000,5229700000,5426800000,5194800000,5.355e+09,4982500000,4509700000,4723700000,4409800000,4427300000,4315700000
"O43395","PRPF3",373400000,378010000,402190000,383430000,359420000,400150000,330331000,433390000,455740000,379850000,405180000,345701000,323734000,343270000,334312000,315633000,305497000,301110000
"O43396","TXNL1",2885310000,2596250000,2700490000,2810600000,2867380000,2563620000,2552560000,2777600000,2473030000,2872970000,2841260000,2291030000,2572590000,2372450000,2400460000,2053530000,2085430000,2166560000
"O43399","TPD52L2",4408500000,4508500000,4733900000,3813300000,4.001e+09,3777400000,2670830000,2867150000,2535340000,2910510000,2806820000,2517370000,2868890000,2654680000,2401030000,3011580000,2869770000,2857780000
"O43402","EMC8",90689000,146674000,42195000,NA,NA,NA,NA,NA,49128000,50116000,NA,78745000,84904000,NA,NA,119658000,NA,58183000
"O43414","ERI3",69427000,NA,NA,NA,NA,62149000,61744000,NA,NA,36747000,31373000,50805000,88552000,NA,111934000,72838000,NA,74571000
"O43432","EIF4G3",525890000,521430000,477190000,563900000,647330000,562940000,574390000,560710000,461120000,538880000,535870000,501090000,563190000,569580000,518090000,533270000,559190000,523440000
"O43447","PPIH",196232000,220342000,212236000,154902000,175290000,178750000,231146000,244945000,232808000,194605000,224180000,182356000,185872000,169436000,179833000,163532000,144285000,153717000
"O43464","HTRA2",145996000,58904000,89963000,71836000,112021000,32051000,95766000,31675000,100603000,135578000,71863000,131547000,114986000,122014000,162503000,133462000,130121000,104385000
"O43488;Q8NHP1;O95154","AKR7A2",1563460000,1644390000,1619950000,1955920000,2073200000,1944820000,2466160000,2.306e+09,2332890000,2267790000,2298820000,2257060000,2093710000,2296750000,2214080000,2223630000,2434810000,2053680000
"O43491;Q9Y2J2","EPB41L2",2864200000,2839940000,2757920000,2597650000,2986180000,2545590000,2684700000,2673700000,2468840000,2532030000,2390790000,2044280000,1836250000,1578570000,1517840000,1524280000,1408660000,1516590000
"O43493","TGOLN2",185659000,229862000,294633000,203361000,210013000,230926000,137929000,146535000,159805000,127427000,121681000,170464000,122994000,109297000,108554000,127001000,103580000,90826000
"O43504","LAMTOR5",1146500000,1140730000,1168480000,1132240000,1159770000,1003940000,955030000,892110000,920650000,943020000,974230000,849800000,1041370000,899200000,871540000,1021910000,958170000,1026200000
"O43516","WIPF1",143294000,151214000,161581000,132416000,88579000,158714000,137477000,145611000,103061000,163820000,149323000,168017000,151930000,146740000,200754000,73555000,142838000,40190000
"O43524","FOXO3",31881000,NA,NA,NA,50817000,73495000,60417000,36433000,34178000,39130000,15065000,NA,NA,NA,NA,NA,NA,NA
"O43583","DENR",866860000,951520000,1049840000,1195780000,950750000,995840000,1200420000,1166520000,1109770000,1150860000,1043790000,1135650000,1081110000,1081920000,1095640000,1169180000,1040250000,1117490000
"O43592","XPOT",968770000,1015780000,875300000,1054490000,1169640000,1007190000,1005880000,1003480000,949850000,935520000,941670000,1139870000,968430000,947260000,1157090000,1133360000,1096900000,1116210000
"O43598","DNPH1",NA,NA,50634000,49392000,113479000,42348000,51132000,43061000,33220000,111829000,NA,111437000,42382000,103476000,108666000,46040000,85974000,108586000
"O43615","TIMM44",1031160000,985340000,1005630000,987470000,1.019e+09,929180000,1299640000,1317960000,1259950000,1433760000,1396870000,1384020000,1458640000,1473040000,1421720000,1576890000,1603710000,1567070000
"O43617","TRAPPC3",243466000,314443000,334610000,279328000,265420000,333760000,275634000,260025000,303707000,221452000,236065000,242284000,117513000,223319000,222820000,221339000,215655000,195661000
"O43633","CHMP2A",649310000,617780000,558200000,695010000,702570000,588300000,606470000,618420000,587170000,802110000,712080000,770960000,699680000,658480000,645990000,659640000,580010000,603530000
"O43660","PLRG1",793040000,640870000,631080000,654080000,856530000,618210000,685480000,743900000,692450000,772770000,745190000,650320000,646410000,585840000,591460000,548240000,580300000,611530000
"O43670","ZNF207",1285560000,1201050000,1184460000,1062870000,1263800000,894870000,1213740000,1239300000,1162180000,1233740000,1198510000,1050100000,1063710000,830570000,765410000,761640000,729440000,931920000
"O43676","NDUFB3",100330000,59244000,50388000,216754000,70650000,133478000,334600000,293211000,261056000,342790000,366740000,217049000,342010000,286725000,218163000,312119000,290047000,331600000
"O43678","NDUFA2",181185000,224225000,237810000,213809000,126055000,191223000,229710000,209062000,223944000,157472000,257149000,230107000,246768000,167963000,216121000,253485000,262939000,254453000
"O43681","ASNA1",2092320000,2422620000,2299490000,2350590000,2202540000,2427920000,2764090000,2652040000,2646090000,2769420000,2773740000,2713950000,2479040000,2643560000,2630400000,2451670000,2527560000,2389440000
"O43684","BUB3",2061860000,1974340000,1934460000,1661010000,2018890000,1675040000,1640340000,1705210000,1777580000,1762720000,1581390000,1700610000,1247090000,1278380000,1239150000,1069380000,1193650000,1179950000
"O43707","ACTN4",7.1309e+10,6.7995e+10,6.9962e+10,6.4996e+10,6.7401e+10,6.3742e+10,6.999e+10,7.3245e+10,6.7668e+10,6.9443e+10,6.9106e+10,6.21e+10,6.0226e+10,5.8632e+10,5.7174e+10,5.5017e+10,5.321e+10,6.0007e+10
"O43708","GSTZ1",NA,17793000,20087000,32768000,66654000,36295000,57116000,45180000,67411000,40838000,43418000,46973000,42611000,66491000,54057000,82673000,81835000,63040000
"O43719","HTATSF1",293303000,265128000,311181000,295958000,314557000,300646000,336359000,336190000,303370000,346150000,276789000,287590000,344750000,311747000,260882000,272365000,323038000,318950000
"O43747","AP1G1",1963710000,1884550000,1820090000,2019760000,2107460000,1807850000,1759380000,1787070000,1952500000,1795340000,1688240000,1524130000,1793010000,1561470000,1638610000,1760590000,1667620000,1837080000
"O43765","SGTA",1438030000,1362600000,1567030000,1968680000,1963780000,1834910000,1980010000,1969700000,1774990000,2022570000,1922340000,2044230000,1943200000,1882340000,2229750000,2445290000,2172790000,2085250000
"O43768","ENSA",333701000,360210000,381850000,386030000,498650000,451600000,367560000,333500000,357800000,285853000,294402000,313212000,293523000,339040000,293573000,340157000,348730000,345110000
"O43776","NARS",4567100000,4871100000,4633600000,4.718e+09,4579800000,4365800000,4494100000,4636100000,4709600000,5002800000,5114900000,5102600000,5525100000,5314200000,5642200000,6068400000,6131100000,6203600000
"O43795","MYO1B",2691150000,2693530000,2632300000,2652510000,2645380000,2515870000,2986640000,2922360000,2781530000,2551220000,2650840000,2333840000,2042210000,1668240000,1717610000,1735110000,1578450000,1830540000
"O43809","NUDT21",2118570000,2019600000,2118760000,1608080000,1924610000,1472260000,2409190000,2297050000,2238240000,2304480000,2245610000,1788140000,1795070000,1591240000,1610200000,1561010000,1354980000,1675640000
"O43813","LANCL1",556490000,626880000,608120000,752880000,644950000,678890000,944210000,900800000,918310000,985280000,859200000,946890000,758020000,846540000,902330000,710710000,732820000,759400000
"O43815","STRN",849320000,763110000,698520000,738370000,812860000,733450000,690190000,837250000,6.83e+08,618430000,720530000,604030000,571180000,573740000,667300000,643930000,591580000,636880000
"O43818","RRP9",347530000,282365000,339440000,262853000,291707000,276946000,262835000,330020000,269299000,286321000,293264000,323993000,270164000,176582000,207525000,239559000,191709000,230800000
"O43823","AKAP8",163338000,170255000,134979000,93292000,168973000,102574000,181663000,195687000,178498000,163348000,168227000,172792000,163983000,88397000,161058000,108507000,77817000,139649000
"O43837","IDH3B",461920000,385420000,388111000,528040000,630960000,552430000,541530000,526270000,521180000,692560000,752710000,776030000,627320000,681010000,8.08e+08,670350000,545760000,638120000
"O43847","NRD1",1672610000,1444620000,1478050000,1344980000,1420740000,1332520000,1247090000,1179550000,1182040000,1290470000,1185850000,1261040000,1116190000,1214250000,1311040000,1284640000,1172930000,1397190000
"O43852","CALU",12355800000,11741800000,12362300000,14872600000,14709700000,15355500000,13466700000,13962100000,13157100000,12375700000,12745800000,13684600000,11690200000,1.3148e+10,13295900000,12683800000,12851200000,12439200000
"O43854","EDIL3",234794000,293489000,295039000,362750000,270833000,291567000,205052000,102964000,NA,197547000,153988000,160369000,298960000,273654000,307523000,357230000,386290000,338653000
"O43865","AHCYL1",429600000,418760000,412430000,434940000,590810000,501920000,463270000,522950000,428530000,513390000,423810000,422054000,344690000,342675000,400070000,195385000,311114000,181002000
"O43920","NDUFS5",247951000,251320000,285508000,221625000,230416000,222214000,348712000,380300000,306789000,335890000,353360000,280864000,356960000,338692000,309432000,367455000,407820000,431070000
"O43924","PDE6D",105714000,109008000,95723000,36274000,58673000,56383000,62684000,57376000,102493000,NA,32734000,51934000,30076000,26518000,NA,84741000,27146000,29922000
"O60216","RAD21",338060000,332690000,358610000,365810000,331831000,375990000,364870000,421220000,434480000,385991000,420820000,415550000,264215000,284836000,307573000,257465000,248844000,252481000
"O60231","DHX16",95252000,149871000,129584000,152201000,43840000,134057000,126141000,34826000,41031000,34358000,122173000,87239000,80466000,40443000,37113000,NA,NA,NA
"O60232","SSSCA1",209032000,205709000,256516000,227961000,202306000,158893000,159417000,105765000,135344000,241838000,197043000,182179000,209208000,188743000,128090000,300616000,260087000,262169000
"O60237","PPP1R12B",69240000,85443000,NA,NA,41328000,NA,62961000,91450000,99699000,367810000,342520000,325040000,757480000,7.12e+08,593710000,737970000,657220000,905970000
"O60238","BNIP3L",24836000,50082000,88294000,22970000,45687000,18570000,NA,15603000,NA,NA,NA,NA,NA,NA,NA,NA,NA,NA
"O60256","PRPSAP2",625370000,546950000,593480000,602800000,615160000,516480000,544470000,511750000,552400000,536740000,501860000,546830000,486760000,473080000,498310000,460930000,406410000,512990000
"O60264","SMARCA5",895020000,838180000,844150000,850030000,937090000,742630000,815530000,728290000,739390000,712830000,616750000,615520000,509780000,447980000,447720000,441800000,379043000,387669000
"O60271","SPAG9",2368370000,2012160000,2038030000,2216090000,2.383e+09,2137870000,1925040000,1749340000,1857850000,1805540000,1826180000,1561730000,1862890000,1.689e+09,1597160000,1683320000,1586390000,1666080000
"O60279","SUSD5",56850000,NA,NA,105889000,73114000,99214000,146910000,118380000,85512000,143068000,133081000,103156000,109524000,68845000,71471000,94225000,NA,NA
"O60292","SIPA1L3",123225000,84076000,76632000,NA,108435000,29657000,NA,NA,NA,10748000,9133200,NA,NA,NA,NA,NA,NA,NA
"O60306","AQR",87974000,163782000,104524000,113802000,96450000,81060000,127611000,136562000,140691000,127722000,33402000,77876000,65596000,90664000,72029000,50421000,43635000,67353000
"O60313","OPA1",1079940000,1323860000,1238900000,1159560000,1144020000,1167010000,1539870000,1538380000,1433240000,1567710000,1587770000,1.528e+09,1635580000,1474330000,1456820000,1413170000,1507350000,1583870000
"O60333;Q12756","KIF1B",288794000,139285000,247087000,299946000,286281000,304256000,309660000,317570000,314180000,359770000,369500000,334275000,320648000,311474000,309157000,263346000,285078000,248395000
"O60341","KDM1A",73624000,121423000,106239000,149572000,100316000,204027000,144385000,131953000,146005000,98708000,144682000,161287000,132343000,124316000,121282000,109413000,92850000,57658000
"O60437","PPL",NA,17902000,NA,NA,NA,NA,594540000,620650000,584210000,987640000,1132720000,1032430000,605940000,601480000,628160000,392270000,383660000,392850000
"O60443","DFNA5",637080000,523590000,539160000,668760000,724810000,677920000,762260000,644090000,795990000,653810000,689340000,736500000,582370000,574710000,579480000,555020000,555190000,590880000
"O60488","ACSL4",588430000,564460000,530010000,653770000,599920000,600880000,357516000,356630000,478010000,347500000,371857000,411100000,463650000,458190000,505460000,598330000,586090000,528210000
"O60493","SNX3",1690850000,1679710000,1591580000,1582960000,1475290000,1480630000,1752390000,1663400000,1598270000,1406850000,1593730000,1304120000,1406520000,1400570000,1233970000,1349870000,1175270000,1386540000
"O60502","MGEA5",190387000,226526000,239958000,208952000,211076000,216085000,173254000,162930000,185196000,152933000,157962000,180692000,118540000,138324000,177983000,142037000,136615000,142912000
"O60504","SORBS3",167608000,159840000,194586000,208932000,194568000,205447000,240067000,97753000,111197000,200226000,192016000,181785000,40357000,144183000,160140000,126163000,138800000,41912000
"O60506","SYNCRIP",13612700000,14252400000,15013100000,1.43e+10,15265600000,13618100000,13610100000,1.4207e+10,13431400000,13243800000,1.3298e+10,12437700000,12674800000,11563900000,11618100000,11838700000,10979200000,11471700000
"O60518","RANBP6",258931000,129744000,62716000,133760000,159165000,266936000,231736000,237359000,234273000,261863000,222559000,NA,204068000,262249000,47560000,171420000,148752000,212530000
"O60524","NEMF",166160000,194343000,181250000,174452000,180631000,169199000,150342000,145496000,166013000,141837000,171346000,161243000,53225000,157653000,160177000,139345000,100650000,94143000
"O60547","GMDS",74828000,62206000,45287000,50890000,90414000,31606000,76322000,92103000,46138000,96538000,95350000,55576000,115088000,97290000,62453000,61620000,96814000,119277000
"O60551","NMT2",141059000,88173000,NA,NA,NA,31242000,NA,41662000,38578000,30785000,37560000,NA,NA,NA,NA,NA,NA,NA
"O60563","CCNT1",25784600,25193300,NA,18556300,8382400,31958600,33714600,NA,10446000,16969800,25026000,NA,8649300,9523200,15345400,8629000,17613600,9121800
"O60568","PLOD3",1016410000,1099730000,1135970000,986560000,987030000,1029970000,778510000,813400000,780510000,623960000,631260000,766950000,601730000,661230000,788410000,684740000,828120000,664550000
"O60573","EIF4E2",292546000,258919000,279854000,264594000,275753000,216817000,260709000,205377000,246654000,268562000,242867000,223583000,289321000,308875000,281748000,242286000,331313000,270955000
"O60610","DIAPH1",1371800000,1327470000,1454750000,1366450000,1386490000,1389860000,1244260000,1200490000,1152670000,873720000,948280000,931540000,783470000,783620000,709820000,672390000,846400000,823620000
"O60613","SEP15",53575000,158290000,64111000,209570000,NA,121053000,202746000,200182000,227018000,129634000,172218000,45895000,NA,47746000,NA,49094000,70563000,81819000
"O60637","TSPAN3",26493000,77511000,NA,35363000,66970000,34975000,105257000,57751000,59568000,214456000,78075000,NA,258532000,107340000,94155000,129870000,228549000,139873000
"O60645","EXOC3",355258000,379710000,394410000,358320000,356870000,372910000,355060000,356690000,368430000,367770000,369300000,391200000,316600000,369970000,380660000,403320000,375730000,328035000
"O60662","KLHL41",2678910000,2439530000,2183910000,4085300000,3438100000,3562200000,6541300000,7026200000,7354300000,16938900000,16362900000,17031200000,27452500000,26504900000,2.5913e+10,2.897e+10,27611500000,28327800000
"O60664","PLIN3",7850200000,8006100000,8240700000,12389700000,12190400000,12536100000,1.2017e+10,11289200000,11982400000,11617200000,1.2005e+10,11732500000,14165900000,14137700000,1.423e+10,16328400000,16969200000,16199600000
"O60678","PRMT3",56873000,18147000,19563000,18923000,79182000,NA,NA,NA,NA,NA,19125000,NA,NA,NA,25590000,NA,NA,11811000
"O60684","KPNA6",753630000,723950000,770380000,745740000,812800000,781230000,715020000,683440000,713850000,728330000,770460000,709900000,741090000,730660000,748440000,638730000,6.85e+08,671020000
"O60701","UGDH",4682900000,4953300000,4839100000,4517200000,4330600000,4217100000,4157300000,3990700000,4159600000,3824100000,3860500000,3.623e+09,3.35e+09,3.48e+09,3624400000,3.353e+09,3355100000,3285400000
"O60711","LPXN",1033120000,900310000,886470000,835320000,883330000,837480000,963060000,991700000,975500000,728710000,717770000,639840000,532700000,532500000,520430000,384123000,404290000,352680000
"O60716","CTNND1",3031760000,2795770000,2737710000,2662500000,3107590000,2742040000,3000590000,2803550000,2875900000,3430100000,3423200000,3203900000,3553600000,3217300000,3389400000,3236300000,3045340000,3190700000
"O60739","EIF1B",74974000,117043000,111310000,101778000,102942000,116186000,23979000,26027000,77752000,94241000,104074000,135694000,117790000,113417000,119243000,122188000,134390000,93918000
"O60749","SNX2",694070000,700610000,644440000,608350000,691860000,587900000,756880000,753310000,699110000,750060000,708500000,640280000,652270000,648490000,627380000,613590000,683790000,643510000
"O60762","DPM1",567270000,674570000,637440000,749210000,658370000,803640000,629450000,640870000,660420000,655570000,660850000,727380000,514150000,571610000,672690000,577060000,526490000,536660000
"O60783","MRPS14",173278000,148138000,140823000,121167000,150271000,128141000,199679000,188825000,168758000,219028000,221538000,156550000,211284000,159689000,161077000,169541000,182309000,181822000
"O60784","TOM1",579030000,626480000,611800000,830250000,840220000,780590000,1772630000,1972890000,1918420000,2831990000,2815770000,2558870000,2809480000,2962500000,2735490000,2752930000,2685930000,2764330000
"O60826","CCDC22",463010000,395140000,438740000,358640000,387670000,368148000,387140000,461110000,408210000,407020000,401640000,326494000,380030000,420090000,399560000,405300000,449260000,424250000
"O60828","PQBP1",282340000,315840000,344110000,286509000,265457000,289133000,306540000,312830000,274533000,293290000,298664000,310143000,279925000,309267000,285128000,205040000,251075000,229097000
"O60831","PRAF2",121350000,146720000,53811000,389210000,151130000,424710000,NA,294070000,NA,249132000,321800000,222300000,135720000,110680000,115350000,NA,NA,NA
"O60832","DKC1",1279280000,1399090000,1317230000,1422780000,1313220000,1336100000,1613320000,1732430000,1756960000,1758680000,1747650000,1618820000,1521910000,1504750000,1494140000,1398300000,1482770000,1509700000
"O60841","EIF5B",3250800000,3244400000,3347200000,3072880000,3420100000,2758390000,2560430000,2557040000,2572420000,2958040000,2682750000,2370050000,2979700000,2529090000,2562340000,2684100000,2416360000,2678370000
"O60869","EDF1",508052000,808890000,1023600000,658220000,417808000,722480000,741100000,910850000,680230000,651700000,626141000,703150000,637910000,764410000,593900000,530760000,718750000,633570000
"O60884","DNAJA2",1902770000,1819160000,1894820000,1967690000,2058930000,1844570000,2012110000,1799370000,1797400000,1946940000,1932300000,1989680000,2092360000,2045960000,1900860000,1990470000,2033260000,2017050000
"O60885","BRD4",116422000,62150000,107542000,27275000,61303000,15062000,43788000,132757000,40741000,113146000,104862000,NA,49362000,75523000,NA,19876000,34943000,24582000
"O60888","CUTA",1232370000,1046160000,1195930000,1217190000,1192370000,1437400000,1127130000,1295350000,1242250000,1157050000,1127410000,1347180000,984810000,1198410000,1309260000,1097310000,1345030000,959950000
"O60890","OPHN1",NA,NA,19480000,18080000,26129000,NA,56621000,32162000,NA,28235000,NA,NA,32181000,44892000,53870000,51917000,96875000,NA
"O60925","PFDN1",991330000,870340000,905800000,853520000,701400000,750800000,879350000,756170000,777670000,691370000,797200000,632160000,821170000,624640000,627220000,958900000,710290000,869340000
"O60934","NBN",161642000,146884000,71745000,110773000,79599000,120475000,148004000,148948000,127648000,163731000,155317000,84715000,154794000,77985000,119307000,72011000,31495000,NA
"O60936","NOL3",337210000,364020000,408440000,498290000,457840000,419910000,447800000,500480000,401750000,434710000,476840000,383220000,430030000,403470000,411920000,554810000,494330000,514590000
"O75044;P0DMP2;P0DJJ0","SRGAP2",37942000,NA,39167000,53265000,119490000,111901000,NA,45574000,124140000,77538000,66405000,44923000,42554000,174317000,128629000,117705000,191703000,57681000
"O75063","FAM20B",NA,NA,NA,NA,NA,NA,NA,NA,NA,35605000,NA,NA,113924000,194909000,189576000,57631000,59489000,196377000
"O75083","WDR1",26801600000,25731200000,24981600000,25361900000,29398500000,26213600000,22187700000,23911300000,24503800000,25113600000,24179700000,22182700000,20724100000,1.8613e+10,2.0341e+10,1.8343e+10,17580400000,18670500000
"O75112","LDB3",NA,NA,NA,NA,NA,NA,52909000,90079000,106496000,936220000,7.85e+08,927550000,2958180000,3441200000,3639500000,5355300000,6245200000,5539400000
"O75113","N4BP1",40719000,NA,56230000,120957000,37009000,81842000,35604000,52454000,125982000,90224000,90522000,99482000,75559000,94012000,112375000,35634000,92525000,99192000
"O75116","ROCK2",1955680000,1903500000,1849770000,1995170000,2020910000,1865160000,1865390000,1848570000,1860280000,1805300000,1679280000,1626540000,1531650000,1462490000,1497490000,1223980000,1214560000,1298320000
"O75122","CLASP2",440150000,537310000,519530000,441870000,458930000,488250000,582110000,610810000,556150000,465770000,548670000,4.84e+08,473680000,492020000,472260000,438260000,465710000,471020000
"O75131;Q96A23;Q9UBL6","CPNE3",2294550000,2376700000,2298500000,2156420000,2293210000,2242510000,2385950000,2481640000,2424540000,2415070000,2464460000,2270390000,2013460000,1862940000,2000850000,1650030000,1591140000,1656010000
"O75147","OBSL1",133583000,NA,87166000,79472000,33434000,NA,130453000,20693000,128186000,210065000,287006000,325544000,697670000,695790000,622540000,780020000,874490000,907080000
"O75150","RNF40",317789000,290727000,266006000,248456000,346645000,202888000,171318000,148368000,196477000,241874000,227821000,180377000,163382000,59233000,NA,120149000,45024000,169724000
"O75153","CLUH",705510000,685620000,707180000,706830000,773520000,682790000,451140000,436860000,486130000,667570000,636180000,712620000,810620000,801020000,982570000,735760000,734170000,647380000
"O75155","CAND2",NA,NA,NA,NA,NA,NA,NA,NA,NA,159915000,181533000,167279000,282712000,277486000,327508000,238977000,236118000,244157000
"O75157","TSC22D2",132661000,135405000,142946000,78473000,163880000,87252000,93459000,123881000,41053000,96753000,92247000,58982000,104432000,40065000,33445000,123556000,56700000,93255000
"O75165","DNAJC13",1497640000,1410460000,1390280000,1334800000,1441390000,1346100000,1475140000,1337450000,1397790000,1353590000,1365690000,1359840000,1264130000,1283470000,1354670000,1258530000,1300030000,1294670000
"O75170","PPP6R2",82846000,NA,NA,39830000,96815000,97603000,NA,41541000,28248000,84655000,122326000,92463000,97254000,39464000,77375000,68704000,38094000,113865000
"O75175","CNOT3",217431000,NA,83229000,36118000,46527000,106361000,54354000,116144000,NA,36997000,NA,57657000,145877000,160744000,75312000,127849000,145057000,126709000
"O75179","ANKRD17",296067000,263108000,329890000,270150000,252992000,263302000,206595000,201249000,222376000,257214000,234376000,247841000,239059000,223873000,211621000,204999000,187189000,213161000
"O75190;Q8WWF6;Q8NHS0","DNAJB6",333590000,286610000,244066000,221107000,218014000,196905000,187024000,193506000,154809000,254209000,236491000,199934000,397660000,400130000,272441000,322791000,334826000,405656000
"O75208","COQ9",25963000,NA,NA,15823000,17653000,NA,28910000,130351000,24232000,141631000,161852000,152706000,213813000,143815000,160553000,186369000,161363000,241804000
"O75223","GGCT",165290000,178507000,195643000,171181000,164369000,101982000,181117000,179181000,152321000,144020000,173178000,114445000,139847000,121918000,77269000,160733000,152504000,166102000
"O75298","RTN2",99557000,125731000,234528000,341240000,280315000,369520000,848720000,903830000,869780000,759820000,767410000,745850000,756340000,775720000,751970000,944500000,948250000,874310000
"O75306","NDUFS2",8.86e+08,828050000,783840000,737770000,791920000,683320000,1010490000,1113040000,963130000,1194220000,1063790000,1096670000,1162640000,1028670000,1075030000,1058160000,1141780000,1130380000
"O75312","ZPR1",568760000,593460000,602240000,510320000,523120000,487580000,381050000,338730000,346170000,402370000,345540000,358300000,348470000,301955000,382800000,329622000,304502000,289401000
"O75323","GBAS",342940000,199958000,152360000,375400000,140700000,332370000,596250000,579570000,519850000,610550000,636010000,541530000,592460000,620470000,519070000,662010000,466550000,614490000
"O75326","SEMA7A",258076000,280072000,281893000,331670000,312494000,343990000,NA,NA,NA,NA,NA,NA,NA,NA,NA,NA,129162000,NA
"O75340","PDCD6",728210000,684470000,728660000,728220000,811560000,600530000,825910000,857440000,822870000,911220000,818140000,802480000,768040000,657810000,737900000,693200000,667770000,752290000
"O75347","TBCA",4144500000,4375800000,4.707e+09,5849500000,6403400000,5636600000,5.825e+09,5643300000,5236100000,5564200000,5637300000,4535100000,6098600000,5466100000,4863200000,5957900000,5353600000,5738200000
"O75348","ATP6V1G1",462760000,373400000,463570000,250170000,533430000,427060000,252400000,536720000,370270000,527570000,196840000,355850000,406980000,305596000,341380000,516740000,425410000,187161000
"O75351;Q6PIW4","VPS4B",1900860000,2002970000,2076370000,1870770000,1847290000,1862430000,1875790000,1803970000,1752810000,1581260000,1617480000,1537400000,1296800000,1253350000,1214590000,1059530000,1083960000,1075610000
"O75352","MPDU1",626220000,571960000,594900000,811330000,568810000,802550000,627030000,513490000,650750000,440370000,502590000,631300000,485350000,549780000,569540000,501820000,492180000,403540000
"O75367","H2AFY",2765270000,2709780000,2865520000,3559200000,3318600000,3406400000,5175400000,5129600000,5.172e+09,4958800000,5247100000,4797700000,4831100000,4403200000,4392800000,4.368e+09,4191800000,4.387e+09
"O75368","SH3BGRL",1583030000,1701890000,1744610000,2230160000,2674370000,2227840000,2928240000,3048220000,2577800000,2769130000,2526090000,2594640000,2351420000,2049850000,1907340000,2322900000,1992650000,2126750000
"O75369","FLNB",5.014e+10,4.8209e+10,4.8234e+10,4.1353e+10,4.5545e+10,4.1343e+10,3.9905e+10,3.9186e+10,3.6881e+10,30105700000,29441300000,25726900000,1.7988e+10,17339400000,16742500000,11097700000,10989200000,11811200000
"O75380","NDUFS6",453970000,454920000,379460000,459450000,602400000,392040000,710030000,635370000,548250000,752240000,683140000,540290000,714880000,674050000,495090000,606060000,581320000,639060000
"O75381","PEX14",158665000,239074000,228504000,180474000,216349000,140994000,225792000,230558000,183661000,200090000,219131000,185704000,218906000,167121000,86933000,203875000,177996000,215414000
"O75390","CS",6599200000,6560900000,7332500000,6641100000,6.253e+09,6212300000,7.308e+09,7.066e+09,7464300000,7333100000,7386300000,7543200000,7239400000,7624800000,7171200000,6557700000,6966300000,6719300000
"O75391","SPAG7",199526000,196569000,264686000,199011000,202762000,225753000,225592000,191676000,221284000,218605000,245628000,202734000,216740000,192435000,162237000,174257000,140064000,196296000
"O75396","SEC22B",3290200000,3019270000,3111700000,3283700000,3715700000,3848400000,3251600000,2996400000,3144100000,2914350000,2797420000,3.13e+09,2565330000,2704190000,2774200000,2486790000,2627400000,2658930000
"O75400","PRPF40A",570300000,622920000,636380000,613260000,540270000,587380000,685200000,695430000,631640000,615080000,690880000,565390000,555770000,553210000,486330000,524480000,484620000,555100000
"O75410","TACC1",792150000,738170000,711350000,636220000,889770000,607920000,496820000,471460000,455090000,636150000,554510000,479640000,535280000,457680000,433500000,332270000,353300000,374904000
"O75427","LRCH4",84555000,27669000,96010000,81339000,107882000,89968000,89648000,97429000,82289000,76561000,102339000,52665000,56646000,26701000,NA,44637000,NA,80019000
"O75431","MTX2",169791000,287646000,271881000,302266000,135890000,287471000,348022000,259536000,376290000,167431000,286528000,397760000,256310000,407930000,368230000,315556000,383150000,353407000
"O75436","VPS26A",1947580000,2062370000,1933380000,1894880000,2109500000,1800280000,1752340000,1807340000,1781310000,1597280000,1651780000,1655140000,1476700000,1254370000,1513590000,1513070000,1511480000,1535870000
"O75438","NDUFB1",204088000,179122000,200200000,169910000,189746000,154757000,221817000,225423000,241917000,282883000,298848000,244414000,259635000,221933000,210583000,233393000,243757000,257839000
"O75439","PMPCB",1454110000,1334490000,1375540000,1192800000,1300280000,1241280000,1484730000,1484710000,1517160000,1534180000,1463560000,1555160000,1387470000,1585250000,1610420000,1409950000,1604430000,1291380000
"O75448","MED24",279190000,866570000,510560000,289690000,429960000,NA,NA,NA,NA,NA,NA,NA,117470000,371300000,NA,NA,NA,NA
"O75475","PSIP1",664980000,796700000,962930000,864730000,755810000,690470000,826380000,822190000,719380000,646920000,645810000,630360000,422020000,328576000,464230000,436950000,337570000,347852000
"O75477","ERLIN1",553740000,532870000,466860000,489050000,541830000,422510000,367880000,354290000,414290000,250173000,288635000,265288000,205230000,168715000,181815000,145418000,158520000,152937000
"O75489","NDUFS3",1143360000,1066910000,1065350000,996530000,980920000,987780000,1441980000,1390560000,1352280000,1358800000,1309420000,1282860000,1334540000,1276450000,1353630000,1330580000,1383240000,1276530000
"O75494;Q8WXF0","SRSF10",739290000,865090000,920170000,709950000,757020000,633110000,909490000,971560000,939790000,859420000,886230000,776120000,647270000,602490000,571570000,576610000,447750000,525060000
"O75503","CLN5",42417000,NA,82866000,45574000,72692000,35455000,88999000,109778000,131783000,139341000,NA,44404000,NA,32340000,NA,NA,NA,NA
"O75506","HSBP1",682040000,775430000,742580000,637080000,726570000,666410000,446990000,558650000,579020000,623850000,383120000,584130000,510350000,501740000,356650000,172620000,365330000,374640000
"O75521","ECI2",292547000,243525000,305513000,278158000,303930000,316986000,383100000,359170000,413470000,366060000,393360000,388130000,413660000,403800000,458450000,492180000,487110000,457360000
"O75525","KHDRBS3",177495000,176421000,210631000,165484000,190472000,153733000,273674000,248848000,219517000,208793000,210296000,163941000,150993000,135769000,136091000,153843000,152167000,154574000
"O75531","BANF1",5620200000,5280500000,5398500000,6303100000,5843600000,6576900000,6311700000,6755500000,7054300000,6395800000,6044700000,7073400000,6135400000,6925700000,6222300000,6682600000,7753200000,5991200000
"O75533","SF3B1",5192900000,5431700000,5192400000,5391200000,5387200000,5234800000,5.929e+09,5589200000,5904200000,5.431e+09,5575300000,5711200000,4953900000,5160800000,5354300000,4420600000,4167500000,4303500000
"O75534","CSDE1",3893600000,3915300000,3596900000,3258200000,3975900000,3120130000,2472850000,2498060000,2433160000,3212400000,3308070000,2896740000,3098790000,2781590000,2.864e+09,2574780000,2582840000,2764540000
"O75569","PRKRA",1301390000,1390350000,1383660000,1403840000,1586400000,1467860000,1706390000,1902210000,1529800000,1807990000,1811540000,1338230000,1833770000,1421940000,1515420000,1614790000,1406780000,1702810000
"O75578","ITGA10",333560000,223120000,NA,406560000,584160000,3.67e+08,457890000,147310000,313760000,NA,NA,NA,NA,NA,NA,NA,NA,NA
"O75607","NPM3",536260000,490290000,494410000,374170000,505900000,425270000,392103000,455810000,370240000,429810000,359770000,425360000,427850000,345420000,382440000,318846000,294389000,335559000
"O75608","LYPLA1",654730000,651150000,679640000,582310000,580370000,630480000,590390000,602090000,649740000,586680000,617670000,648180000,516720000,532670000,522910000,510250000,508020000,533330000
"O75629","CREG1",NA,NA,NA,NA,NA,NA,64136000,NA,65774000,63760000,66275000,101270000,53382000,NA,NA,NA,NA,NA
"O75643","SNRNP200",6396200000,6402500000,6057900000,6394100000,6402200000,6066100000,6894600000,6.516e+09,7087500000,6610600000,6688800000,6703100000,5.997e+09,5794800000,6158500000,5148500000,5207900000,5224100000
"O75663","TIPRL",364230000,366350000,327291000,481800000,4.56e+08,497160000,422540000,384030000,420410000,370480000,369760000,451720000,344342000,391040000,426970000,403180000,401780000,349510000
"O75674","TOM1L1",37137000,55396000,30487000,88281000,NA,69886000,58110000,30321000,42770000,NA,NA,30900000,NA,22291000,65822000,18772000,42952000,NA
"O75688","PPM1B",43642000,115143000,NA,NA,189007000,44083000,106861000,107848000,71492000,51504000,90442000,57046000,168728000,187885000,139492000,218545000,159877000,194734000
"O75691","UTP20",251933000,289364000,290010000,215099000,213236000,209753000,155931000,227763000,157496000,211690000,199181000,192897000,54480000,173052000,205651000,86292000,104222000,128667000
"O75694","NUP155",1045560000,1056280000,978080000,970010000,1036490000,949520000,1092940000,1054430000,1078670000,1035190000,1089770000,976040000,864520000,854050000,859350000,797950000,716750000,781920000
"O75695","RP2",254449000,253815000,267374000,219947000,228932000,189699000,262038000,263397000,261928000,236142000,201232000,213013000,172566000,143646000,163288000,132601000,132228000,125711000
"O75717","WDHD1",209817000,206727000,216744000,151147000,126389000,151278000,NA,NA,NA,NA,NA,NA,NA,NA,NA,NA,NA,NA
"O75718","CRTAP",1480060000,1567010000,1698120000,1594130000,1522110000,1514250000,1432910000,1249810000,1267280000,1111020000,1283580000,1129500000,982750000,1197720000,1054550000,1104840000,1091440000,1064930000
"O75746","SLC25A12",691250000,538370000,716440000,555120000,651150000,597870000,694020000,719700000,778300000,933340000,814550000,834060000,886110000,688620000,937440000,796970000,695800000,846480000
"O75781","PALM",NA,NA,NA,NA,NA,NA,32689000,NA,35282000,NA,NA,NA,NA,78846000,31366000,47233000,60389000,74349000
"O75787","ATP6AP2",66559000,30178000,40695000,51971000,24089000,25260000,31790000,43177000,NA,66397000,45680000,NA,69382000,47152000,71020000,NA,24021000,NA
"O75792","RNASEH2A",20631000,32461000,37622000,NA,69916000,NA,NA,NA,21797000,16184000,NA,NA,NA,NA,NA,NA,NA,NA
"O75794","CDC123",35252000,84942000,108522000,74101000,121566000,79014000,35854000,48483000,65005000,64596000,37835000,NA,30164000,34218000,NA,34510000,15575000,40778000
"O75815","BCAR3",103286000,146276000,132636000,39580000,83779000,NA,66185000,40478000,34701000,NA,47814000,NA,NA,NA,NA,NA,NA,NA
"O75817","POP7",NA,32722000,NA,63118000,NA,NA,36185000,62765000,93496000,NA,31202000,27767000,37185000,62180000,63446000,NA,NA,NA
"O75818","RPP40",123425000,128874000,128622000,118088000,31216000,67105000,161706000,115184000,133616000,113182000,128451000,174249000,27717000,99423000,102121000,104696000,143824000,126571000
"O75821","EIF3G",3119950000,3099680000,3009160000,2842290000,2938140000,2813110000,2548010000,2665870000,2306510000,2693870000,2586700000,2385910000,2431120000,2443090000,2385040000,2121950000,2119450000,2226640000
"O75822","EIF3J",2632170000,2331290000,2676190000,2607120000,2639660000,2583440000,2294180000,2251700000,2144550000,2349320000,2159450000,2199090000,2475400000,2367560000,2381440000,2645530000,2379860000,2536750000
"O75828","CBR3",NA,75821000,207076000,169526000,236916000,116041000,154492000,199259000,136779000,138402000,194891000,91746000,117407000,NA,67411000,121479000,37045000,66412000
"O75832","PSMD10",896380000,793320000,759920000,824250000,907440000,878500000,990910000,1036350000,870230000,1058930000,1095030000,1076900000,1.156e+09,1021460000,978080000,1090650000,1059710000,1006190000
"O75844","ZMPSTE24",620040000,559980000,603050000,588530000,676940000,541730000,514790000,560840000,529620000,603890000,549810000,552520000,561520000,587160000,601850000,534530000,600210000,594950000
"O75874","IDH1",2158400000,2140170000,2150820000,2158780000,2027590000,2018570000,2512150000,2578030000,2542560000,2467910000,2338250000,2184820000,2132170000,2280560000,2195940000,2442210000,2677130000,2489570000
"O75880","SCO1",180375000,292181000,260526000,227597000,273758000,187046000,309256000,372640000,259102000,408680000,443680000,280680000,506130000,339413000,242760000,444650000,380540000,468800000
"O75884","RBBP9",389990000,368780000,265398000,356390000,449160000,313581000,541370000,395520000,383190000,486180000,4.32e+08,366390000,365950000,306363000,249305000,376188000,294756000,383060000
"O75886","STAM2",108180000,66751000,108685000,NA,NA,75378000,NA,45530000,45456000,49023000,NA,154907000,NA,NA,77643000,NA,NA,NA
"O75891","ALDH1L1",NA,NA,150850000,NA,115750000,241990000,458390000,138740000,NA,404500000,161540000,NA,535340000,NA,NA,242610000,969270000,951310000
"O75907","DGAT1",NA,NA,28086000,22683000,26596000,NA,15124000,28864000,NA,46442000,18304000,NA,64282000,36428000,NA,27763000,36746000,59326000
"O75915","ARL6IP5",1104160000,1123070000,1088840000,1383730000,1085390000,1122730000,2056410000,2049970000,2072390000,2863240000,2585040000,2313660000,3.119e+09,3149440000,2634430000,3250100000,3063830000,3045690000
"O75923","DYSF",12340400000,12168100000,11568200000,14484100000,14831900000,14275600000,16307800000,16856200000,1.6738e+10,21390100000,2.0775e+10,2.0245e+10,26097700000,24754800000,25459700000,27025600000,26365600000,28454700000
"O75934","BCAS2",504610000,558770000,469640000,347880000,584720000,327399000,530740000,608730000,405610000,545320000,466070000,392260000,500980000,309253000,366380000,414120000,352050000,420410000
"O75935","DCTN3",777630000,727500000,696220000,620940000,769860000,680860000,651190000,660520000,607120000,649300000,668970000,553130000,620300000,665910000,645360000,640600000,605670000,674500000
"O75937","DNAJC8",994160000,1036950000,1093630000,956300000,906020000,1074250000,1061730000,1144860000,1066790000,1006970000,1012650000,1054100000,749040000,824970000,902160000,680640000,723180000,653120000
"O75940","SMNDC1",330337000,296029000,319620000,311020000,319679000,406918000,276029000,315905000,272418000,327010000,280440000,336024000,239060000,279282000,230676000,224706000,213368000,206531000
"O75947","ATP5H",2502350000,2577400000,2519910000,3018450000,3231840000,2928810000,3605900000,3148290000,3574800000,3580600000,3793600000,3.643e+09,3776600000,3993800000,3858900000,3983700000,4267700000,3.802e+09
"O75953","DNAJB5",NA,NA,NA,NA,36318000,NA,62611000,NA,NA,127742000,131069000,27553000,164259000,181902000,153542000,138483000,148550000,145684000
"O75955","FLOT1",699690000,690850000,683300000,636570000,714060000,630810000,528880000,534880000,590990000,600600000,628870000,589950000,594270000,573490000,619740000,554670000,581710000,609810000
"O75962","TRIO",869950000,855660000,868880000,912070000,864530000,908970000,742460000,770590000,668630000,715380000,722990000,698120000,659220000,666490000,639870000,604770000,592390000,646150000
"O75964","ATP5L",535890000,393360000,368460000,586380000,639040000,583840000,698880000,628820000,572010000,770950000,808070000,628110000,736440000,755490000,772570000,701710000,691600000,744200000
"O75970","MPDZ",337950000,310402000,317349000,292908000,329220000,331880000,358980000,418320000,348840000,390810000,383950000,303670000,360802000,318190000,284080000,285466000,233675000,285869000
"O75976","CPD",309301000,332860000,325671000,299758000,285376000,313001000,335694000,339385000,356070000,265099000,300267000,293718000,442040000,430280000,383620000,423920000,423400000,436700000
"O76003","GLRX3",2684440000,2932720000,2891890000,2617240000,2875500000,2529050000,2269230000,2516420000,2299610000,2227640000,2.068e+09,2065780000,2115120000,1958720000,1989580000,1895540000,1781310000,1817630000
"O76021","RSL1D1",825770000,792380000,851070000,1091100000,1065110000,951960000,1109270000,1097890000,1122100000,1087820000,1086960000,1022460000,1139940000,984280000,1021920000,900690000,839700000,857260000
"O76024","WFS1",72405000,17892000,49410000,17598000,NA,NA,NA,19299000,NA,13288000,NA,NA,36879000,38927000,NA,NA,19386000,43366000
"O76031","CLPX",561120000,549790000,586980000,471040000,508050000,536050000,574450000,550350000,522790000,537700000,525900000,549050000,440980000,483520000,489660000,455670000,481150000,467780000
"O76054;Q9UDX4","SEC14L2",309366000,260925000,241682000,316545000,318838000,270268000,274318000,222835000,230834000,136050000,209574000,103950000,88893000,168208000,107246000,51885000,128717000,62903000
"O76061","STC2",122694000,130196000,151377000,209593000,183404000,145429000,23359700,29581800,27859800,38938600,68472000,68948000,6239400,24227100,24161700,11120100,10090600,15755400
"O76071","CIAO1",291291000,265235000,265832000,322686000,275467000,330269000,271510000,289115000,291556000,301139000,311826000,273183000,256943000,268358000,344480000,257893000,284933000,258078000
"O76094","SRP72",1102850000,862670000,825740000,1124770000,1017750000,1068200000,872560000,757160000,905750000,908900000,1012210000,963800000,884990000,1022430000,1040130000,998320000,948760000,915300000
"O94760","DDAH1",1929630000,2012640000,2060600000,2075260000,2396180000,2039740000,2286390000,2166250000,2037780000,1803460000,1700270000,1545860000,1597060000,1384930000,1381240000,1230290000,1236890000,1265240000
"O94763","URI1",117881000,97893000,97442000,126250000,124470000,123051000,125684000,87517000,107787000,112024000,124382000,56897000,141692000,110276000,89197000,105984000,71195000,110268000
"O94766","B3GAT3",265777000,264368000,234961000,252128000,213061000,218884000,200120000,170704000,203842000,196401000,199256000,181537000,196622000,189890000,207665000,199200000,192123000,182671000
"O94768","STK17B",66590000,113870000,81094000,41432000,35979000,87995000,12201000,NA,13562000,27784000,31372000,36813000,21336000,25173900,18058500,NA,27982300,10722000
"O94776","MTA2",626480000,595150000,578540000,588140000,659960000,594050000,545020000,495700000,459390000,478600000,496130000,384310000,401900000,412410000,397740000,363116000,299719000,327870000
"O94804","STK10",509930000,498080000,406340000,415670000,470440000,444110000,290315000,341910000,292489000,347390000,338620000,276230000,483010000,432290000,310443000,280390000,345823000,473520000
"O94808","GFPT2",1953160000,1761810000,1951060000,2681680000,2825900000,2780740000,1118130000,1093490000,1264250000,493660000,547740000,468600000,73525000,75903900,143259000,28305700,25007000,26358000
"O94822","LTN1",249320000,227499000,191284000,191570000,262687000,201493000,205942000,100390000,187938000,158031000,158346000,184228000,193725000,189396000,183311000,154094000,158224000,148025000
"O94826","TOMM70A",2617500000,2261520000,2419270000,2436300000,2801760000,2390100000,2903970000,2747840000,2672920000,3.176e+09,2920040000,2774900000,3192100000,3149600000,2979860000,2988430000,2852870000,2988780000
"O94832","MYO1D",695950000,691540000,811330000,1046300000,1029220000,983270000,1422140000,1385040000,1532520000,1309930000,1401900000,1490270000,947780000,981090000,1013740000,777170000,778890000,758810000
"O94851","MICAL2",300948000,332410000,312840000,388480000,328580000,397560000,196242000,50441000,123417000,NA,124390000,NA,NA,NA,38043000,76322000,43214000,NA
"O94855","SEC24D",2014200000,1908340000,1824220000,1970680000,2283050000,1913280000,1789110000,1795760000,1805600000,1891490000,1970200000,1618340000,2201820000,1933670000,1897700000,2028400000,1892510000,2092690000
"O94874","UFL1",925190000,1039490000,965490000,1050050000,1019180000,990100000,884810000,852420000,921320000,916190000,898490000,827830000,917980000,930150000,926070000,1020250000,955230000,963090000
"O94875","SORBS2",64739000,85927000,82537000,111728000,118671000,141673000,148685000,149396000,109016000,212107000,238319000,120734000,782040000,767510000,631810000,1537460000,1770390000,1344890000
"O94888","UBXN7",414640000,368510000,412440000,297518000,393340000,343024000,526640000,539420000,518860000,459970000,408940000,376960000,340240000,280271000,267761000,242529000,195291000,238277000
"O94901","SUN1",511130000,542560000,557300000,594340000,665870000,563820000,703930000,651960000,719810000,674860000,670490000,655260000,624060000,749530000,654530000,610220000,689450000,641970000
"O94903","PROSC",439240000,403340000,438240000,523090000,498670000,504970000,501330000,443360000,447840000,511500000,453230000,528490000,533090000,574340000,589240000,509430000,577440000,514150000
"O94905","ERLIN2",1833300000,1790650000,1770290000,1777730000,1888150000,1597540000,1676610000,1657550000,1637810000,1690740000,1511380000,1471030000,1389050000,1131700000,1248300000,1229520000,1200440000,1190650000
"O94906","PRPF6",1036360000,1010330000,783360000,789210000,1097190000,757480000,843860000,1058380000,799570000,1028480000,963030000,905130000,913330000,786940000,857400000,682370000,702060000,890010000
"O94915","FRYL",151741000,167723000,156524000,149188000,139472000,215505000,121946000,107652000,90212000,83219000,98230000,232730000,24013000,129859000,170271000,79579000,96611000,86545000
"O94916","NFAT5",8231700,NA,7057500,NA,NA,NA,NA,NA,NA,NA,NA,NA,9590300,40143000,6699300,24955000,39117000,44054000
"O94919","ENDOD1",462280000,434610000,434190000,369820000,402180000,345650000,467600000,519230000,442440000,629270000,618140000,609890000,746230000,749340000,671830000,683620000,715740000,651930000
"O94925","GLS",3893900000,3462800000,3455400000,3726200000,3901500000,3625800000,3323100000,3526200000,3330500000,3066400000,2936890000,2712330000,2981780000,2759280000,3059060000,2989100000,3192500000,3109610000
"O94929;Q6H8Q1","ABLIM3",311114000,249393000,273367000,403120000,405140000,371610000,422990000,483430000,480650000,779590000,833260000,812620000,1323750000,1146390000,1271970000,1880870000,1785120000,1918860000
"O94967","WDR47",109564000,111535000,107676000,105128000,107021000,72470000,90836000,87807000,81112000,84192000,82503000,61581000,78535000,70664000,62009000,81040000,61193000,78634000
"O94973","AP2A2",2256770000,2104130000,2097370000,2329030000,2417350000,2272810000,2495560000,2367420000,2637230000,2458870000,2381230000,2362770000,2105930000,2130700000,2091880000,2040290000,2018100000,1966560000
"O94979","SEC31A",7.515e+09,7232900000,7465600000,7227900000,7821600000,7321100000,6290600000,6372200000,6338300000,6886100000,6775800000,5929500000,6.665e+09,6248800000,6641900000,6160900000,6301200000,6.337e+09
"O94992","HEXIM1",419290000,359310000,343399000,381570000,444530000,307266000,574670000,554090000,501930000,566600000,609770000,427970000,409700000,343770000,280218000,273705000,231822000,289419000
"O95071","UBR5",75674000,95113000,171163000,203069000,NA,134971000,NA,NA,42353000,NA,NA,60381000,NA,29077000,30750000,34278000,82757000,NA
"O95084","PRSS23",NA,6071400,12394700,22405200,14901000,11732000,NA,NA,7113500,NA,NA,NA,NA,NA,NA,NA,14526600,7136400
"O95104","SCAF4",241407000,213914000,224609000,274111000,247266000,259321000,252065000,235716000,267581000,233326000,209058000,264804000,222542000,213040000,250660000,103658000,153589000,168811000
"O95140","MFN2",19585000,15715000,25315000,NA,NA,42542000,NA,30484000,NA,NA,17450000,34167000,19567000,NA,NA,37263000,13831000,30877000
"O95149","SNUPN",34489000,37522000,56223000,43639000,52434000,55675000,67890000,37428000,49286000,55948000,45198200,32466800,24035000,25713000,10224000,19564900,8850700,33905400
"O95153;Q9UFD9","BZRAP1",46380000,2.9e+07,18811000,31795000,62682000,34888000,106686000,65545000,47965000,61232000,58424000,62172000,65039000,NA,31290000,42808000,NA,84597000
"O95155","UBE4B",107204000,99339000,77977000,45694000,NA,50999000,87031000,80561000,NA,28233000,88707000,113525000,133250000,83097000,36741000,85573000,127725000,127201000
"O95159","ZFPL1",264171000,243216000,217621000,229295000,269018000,225668000,230039000,201856000,202804000,211488000,246731000,158079000,258527000,255657000,219011000,294290000,279146000,312527000
"O95163","IKBKAP",222256000,226553000,229799000,218126000,189431000,198212000,134574000,151687000,111723000,160042000,178423000,167767000,132222000,173849000,155901000,170929000,144588000,171912000
"O95168","NDUFB4",510870000,474090000,503610000,521320000,662400000,535400000,799480000,715050000,721250000,775770000,777580000,688540000,717370000,722350000,787280000,741250000,796270000,769170000
"O95169","NDUFB8",40590000,32188000,38198000,125640000,100836000,39094000,125947000,157083000,151132000,121950000,126298000,116961000,161758000,160616000,127066000,124965000,208982000,116786000
"O95182","NDUFA7",281705000,279727000,238512000,320382000,395830000,267288000,384960000,402420000,353920000,414250000,404640000,318150000,464920000,366570000,293789000,413570000,353510000,432870000
"O95183","VAMP5",839790000,768070000,855990000,674440000,760280000,1033440000,1211600000,918650000,878160000,847910000,928270000,765570000,663430000,868760000,645910000,722580000,702020000,696260000
"O95197","RTN3",174960000,380800000,595320000,704650000,424620000,694040000,789850000,NA,775320000,NA,569820000,695070000,NA,786140000,764420000,183110000,578620000,NA
"O95202","LETM1",877420000,915120000,873090000,963980000,922690000,953690000,1273090000,1154360000,1183820000,1148250000,1230140000,1302240000,1123250000,1178360000,1306980000,1047340000,1001360000,983930000
"O95218","ZRANB2",404750000,352343000,356100000,362266000,328524000,309744000,420720000,544350000,470340000,452750000,428610000,474320000,374380000,397570000,349940000,320541000,350260000,320027000
"O95219","SNX4",286638000,272660000,245576000,250826000,258229000,270444000,237565000,254697000,219907000,242886000,236580000,245367000,225354000,218345000,234821000,205762000,210052000,229544000
"O95232","LUC7L3",696750000,534860000,595860000,626780000,645600000,601320000,746030000,726270000,715370000,694670000,644300000,589030000,585920000,543590000,443370000,398270000,452290000,474130000
"O95235","KIF20A",102790000,108008000,123150000,32869000,112542000,103355000,NA,NA,NA,NA,NA,NA,NA,NA,NA,NA,NA,NA
"O95239","KIF4A",316572000,324420000,302903000,229461000,252942000,252877000,121883000,NA,88313000,NA,NA,NA,NA,NA,NA,NA,NA,NA
"O95248","SBF1",11590000,47242000,33548000,13812000,NA,27682000,35420000,23967100,41432400,13489000,40415000,36875000,38255000,41272000,21012000,37204000,66330000,67657000
"O95249","GOSR1",144912000,143428000,168449000,170612000,164669000,46281000,83189000,31278000,79406000,122273000,137828000,108100000,129252000,48845000,79729000,134877000,70218000,135103000
"O95260","ATE1",83289000,52573000,24840000,23086000,43743000,32878000,68051000,79593000,70808000,85760000,95373000,81645000,47192000,57165000,80126000,49905000,62716000,85822000
"O95292","VAPB",1651090000,1458740000,1527430000,1318480000,1813540000,1236270000,1376650000,1451510000,1230580000,1734170000,1.623e+09,1134660000,1893840000,1626320000,1425600000,1934290000,1.649e+09,2105130000
"O95295","SNAPIN",357910000,287966000,292532000,284670000,314386000,308079000,283164000,311738000,186554000,330787000,284650000,271267000,316670000,347020000,301680000,344640000,352160000,357140000
"O95297","MPZL1",89274000,52277000,83359000,80474000,123701000,38019000,71640000,81091000,30275000,58046000,23414000,NA,NA,NA,NA,NA,NA,NA
"O95298;E9PQ53","NDUFC2;NDUFC2-KCTD14",441250000,324310000,324909000,326550000,414610000,311629000,486250000,510480000,437460000,549690000,516920000,399560000,573890000,468070000,414530000,482240000,446130000,593790000
"O95299","NDUFA10",511760000,465040000,474800000,493610000,529490000,488620000,774300000,660760000,741620000,827750000,775170000,786160000,686930000,607420000,761680000,686450000,705190000,757330000
"O95302;Q75LS8","FKBP9",1560570000,1736650000,1.979e+09,2124920000,1700640000,2056450000,1959020000,1889810000,1995290000,1675930000,1627380000,1707740000,1431050000,1590070000,1548040000,1646270000,1690760000,1562380000
"O95319","CELF2",9.74e+08,991430000,863860000,1031060000,1310930000,1050890000,1217600000,1222060000,1235950000,1226430000,1195280000,1167650000,1102930000,959600000,1057170000,948900000,938910000,978690000
"O95336","PGLS",3418500000,3394900000,3343600000,3142240000,3.724e+09,3739200000,3707200000,3829800000,4018900000,3812400000,3712800000,3774600000,3444570000,3359200000,3457200000,3502500000,3643800000,3333800000
"O95340","PAPSS2",2769920000,2665760000,2632100000,2076860000,2360640000,1941410000,1658310000,1517490000,1621010000,1008450000,1105870000,986240000,751070000,643030000,678650000,485660000,515280000,486270000
"O95347","SMC2",2727520000,2595190000,2658710000,2272530000,2642470000,2281010000,1215300000,1443730000,1341830000,792430000,669810000,558590000,234783000,198209000,174929000,NA,81632000,111899000
"O95352","ATG7",247755000,189423000,242021000,222768000,235236000,212024000,223504000,223160000,210346000,213971000,233782000,230579000,179610000,180588000,188886000,54274000,186274000,110753000
"O95359","TACC2",169051000,64040000,127906000,138854000,193192000,183446000,166146000,207661000,197589000,319410000,277500000,308869000,383501000,390430000,343903000,364595000,338702000,394500000
"O95361;Q309B1","TRIM16",506010000,427190000,414050000,401780000,473140000,417230000,417330000,451190000,414420000,467340000,392250000,386070000,412850000,343540000,384070000,394410000,411680000,401730000
"O95372","LYPLA2",581990000,456840000,485130000,517640000,593500000,623630000,484590000,478660000,528150000,515880000,541390000,631270000,484680000,571940000,583430000,521760000,627950000,407620000
"O95373","IPO7",5621900000,5557900000,5668700000,6015100000,5650700000,6167700000,4201400000,4278500000,4619300000,4198900000,4665100000,4870200000,4663300000,4922900000,5308800000,5260500000,5449100000,4897800000
"O95376","ARIH2",67623000,98026000,59357000,NA,116971000,42689000,120372000,66308000,33224000,NA,NA,NA,NA,NA,NA,NA,NA,NA
"O95394","PGM3",1583420000,1651760000,1599070000,1243420000,1469480000,1083310000,1380820000,1372540000,1173660000,1164620000,1222180000,1058630000,1233320000,1107730000,938890000,1288420000,1247190000,1353620000
"O95396","MOCS3",29658000,56290000,26347000,58925000,31938000,27687000,NA,25739000,NA,53110000,41338000,54327000,NA,27486000,53342000,46442000,NA,29224000
"O95400","CD2BP2",159644000,132889000,187960000,165731000,60268000,NA,180210000,47945000,135036000,47795000,167368000,NA,NA,NA,NA,50029000,43097000,54322000
"O95425","SVIL",NA,NA,NA,NA,NA,NA,NA,NA,NA,55474000,NA,48567000,163466000,165228000,167297000,90155000,133483000,178560000
"O95433","AHSA1",1489670000,1611870000,1703540000,1638430000,1477370000,1714020000,1566600000,1489990000,1433150000,1599900000,1635890000,1753630000,1684410000,1779150000,1901070000,1901310000,1805140000,1756620000
"O95453","PARN",653770000,6.48e+08,459080000,127268000,746400000,343810000,409700000,574805000,541640000,851070000,343597000,NA,594740000,203280000,211050000,NA,205740000,NA
"O95456","PSMG1",206189000,203864000,196392000,178231000,163949000,199289000,143291000,143941000,165052000,127481000,140789000,184280000,123372000,138083000,178036000,134444000,138863000,120220000
"O95466","FMNL1",429840000,590280000,506510000,682680000,604800000,690240000,1084370000,1036830000,1049930000,1860450000,1750140000,1552400000,1995720000,1859450000,1859090000,1543340000,1549150000,1543380000
"O95470","SGPL1",109214000,216937000,167014000,228068000,313210000,211908000,180630000,176303000,188863000,192666000,178397000,160048000,170561000,158260000,153940000,183087000,182571000,191822000
"O95478","NSA2",100888000,203277000,184959000,33790000,84929000,33533000,135920000,128492000,108416000,100420000,151392000,128179000,102576000,92476000,118660000,112252000,57375000,109345000
"O95479","H6PD",1093160000,1099890000,1093980000,1310120000,1308540000,1322230000,1017780000,1044230000,1012330000,921530000,867130000,943630000,799610000,715680000,819070000,611260000,633440000,559120000
"O95486","SEC24A",280677000,266728000,269133000,316176000,254175000,265710000,245687000,268819000,236614000,236730000,221875000,280315000,245804000,234873000,275723000,239969000,243205000,182666000
"O95487","SEC24B",393370000,359800000,376700000,315212000,376890000,312446000,339851000,306302000,328330000,349260000,338920000,272532000,280279000,284777000,258847000,281807000,276172000,280364000
"O95563","MPC2",90572000,131478000,92049000,25466000,58370000,NA,47805000,95097000,115850000,151137000,144215000,83435000,90001000,153286000,116365000,152764000,123635000,91361000
"O95571","ETHE1",869720000,821400000,851590000,845460000,783790000,807100000,971380000,941530000,947640000,957750000,801100000,891120000,749220000,709720000,625820000,658520000,715850000,741150000
"O95573","ACSL3",3308100000,3385100000,3.355e+09,4248600000,4214100000,3986100000,4.516e+09,4.337e+09,4626800000,4.882e+09,4603200000,4491400000,5879300000,6452400000,6240500000,8041800000,8522600000,8144500000
"O95602","POLR1A",170738000,197362000,182919000,205462000,174478000,199873000,190682000,161744000,205601000,166242000,210529000,194784000,172348000,154393000,144522000,45222000,103081000,73990000
"O95613","PCNT",72144000,109896000,116071000,110373000,34773000,89278000,113269000,129729000,160368000,40051000,101441000,83856000,107975000,115741000,67534000,125152000,122516000,154252000
"O95630","STAMBP",333850000,337250000,317790000,315470000,341560000,343220000,357660000,340950000,348400000,380620000,344580000,352170000,380430000,341390000,345050000,339780000,339730000,312140000
"O95671","ASMTL",485220000,407520000,381810000,553480000,576890000,515050000,619580000,636650000,581410000,756420000,741300000,611840000,918210000,765280000,686310000,776680000,749310000,849360000
"O95674","CDS2",144924000,129038000,99997000,73012000,73458000,99819000,86810000,64681000,132626000,NA,128792000,104314000,107307000,134101000,114556000,89630000,169125000,220770000
"O95684","FGFR1OP",75792000,25183000,56750000,15095000,NA,18284000,NA,15829000,NA,NA,NA,NA,NA,NA,NA,NA,NA,NA
"O95714","HERC2",32753000,42822000,32197000,16808000,36248000,49871000,18005000,18740000,35174000,12388000,37843000,34308000,38370000,27416000,23531000,31756000,51957000,40364000
"O95721","SNAP29",317574000,367410000,403120000,376140000,267092000,326100000,385150000,371440000,271446000,266655000,338042000,307792000,283381000,290462000,257252000,291281000,271175000,245557000
"O95747","OXSR1",3721800000,3.272e+09,3463500000,3.157e+09,3314900000,3318400000,3416400000,3331600000,3358100000,3167500000,3.33e+09,3171620000,2959520000,2987280000,3075920000,2822440000,2728780000,2927150000
"O95777","LSM8",475208000,549690000,611420000,522360000,535500000,443933000,743440000,651540000,623610000,589250000,645760000,662820000,491200000,610730000,552710000,637020000,574340000,509480000
"O95782","AP2A1",6.382e+09,6568200000,6525500000,6970100000,6802900000,6744500000,6691800000,6899300000,6941800000,6802600000,6378600000,6.415e+09,5822700000,5881400000,5910600000,5.799e+09,5563400000,5582600000
"O95785","WIZ",28995000,NA,NA,28873000,11096000,NA,14705000,NA,14039000,14562000,NA,NA,NA,NA,NA,NA,NA,NA
"O95786","DDX58",160170000,129053000,128944000,164919000,153125000,82918000,110116000,88549000,76005000,109249000,67662000,125519000,92816000,43218000,40440000,97437000,NA,NA
"O95793","STAU1",1693330000,1515420000,1503340000,1435410000,1.706e+09,1295980000,1045950000,1044480000,1059790000,1292890000,1251570000,1014820000,1238180000,1102950000,1064820000,1056920000,1006340000,1081980000
"O95801","TTC4",NA,88128000,38864000,42253000,151720000,76197000,69275000,117713000,36553000,NA,22899000,90399000,31873000,56081000,28893000,20677000,15523000,32474000
"O95810","SDPR",9887500000,8570200000,9110500000,8263500000,8184800000,8678800000,7290400000,6.809e+09,6545100000,5312900000,5128900000,5057300000,3050700000,3521500000,3391800000,2195250000,2477170000,2499580000
"O95816","BAG2",1250430000,1090600000,1205840000,1230170000,1303370000,1221530000,1310630000,1466170000,1296590000,1664650000,1734130000,1491200000,2059710000,1744210000,1622730000,1738500000,1731740000,1823730000
"O95817","BAG3",3949800000,3737700000,3665800000,3.822e+09,4354100000,3788900000,3471600000,3360290000,3307900000,4361100000,4156200000,3445900000,5311100000,4893900000,4317800000,5305300000,5203300000,5572400000
"O95819;Q9UKE5","MAP4K4",732730000,783920000,782140000,818160000,857570000,857620000,630030000,627880000,654290000,582450000,593280000,497610000,449260000,413650000,370300000,297976000,341585000,357672000
"O95825","CRYZL1",181112000,198944000,221646000,193746000,318588000,187525000,257220000,207322000,209680000,217741000,227336000,205317000,243060000,180339000,146013000,167425000,152217000,157418000
"O95831","AIFM1",1045090000,1021430000,998060000,1003060000,1040310000,1081040000,1436090000,1359760000,1480280000,1628330000,1598590000,1637510000,1690010000,1543250000,1569130000,1763730000,1663740000,1620090000
"O95834","EML2",77583000,96731000,38798000,74432000,63228000,62533000,62264000,72721000,63060000,78994000,33042000,55553000,96907000,60986000,62605000,88726000,56174000,76625000
"O95861","BPNT1",493300000,455240000,413890000,496430000,576690000,545390000,507870000,519450000,481760000,607450000,611030000,465480000,596090000,492500000,500130000,585590000,472930000,621220000
"O95864","FADS2",225822000,225567000,216741000,107161000,114767000,70088000,NA,NA,NA,82646000,NA,NA,238001000,243412000,244388000,354042000,322154000,314458000
"O95865","DDAH2",1298440000,1355210000,1465420000,1469630000,1631640000,1536580000,2155030000,2111540000,2011090000,2219110000,2166770000,1890570000,2266780000,2166710000,1920600000,2554130000,2331970000,2560660000
"O95870","ABHD16A",NA,NA,NA,NA,83379000,37674000,NA,117654000,48588000,139269000,88348000,NA,150153000,58419000,NA,39485000,46526000,147725000
"O95881","TXNDC12",444440000,464580000,527970000,599410000,595770000,533460000,441300000,461580000,440960000,396940000,374584000,461980000,350850000,389150000,379720000,454890000,411300000,420800000
"O95983","MBD3",27296000,NA,NA,35173000,29487000,86935000,NA,NA,22368000,17283100,NA,102710000,25694000,79372000,91159000,NA,51043000,NA
"O95989","NUDT3",200703000,237037000,209957000,270538000,262867000,276210000,220725000,219170000,215045000,217603000,237855000,231898000,168767000,307026000,199724000,253099000,279332000,258764000
"O96000","NDUFB10",245960000,240939000,230252000,NA,295421000,79052000,395660000,444790000,304641000,425600000,398390000,333920000,369566000,255810000,311837000,315373000,244655000,391910000
"O96005","CLPTM1",987770000,1005090000,859540000,768610000,898360000,711420000,744920000,650250000,624370000,903900000,936200000,842010000,1273850000,1166240000,1095810000,1062630000,1096200000,1298030000
"O96007","MOCS2",63330000,113117000,120443000,36383000,30168000,122826000,NA,NA,NA,22977000,NA,108419000,31401000,71196000,108764000,19908000,87549000,NA
"O96008","TOMM40",552450000,715600000,875110000,808720000,587200000,869970000,727280000,770400000,941990000,826630000,952750000,1082630000,748030000,835930000,1044570000,828830000,1117970000,764030000
"O96011","PEX11B",137233000,138994000,84451000,160333000,208341000,124266000,147774000,148163000,178225000,128856000,153662000,160927000,112198000,164417000,187557000,162270000,162522000,137843000
"O96019","ACTL6A",926460000,992060000,982510000,1023150000,1089260000,902470000,969410000,956380000,980150000,872520000,882570000,705780000,693300000,662240000,649790000,620540000,564160000,628520000
"O96033","MOCS2",96591000,66025000,69524000,29347000,94554000,NA,22738000,90122000,33299000,99264000,29328000,NA,99448000,NA,NA,72453000,33954000,71326000
"P00167","CYB5A",970740000,878880000,813340000,754260000,976300000,687510000,774360000,750250000,664040000,866690000,784530000,6.69e+08,768420000,642280000,600960000,776670000,722480000,761030000
"P00338;Q6ZMR3","LDHA",5.9761e+10,5.0218e+10,5.0987e+10,7.997e+10,7.8141e+10,7.7371e+10,6.0553e+10,6.4669e+10,6.7082e+10,5.8357e+10,5.3625e+10,5.2523e+10,4.8852e+10,5.1766e+10,4.9958e+10,5.0801e+10,5.067e+10,5.0374e+10
"P00352","ALDH1A1",2.8206e+10,28049800000,27075500000,3.4839e+10,3.6869e+10,3.2684e+10,3.7926e+10,3.8522e+10,3.7244e+10,3.2678e+10,3.2701e+10,30005100000,25367100000,22298700000,22814600000,20347300000,19074800000,19591500000
"P00367;P49448","GLUD1;GLUD2",3079800000,3170200000,3069910000,3209100000,3356400000,3083700000,4.118e+09,4068300000,4203900000,4656700000,4396800000,4270300000,4177600000,3855100000,3770900000,4141500000,4208200000,4.238e+09
"P00374;Q86XF0","DHFR",436400000,371320000,401770000,315685000,304350000,259067000,118205000,99820000,133109000,NA,26204000,31947000,NA,NA,NA,NA,NA,NA
"P00387","CYB5R3",9894400000,9472500000,9970600000,1.107e+10,10923300000,10399100000,10636800000,10541600000,11196200000,10630100000,10223700000,10285200000,9685200000,9.517e+09,9768500000,9755900000,10275600000,9887600000
"P00390","GSR",3.427e+09,2983120000,2727310000,3578200000,4037300000,3.247e+09,5173100000,5535900000,5134800000,5801800000,5.703e+09,4890200000,5040500000,4610800000,4868900000,4460100000,4183600000,4570200000
"P00403","MT-CO2",1729610000,1651830000,1587480000,1591640000,1715360000,1566330000,1895950000,2118550000,1956040000,2026370000,1826110000,1666390000,1485980000,1455290000,1397460000,1098110000,1174720000,1202850000
"P00441","SOD1",2697460000,3170780000,3265500000,2757690000,2521190000,2796110000,3309500000,3441900000,3382300000,3177200000,3397800000,3150500000,3060030000,2915010000,2638520000,3.292e+09,3146790000,3420800000
"P00488;P16452","F13A1",270541000,108808000,109657000,1552450000,1535910000,1387020000,2644200000,2964520000,3328800000,16154200000,1.5219e+10,13003600000,3.7177e+10,3.4871e+10,3.415e+10,5.1764e+10,5.1823e+10,5.4312e+10
"P00491","PNP",1724680000,1643720000,1441630000,1307690000,1445420000,1259470000,1165610000,1253870000,1181790000,998340000,999160000,896030000,721230000,509920000,674750000,497060000,375950000,513610000
"P00492","HPRT1",1789240000,1625120000,1709840000,1762140000,1751560000,1787980000,1649630000,1587740000,1632160000,1501740000,1525110000,1620860000,1481250000,1480580000,1501950000,1371850000,1457380000,1360920000
"P00505","GOT2",3284100000,3222200000,3299400000,3073310000,3410200000,3101280000,3615400000,3641300000,3740100000,3895200000,3858500000,3919300000,3600500000,3620300000,3.856e+09,3829700000,3802100000,3621100000
"P00533","EGFR",150060000,140291000,143991000,34156000,126423000,75491000,NA,36474000,NA,73485000,38022000,31492000,NA,NA,NA,NA,NA,NA
"P00558;P07205","PGK1",30277700000,28696600000,27661100000,3.7117e+10,4.1067e+10,3.4318e+10,4.0241e+10,4.2938e+10,3.9762e+10,3.903e+10,3.7596e+10,32192600000,3.697e+10,3.2473e+10,3.2509e+10,3.6336e+10,3.6317e+10,3.7935e+10
"P00568","AK1",2064870000,2141950000,2041840000,2111040000,2205290000,2334010000,3092400000,3036230000,3015440000,5183700000,5425800000,5072500000,11391800000,10133100000,9788100000,1.4509e+10,1.307e+10,14343600000
"P00749","PLAU",240228000,191489000,205125000,179717000,190187000,194411000,NA,NA,NA,NA,NA,NA,27659000,NA,NA,NA,NA,NA
"P00750","PLAT",491420000,495400000,465300000,307539000,308788000,321751000,NA,NA,NA,NA,NA,NA,NA,NA,NA,NA,NA,48049000
"P00813","ADA",NA,NA,48562000,48706000,81114000,NA,94419000,56976000,64009000,84958000,78684000,31899000,107119000,33598000,NA,51998000,49834000,55264000
"P00846","MT-ATP6",52454000,49136000,87896000,NA,NA,71307000,NA,77136000,NA,NA,67270000,113970000,71898000,NA,NA,136210000,63461000,60756000
"P01111","NRAS",912520000,838990000,848810000,693870000,866490000,700220000,736800000,727990000,709740000,650150000,693510000,636600000,559930000,534130000,487450000,412660000,430200000,462440000
"P01116","KRAS",71170000,NA,113084000,85311000,38943000,108373000,35850000,NA,64432000,NA,26468000,51076000,NA,NA,76034000,NA,NA,NA
"P01130","LDLR",44262000,NA,86790000,NA,NA,NA,NA,NA,NA,NA,NA,NA,141676000,120524000,167146000,99543000,56838000,173937000
"P02461","COL3A1",203544000,172931000,275066000,489280000,537180000,383734000,815580000,891290000,780650000,1916110000,1738660000,1384960000,1388320000,1127650000,1039870000,811740000,588480000,766580000
"P02511","CRYAB",2820420000,3323500000,3358300000,5.036e+09,4726100000,4977600000,4831400000,5.212e+09,4802600000,6176900000,5504700000,6.008e+09,11204900000,12165900000,11110900000,17423200000,17192500000,16096100000
"P02545","LMNA",4.6087e+10,4.9058e+10,4.8104e+10,4.9613e+10,5.0529e+10,4.7548e+10,7.8937e+10,7.5698e+10,7.3716e+10,8.7789e+10,8.28e+10,7.1689e+10,9.2313e+10,8.6308e+10,7.5734e+10,9.0358e+10,8.6539e+10,9.5695e+10
"P02585","TNNC2",NA,NA,NA,40332000,NA,34601000,75026000,33134000,45114000,405040000,386180000,554630000,2006740000,1650860000,1786710000,2562560000,2155840000,2134300000
"P02649","APOE",NA,NA,166606000,NA,NA,NA,1158790000,1075760000,1208150000,3245100000,3.406e+09,3370100000,3.378e+09,3877100000,3599700000,2997080000,3080910000,2869230000
"P02751","FN1",26170500000,2.8536e+10,3.2567e+10,4.1803e+10,4.0482e+10,4.2462e+10,17272900000,17923400000,16608600000,1.3397e+10,1.3205e+10,12625200000,16022800000,14418400000,14169200000,3.1993e+10,30323200000,31718700000
"P02786","TFRC",1275440000,1289880000,1258960000,1312780000,1169540000,1189840000,816240000,752380000,823400000,1247190000,1243020000,1128630000,906140000,847270000,943730000,706270000,708420000,648290000
"P02792","FTL",873570000,815140000,854870000,357429000,398710000,334650000,928330000,889120000,809370000,707870000,618250000,528550000,411320000,276706000,329200000,282754000,297687000,325258000
"P02794","FTH1",2558710000,2708440000,2972030000,2095640000,2403370000,2305830000,3.258e+09,3270800000,2966180000,2370620000,2391250000,2181300000,1822520000,1818860000,1792190000,1798310000,1787560000,1817130000
"P03886","MT-ND1",25172000,NA,NA,60272000,77157000,26227000,58650000,76527000,127587000,60189000,110154000,110414000,73740000,20668000,60770000,117417000,35588000,64817000
"P03905","MT-ND4",67652000,24657000,51544000,48295000,71384000,80894000,40161000,64699000,91375000,112835000,120941000,117163000,118228000,111717000,103816000,123748000,36283000,39133000
"P03915","MT-ND5",NA,33247000,NA,78434000,62597000,NA,139014000,81395000,102396000,62885000,113047000,NA,48774000,NA,NA,NA,NA,NA
"P03928","MT-ATP8",NA,NA,NA,240526000,165506000,195216000,272960000,280374000,302577000,323453000,359430000,305060000,341999000,288318000,286193000,357326000,339090000,339523000
"P04040","CAT",2661840000,2896620000,2773060000,2924300000,3216400000,2979300000,3657200000,3717100000,3.478e+09,3380900000,3507200000,3389900000,3.403e+09,3052400000,3.223e+09,3933200000,3565900000,3949700000
"P04049","RAF1",105594000,143736000,112735000,137645000,157936000,119687000,54945000,50315000,64887000,92919000,92353000,94222000,77984000,20124000,NA,47762000,19412000,24031000
"P04062","GBA",594050000,586580000,549570000,554680000,673380000,631560000,854520000,835980000,863630000,825250000,770900000,702390000,588250000,597520000,612910000,516410000,523250000,608750000
"P04075;P05062","ALDOA",4.8949e+10,5.1646e+10,4.9589e+10,5.0019e+10,4.6183e+10,5.2438e+10,5.5602e+10,5.3622e+10,5.2541e+10,5.6508e+10,5.3854e+10,4.8417e+10,7.2923e+10,6.9444e+10,6.8238e+10,7.7895e+10,8.0382e+10,7.94e+10
"P04080","CSTB",3.87e+09,3888900000,4184100000,3834100000,4152700000,3813100000,4403200000,4347600000,4101100000,5227600000,4590500000,4352900000,4894300000,4906200000,4458500000,4844300000,5137800000,5028600000
"P04083","ANXA1",4.6068e+10,4.8516e+10,4.8974e+10,4.4971e+10,4.3115e+10,4.8138e+10,4.3979e+10,4.4253e+10,4.4088e+10,3.7446e+10,3.7229e+10,4.0555e+10,31699500000,3.3157e+10,3.409e+10,3.2238e+10,3.3828e+10,30997700000
"P04114","APOB",2401830000,2808600000,1491660000,998630000,1486980000,498810000,2375030000,998150000,851430000,NA,1308660000,416820000,314110000,1566640000,557040000,603680000,NA,NA
"P04150;P08235","NR3C1",NA,NA,NA,NA,13443000,NA,104347000,109832000,90554000,58197000,91135000,23615000,23747000,17086000,NA,69548000,50464000,27984000
"P04156","PRNP",251460000,114260000,247560000,NA,119130000,NA,102250000,NA,NA,152170000,117660000,NA,NA,NA,195740000,NA,NA,NA
"P04179","SOD2",646250000,716610000,706520000,738960000,6.63e+08,800880000,1187560000,1344480000,1266750000,1242860000,1303290000,1331040000,1291670000,1404410000,1303820000,1408500000,1421120000,1472680000
"P04181","OAT",2589280000,2749370000,2737200000,2261050000,2432380000,2306590000,1334290000,1151060000,1355070000,776930000,908720000,964050000,392326000,501480000,591140000,486360000,618740000,304121000
"P04183","TK1",168351000,187443000,162668000,134172000,175199000,158067000,NA,NA,NA,NA,NA,NA,NA,NA,NA,NA,NA,NA
"P04216","THY1",3929100000,3229500000,3163210000,4517300000,4846300000,4098400000,7238600000,4898900000,5791100000,5258800000,5297200000,5465500000,4474900000,4934200000,4534700000,4936300000,3473500000,3540440000
"P04406","GAPDH",29944900000,30689900000,3.1891e+10,4.2615e+10,4.5005e+10,4.2605e+10,4.0564e+10,4.1057e+10,4.3389e+10,3.772e+10,3.3892e+10,3.58e+10,3.7815e+10,4.0371e+10,3.9148e+10,3.6154e+10,4.0978e+10,3.4914e+10
"P04424","ASL",180596000,259585000,214595000,147407000,125516000,157816000,194700000,145930000,130215000,100570000,162146000,196326000,88687000,124178000,108226000,86053000,132172000,95599000
"P04439;P13746;P16188;P30459;P10314;P01892;P05534;P16189;P30447","HLA-A",2427790000,2449210000,2434180000,3221200000,3228200000,2821740000,4192700000,4375700000,4177400000,4810600000,4607500000,4131500000,4049400000,3973900000,3943500000,3296300000,3255900000,3683900000
"P04632;Q96L46","CAPNS1",2643390000,2519270000,2699780000,2516740000,3190650000,2778040000,2642650000,2657940000,2520480000,2473070000,2035750000,2403240000,2477680000,2203090000,2470530000,2382650000,2276830000,2356020000
"P04792","HSPB1",3685100000,4092200000,4159600000,5249300000,4972700000,5057500000,5944200000,6707600000,6318100000,9226100000,9721400000,8864600000,13721100000,12944900000,13736400000,16988500000,18378100000,1.8629e+10
"P04818","TYMS",774830000,795210000,871030000,581450000,509400000,517780000,45816000,NA,NA,NA,NA,NA,NA,NA,NA,NA,NA,NA
"P04843","RPN1",12481400000,13160600000,12653300000,1.3727e+10,13112300000,14205900000,14231300000,13093800000,14042200000,13498800000,13768600000,1.3315e+10,13558500000,13610700000,1.5178e+10,14549500000,13638400000,14227600000
"P04844","RPN2",7064400000,8075100000,7353500000,8571600000,7724200000,8708200000,7.419e+09,7275500000,8261600000,7477800000,8226600000,8747300000,7.671e+09,8348100000,9671600000,8831900000,9229100000,7910900000
"P04899;P11488;P19087;A8MTJ3;P09471","GNAI2",4584300000,3985200000,4185400000,3266400000,3.676e+09,3383800000,4824400000,5031200000,5403400000,5127600000,5450900000,5314100000,3793500000,4031900000,4022800000,3683400000,3602900000,3711100000
"P04920","SLC4A2",NA,NA,NA,NA,18373900,NA,NA,NA,9875700,36697000,23144000,11254000,21904300,21461000,38637000,10668000,10189000,40204000
"P05023;P13637;Q13733;P20648","ATP1A1",4201200000,3906400000,3923700000,3721900000,3905700000,3712700000,4442400000,4374100000,4217500000,5246300000,5020600000,4.817e+09,6462200000,5879300000,5752600000,5364700000,5327600000,5864900000
"P05026","ATP1B1",143622000,208302000,156733000,205399000,234800000,190081000,191571000,56808000,171983000,171800000,171422000,114620000,224373000,89009000,198777000,220647000,70749000,216915000
"P05067","APP",270490000,290536000,293008000,308696000,322180000,256461000,489850000,465780000,436140000,526410000,563460000,424480000,746970000,635480000,588370000,715230000,597470000,800460000
"P05121","SERPINE1",5056600000,7.034e+09,6470900000,5021400000,6789800000,3693400000,495220000,656420000,475010000,43216700,29743000,3287000,47089000,22490200,4957000,23265100,18159200,42273000
"P05141;Q9H0C2","SLC25A5",3072400000,2829070000,2863420000,3212340000,3231700000,3017050000,3268400000,3037950000,3495500000,3094440000,3201900000,3071420000,2880340000,2806310000,2865350000,2633750000,2590090000,2640100000
"P05161","ISG15",174042000,328310000,274738000,283371000,176896000,295045000,335830000,298436000,400230000,342910000,423340000,320376000,484350000,408840000,389280000,472590000,557360000,526600000
"P05165","PCCA",46831000,NA,36820000,38855000,NA,41077000,134675000,96069000,150526000,179207000,140949000,161044000,179905000,173474000,154715000,155584000,161617000,168832000
"P05166","PCCB",32046000,NA,18932000,73295000,43143000,17967000,81294000,124218000,113641000,151919000,170353000,122838000,224896000,116862000,85918000,145530000,124628000,182956000
"P05186","ALPL",4639100000,4040600000,4094300000,4665300000,5343200000,4573700000,5510600000,5465500000,4910500000,3805700000,3750500000,2981960000,2485730000,2199510000,2001040000,1659500000,1503650000,1708390000
"P05198","EIF2S1",5230500000,5592600000,5344300000,4893400000,5110200000,4747700000,4675200000,4449900000,4594500000,4523900000,4639200000,4215400000,4.506e+09,4.209e+09,4734500000,4585400000,4334100000,4759700000
"P05386","RPLP1",NA,2851900000,5464300000,4425700000,1171200000,6488300000,4319940000,2925100000,2911300000,1640400000,3986130000,6221500000,3127100000,4472700000,5.054e+09,2658200000,2566600000,2951200000
"P05387","RPLP2",15125700000,14139100000,14598600000,12627600000,15082200000,1.2424e+10,10749500000,11215300000,9767700000,12404500000,12019400000,10971200000,12413400000,10167700000,10238900000,11292200000,9399100000,10488800000
"P05388;Q8NHW5","RPLP0;RPLP0P6",18876800000,20748400000,21161300000,19377500000,17155400000,19519700000,15496500000,14698600000,15963500000,15965700000,16122300000,16869900000,16495500000,15856700000,17122900000,14546700000,14307800000,14431100000
"P05413;P02689","FABP3",107393000,25483000,36926500,440400000,326511000,507360000,801230000,855180000,939420000,1844250000,1618060000,1504560000,6440400000,5657500000,6047200000,13725500000,14228600000,1.2382e+10
"P05455","SSB",7542900000,8372300000,9165300000,8.717e+09,9.05e+09,8446800000,8396100000,8462900000,7877100000,7726900000,7.36e+09,7531900000,5979700000,6006700000,6014300000,5405900000,4973600000,5158500000
"P05556","ITGB1",7080500000,6857800000,7235200000,6943600000,7212700000,7215700000,7734200000,7417900000,6756100000,5774800000,5465700000,5008200000,4386300000,4247100000,4379700000,4328500000,3691900000,4448100000
"P05976","MYL1",NA,224780000,NA,100440000,NA,12898000,295504000,376320000,296212000,1234630000,1289350000,977880000,2680360000,2.272e+09,2291110000,3989200000,3558800000,3.745e+09
"P05997","COL5A2",84025000,40223000,40343000,144942000,146975000,153554000,38721000,48716000,50994000,199897000,108944000,99419000,178330000,202759000,155303000,144261000,105723000,171236000
"P06132","UROD",1422930000,1790360000,1890940000,1744120000,1712060000,1807400000,1534840000,1722990000,1739720000,1460970000,1525710000,1903890000,1360600000,1504560000,1510590000,1133250000,1377110000,1089710000
"P06396","GSN",21352300000,19479400000,19635600000,21558100000,25016200000,20667500000,28596300000,29344700000,25828500000,3.0676e+10,30261600000,28979500000,3.6306e+10,3.1765e+10,3.282e+10,4.0403e+10,3.7085e+10,4.3916e+10
"P06400","RB1",37482000,42140000,65094000,NA,72074000,104567000,NA,NA,NA,NA,NA,NA,NA,NA,NA,20800000,NA,NA
"P06454","PTMA",2231740000,3049810000,4561680000,2567230000,1767820000,3865870000,3197250000,3154270000,2194370000,1964090000,2322410000,2465020000,1577960000,1248890000,1541750000,1201570000,1052730000,967580000
"P06493","CDK1",1596210000,1419820000,1439290000,1130320000,1516610000,1057050000,578610000,844650000,587820000,238623000,211080000,102664000,51093000,NA,NA,NA,NA,NA
"P06576","ATP5B",24138100000,21909400000,21383800000,21587700000,2.5612e+10,21383500000,30624300000,29631200000,28789200000,3.4613e+10,31645600000,27070800000,3.4316e+10,30054400000,29661900000,3.2394e+10,30338400000,3.4126e+10
"P06703","S100A6",19883800000,17819200000,22700800000,20657200000,20401400000,17572900000,23684400000,27230200000,22760700000,19987100000,23037800000,16891900000,20931900000,15736500000,14529400000,17987700000,17168200000,17413300000
"P06730","EIF4E",1206600000,1146630000,1081640000,1091450000,1301150000,1242850000,963250000,1168720000,980440000,1073740000,994830000,1082270000,957210000,1078320000,1061020000,915250000,986850000,923070000
"P06732","CKM",NA,18450000,NA,11327000,NA,21069400,55635600,129005000,133103000,3093860000,2839700000,2871230000,15622800000,14734300000,13379800000,26025100000,24534300000,23101800000
"P06733","ENO1",7.4003e+10,7.7323e+10,7.838e+10,7.641e+10,7.9775e+10,7.6768e+10,7.7972e+10,7.6939e+10,7.4339e+10,6.3304e+10,6.5462e+10,6.1644e+10,5.3904e+10,5.5437e+10,4.8907e+10,5.2847e+10,5.5003e+10,5.2023e+10
"P06737","PYGL",812990000,782720000,715760000,1045510000,1077070000,963980000,1260650000,1233960000,1399440000,1686170000,1749100000,1620720000,1744270000,1617880000,1767690000,1771970000,1617480000,1685730000
"P06744","GPI",5931400000,5865600000,5993600000,7774300000,7355800000,7631800000,6906100000,6778900000,7947600000,6110200000,6992400000,6496800000,5844200000,6108100000,6785100000,7053300000,6731800000,7173800000
"P06748","NPM1",7137500000,8281200000,8453600000,6324100000,6677700000,7491600000,7.79e+09,8.333e+09,7061200000,7.258e+09,7155400000,8278600000,7018400000,5937200000,5397400000,5782600000,5060700000,6391100000
"P06753","TPM3",6175900000,6718700000,8090500000,9197900000,9738600000,7483900000,8200100000,8141200000,7772400000,6940200000,6348800000,5228500000,6622500000,6556400000,5810200000,8251300000,7268200000,7.952e+09
"P06756","ITGAV",1138960000,1201690000,1302240000,1504400000,1384980000,1571670000,1404660000,1485660000,1610440000,1393580000,1420670000,1310760000,1230730000,1345660000,1495550000,1405970000,1420780000,1382420000
"P06865","HEXA",389800000,282318000,288798000,410030000,384490000,404340000,651910000,638140000,631840000,625900000,672500000,663150000,503790000,543330000,477610000,506740000,516420000,466060000
"P07099","EPHX1",785570000,800730000,804190000,634180000,651960000,575720000,995610000,972930000,818140000,945550000,1025640000,838980000,832110000,765060000,749470000,721170000,741750000,839840000
"P07108","DBI",3157860000,2929790000,3360900000,5737200000,4053500000,5.665e+09,4068400000,4017800000,5244700000,3890300000,4357400000,6184600000,4399900000,6852200000,7632600000,8023700000,9217900000,6924300000
"P07195","LDHB",29316900000,24385200000,21908400000,26781400000,3.286e+10,25056800000,26605900000,27067800000,27217800000,27578300000,2.6532e+10,23634700000,28637100000,2.5435e+10,24705100000,29003500000,26739100000,28385900000
"P07203","GPX1",1439630000,1594940000,1545010000,1554380000,1650410000,1522270000,1799500000,1786260000,1851690000,1664830000,1576290000,1604980000,1290170000,1336490000,1345940000,1187110000,1118040000,1226840000
"P07237","P4HB",3.3121e+10,29780300000,3.2646e+10,3.3711e+10,3.9151e+10,3.4462e+10,3.1395e+10,3.1762e+10,29582100000,30485500000,29799200000,25609600000,3.7283e+10,3.3574e+10,3.1142e+10,4.2294e+10,3.7998e+10,4.1966e+10
"P07305","H1F0",148394000,235029000,225419000,229644000,165506000,220865000,361850000,382570000,389160000,476630000,450130000,494530000,514710000,489950000,504840000,870880000,776110000,650040000
"P07311","ACYP1",337340000,381990000,442630000,387910000,375550000,361840000,360510000,420890000,386290000,325440000,328193000,300180000,291715000,299469000,299852000,284341000,283460000,268144000
"P07339","CTSD",8185900000,8094500000,7860200000,9320600000,10059200000,9178400000,16097200000,15383500000,15741600000,1.6848e+10,15847300000,12593500000,13407300000,12158900000,12548600000,12576800000,12290600000,13405300000
"P07355;A6NMY6","ANXA2;ANXA2P2",1.98636e+11,2.01552e+11,2.02564e+11,2.13288e+11,2.28247e+11,2.21075e+11,1.98754e+11,1.8383e+11,1.94334e+11,1.58868e+11,1.5189e+11,1.49852e+11,1.2118e+11,1.19599e+11,1.0837e+11,1.00907e+11,1.02615e+11,9.864e+10
"P07384","CAPN1",3564300000,3.599e+09,3.424e+09,3906100000,4.165e+09,3994100000,4048100000,4036800000,4.31e+09,4423400000,4414700000,4599900000,4452400000,4610500000,4902100000,5037900000,5132400000,4840700000
"P07602","PSAP",99020000,NA,NA,NA,117442000,NA,348670000,251923000,327439000,264151000,266694000,NA,276007000,251531000,150121000,434430000,378970000,388180000
"P07686","HEXB",883750000,980800000,1042100000,1102130000,950640000,1074510000,1358790000,1400570000,1398840000,1227060000,1335680000,1489400000,1039740000,1250820000,1306840000,973240000,1101490000,1023260000
"P07711;Q5NE16;P43235;O60911","CTSL;CTSL3P",94515000,185338000,68850000,227759000,100272000,260080000,238700000,384550000,337691000,119727000,162151000,459141000,45877000,158901000,285020000,NA,81451000,NA
"P07738","BPGM",77298000,66572000,18433000,72990000,46359000,NA,69300000,66467000,39365000,72953000,59989000,19868000,49520000,55021000,17702000,31694000,82635000,63900000
"P07741","APRT",1528010000,1505120000,1512170000,1428540000,1469660000,1391300000,1835910000,1778230000,1740840000,1904370000,1817870000,1575180000,2092250000,1712050000,1615420000,1985940000,1716510000,1808350000
"P07814","EPRS",9635100000,8864100000,8740200000,9401200000,9961500000,8986600000,8254100000,8418700000,8336100000,9092300000,8710100000,8.591e+09,10043400000,9631600000,9691500000,10402400000,9986100000,1.0841e+10
"P07858","CTSB",4232900000,4229600000,3938100000,5869100000,6215700000,4957800000,9841100000,9433400000,8.797e+09,9.203e+09,8954300000,6914100000,6.932e+09,6453900000,5962700000,6e+09,5631300000,5997700000
"P07900;Q14568;Q58FG1","HSP90AA1",26134200000,29310400000,27099900000,26349800000,2.6883e+10,25319200000,26332300000,25238600000,24723800000,26020100000,25758800000,24089100000,24804900000,22042200000,22625600000,23019400000,21344400000,2.1802e+10
"P07910","HNRNPC",11154700000,10569400000,10145400000,9308300000,9423700000,8003400000,11986800000,11752400000,1.1202e+10,11195700000,11068900000,9041400000,8544500000,7974500000,7392900000,7568600000,6848700000,7520200000
"P07919","UQCRH",78402000,93418000,40873000,NA,37092000,86478000,162922000,134488000,51835000,164298000,99524000,119465000,162471000,51407000,148556000,64468000,170110000,135817000
"P07942","LAMB1",2312730000,2268540000,2194980000,2379630000,2632590000,2178720000,960170000,936640000,919780000,898310000,897270000,7.31e+08,971560000,851300000,739840000,797140000,745630000,824730000
"P07947;P07948;P09769","YES1",418490000,356330000,308166000,313040000,331550000,345590000,411530000,359070000,350760000,347968000,461280000,370750000,453930000,350112000,361705000,348520000,359340000,336905000
"P07951","TPM2",1.101e+10,13332800000,17724200000,19582500000,18125400000,20645600000,17455700000,17684600000,15043200000,21330600000,19498900000,1.9614e+10,5.0075e+10,4.8428e+10,4.275e+10,7.8674e+10,6.6483e+10,7.2903e+10
"P07954","FH",2638720000,2839150000,2951760000,2835640000,2949920000,2828800000,3097850000,3082900000,3179400000,3199170000,3077680000,3136820000,2965460000,3.463e+09,3089760000,2845390000,3115600000,2974480000
"P08047","SP1",48609000,49455000,47147000,45353000,48083000,37026000,22861000,49856000,82679000,23890000,NA,NA,NA,NA,17272000,NA,NA,25129000
"P08123","COL1A2",1151360000,942030000,1072640000,2356980000,2515970000,2061130000,2289660000,2554560000,2269370000,6202300000,5426700000,4.835e+09,5773900000,5112300000,4454400000,3426900000,3045840000,3714300000
"P08133","ANXA6",4.526e+10,4.316e+10,4.1739e+10,5.4058e+10,5.4217e+10,5.0469e+10,6.0244e+10,5.7566e+10,6.064e+10,6.258e+10,6.1851e+10,6.0001e+10,6.4172e+10,5.8567e+10,6.0439e+10,6.2494e+10,6.1358e+10,6.1351e+10
"P08138","NGFR",2679840000,2984750000,3341640000,3532200000,4038900000,3303500000,3253230000,3742700000,2826160000,2894940000,2695620000,2401560000,1306830000,1086770000,1312810000,693820000,540760000,707170000
"P08195","SLC3A2",8039800000,8444500000,8534500000,8355600000,8557500000,8326900000,6776500000,6846300000,6.78e+09,6263900000,5988700000,5464200000,6958500000,6467900000,6528400000,7604300000,7617100000,7456900000
"P08237","PFKM",1412660000,1364880000,1363760000,1371320000,1496260000,1381490000,1312170000,1424660000,1509260000,1588070000,1567730000,1738320000,1913090000,1808580000,2219810000,2037940000,2030640000,1973160000
"P08238","HSP90AB1",7.1545e+10,7.2643e+10,6.8714e+10,7.6693e+10,8.2383e+10,7.3538e+10,6.8579e+10,6.4544e+10,6.4816e+10,7.4668e+10,7.308e+10,6.5566e+10,7.8896e+10,7.9711e+10,7.4808e+10,7.6128e+10,7.4313e+10,7.6605e+10
"P08240","SRPR",1145210000,1076210000,1033050000,1271730000,1509720000,1319990000,762470000,796570000,783830000,915340000,797150000,941770000,1170330000,1103440000,1147150000,1244270000,1249950000,1277060000
"P08243","ASNS",2062890000,2030170000,2026790000,1870620000,2064030000,1886890000,1116030000,1065670000,1130730000,1043860000,968050000,1002310000,1599550000,1521030000,1563560000,2018190000,2235330000,2072450000
"P08473","MME",96880000,65257000,102290000,93551000,102968000,106129000,76327000,123986000,110412000,101970000,60822000,61125000,39144000,NA,29234000,NA,NA,NA
"P08559","PDHA1",1271120000,1156800000,1194360000,932380000,1053440000,882280000,1285070000,1328230000,1352030000,1298810000,1406160000,1240310000,1443370000,1404930000,1262770000,1577580000,1606070000,1585400000
"P08572","COL4A2",115344000,59315000,42391000,NA,78104000,36011000,NA,NA,NA,NA,NA,NA,19154000,NA,NA,65138000,133698000,84312000
"P08574","CYC1",612140000,555090000,560360000,582820000,743530000,587370000,918930000,872010000,818480000,1017980000,1010100000,836730000,930050000,937860000,875690000,974120000,9.61e+08,933220000
"P08579","SNRPB2",347490000,342277000,222450000,265477000,344760000,170929000,324409000,358180000,345659000,336570000,323287000,360280000,307645000,265386000,353540000,161974000,209920000,279160000
"P08621","SNRNP70",2788540000,2489850000,2342580000,2518780000,3099110000,2164780000,3075500000,2812980000,2732420000,2893440000,2704770000,2097550000,2661790000,2177930000,2023550000,2138010000,1831610000,2167450000
"P08648","ITGA5",1723890000,1872460000,1984140000,1971030000,1794500000,1814500000,1168470000,1191440000,1037160000,1005440000,939030000,896710000,1074580000,961950000,982900000,1220500000,1111350000,1260150000
"P08651","NFIC",456820000,420020000,423120000,514790000,570740000,557230000,952660000,824650000,1017620000,878930000,864090000,868900000,758250000,741700000,817520000,535150000,510110000,487270000
"P08708","RPS17",7.607e+09,7082700000,7529300000,7115400000,7935400000,7162300000,6207300000,5818200000,5911700000,5773900000,5714200000,5639600000,5572800000,5685600000,5999400000,5197700000,4939100000,5007300000
"P08754","GNAI3",246233000,211181000,176889000,162920000,162342000,103341000,389870000,313035000,367880000,234784000,318028000,192605000,298942000,227661000,173909000,329435000,276393000,345514000
"P08758","ANXA5",4.7443e+10,5.0339e+10,5.2284e+10,5.3209e+10,5.871e+10,5.4806e+10,6.4721e+10,6.3087e+10,5.6952e+10,5.2201e+10,5.405e+10,4.7832e+10,4.5436e+10,4.7154e+10,4.6381e+10,5.3649e+10,5.3494e+10,5.133e+10
"P08865","RPSA",14214600000,17948400000,17181900000,14946900000,13499900000,15872900000,12937800000,12205800000,13493800000,11745900000,11979900000,11664400000,10700800000,12296900000,12216800000,1.1112e+10,11917800000,10113200000
"P09001","MRPL3",85369000,129198000,89500000,109883000,148409000,102604000,240705000,191913000,234401000,203270000,242465000,138456000,126417000,192869000,141656000,123684000,184688000,159584000
"P09012","SNRPA",1296270000,1298350000,1328570000,1238230000,1245320000,1302230000,1495720000,1407490000,1556370000,1314580000,1.262e+09,1178390000,1143030000,1187140000,1074950000,1121680000,1176500000,1107900000
"P09104","ENO2",1474270000,1636360000,1470240000,1749900000,1808080000,1857800000,1772650000,1653560000,1728630000,1472790000,1558030000,1471060000,1515140000,1467850000,1466560000,1924730000,1889940000,1968030000
"P09110","ACAA1",1221460000,1151090000,1186890000,1261680000,1211140000,1160370000,1412320000,1415500000,1321820000,1513460000,1528080000,1343920000,1412780000,1415380000,1404740000,1471470000,1399010000,1302500000
"P09132","SRP19",71634000,56621000,41578000,64567000,NA,32952000,NA,NA,91443000,NA,NA,135901000,93910000,184060000,152155000,129578000,157945000,114820000
"P09211","GSTP1",5425900000,5604800000,5913700000,4596200000,4023740000,4690400000,5367400000,5599600000,4258900000,5107600000,4915300000,4023400000,4570400000,3448200000,3491600000,3996100000,3304400000,4128900000
"P09234","SNRPC",7.98e+08,707810000,657660000,555210000,727260000,528830000,825070000,924840000,874590000,875470000,894730000,837720000,770470000,800250000,736990000,850750000,774360000,908580000
"P09382","LGALS1",10481300000,1.1925e+10,13037100000,10910600000,10422300000,13392400000,11392200000,10338800000,10798900000,7812300000,9437400000,9765400000,7968200000,6848100000,7642200000,7417100000,6370300000,6518500000
"P09417","QDPR",149804000,280952000,226935000,129424000,241077000,137482000,285279000,162983000,218649000,237365000,258759000,247641000,241612000,226308000,254612000,280531000,276797000,265355000
"P09429;B2RPK0","HMGB1;HMGB1P1",7449300000,8524400000,9586500000,8697700000,9746100000,8716200000,12566700000,10660400000,10754200000,9946600000,9242600000,8630700000,7471200000,6.828e+09,6262800000,6371200000,5470200000,6208300000
"P09486","SPARC",718620000,843820000,1.083e+09,1675780000,1504110000,1695600000,2180050000,2629550000,2563630000,2573230000,2405450000,2380410000,3301700000,3134880000,3501600000,4450200000,3629200000,4328100000
"P09493","TPM1",9387900000,10646400000,13392600000,13248300000,14034400000,12260300000,8480100000,8382300000,7814600000,14362500000,12370300000,11453400000,24364700000,21303100000,21356500000,3.183e+10,24480500000,30365300000
"P09496","CLTA",2527470000,2537900000,2355350000,2467040000,2186360000,2546970000,2772580000,2815560000,2348700000,2058900000,2.047e+09,1905080000,1824370000,1879080000,1629920000,1519080000,1580900000,1864430000
"P09497","CLTB",1395860000,1294840000,1253010000,1429850000,1583460000,1390580000,1570010000,1670180000,1295310000,1477020000,1478340000,1207300000,1509170000,1434820000,1295300000,1591010000,1584110000,1662580000
"P09525","ANXA4",2362720000,2318420000,2266490000,2324090000,2426750000,2442050000,3021140000,2819470000,2946650000,2797870000,3010340000,2727640000,2601630000,2654240000,2647150000,3175300000,3160170000,3085300000
"P09543","CNP",1154300000,1180380000,1142850000,1189370000,1114910000,1119130000,2242590000,2112410000,2249590000,1915740000,1983570000,1965900000,1750200000,1723760000,1633190000,1410690000,1489080000,1546240000
"P09601","HMOX1",353957000,309501000,279210000,838450000,894300000,905230000,535830000,548800000,452520000,305788000,255206000,282046000,51561000,151487000,134860000,44128000,NA,NA
"P09619","PDGFRB",430364000,9.11e+08,816770000,345717000,222020000,489840000,1184600000,1229460000,997200000,667528000,991910000,1235810000,848790000,1337170000,1231640000,1337880000,1499630000,1630170000
"P09622","DLD",2203560000,2358900000,2130350000,1991580000,2498670000,1895370000,2562960000,3071670000,2528360000,3587600000,3335240000,2733710000,3470900000,2640500000,2763490000,3200590000,2997090000,3463900000
"P09651;Q32P51","HNRNPA1;HNRNPA1L2",23108700000,26911500000,25754700000,24161400000,25074400000,25784100000,27040500000,27667600000,27632600000,23303600000,23226700000,23770500000,20062600000,20165700000,19422500000,16222100000,17902700000,17469400000
"P09661","SNRPA1",955050000,929120000,970260000,789500000,926440000,785330000,1099120000,1060180000,960410000,1173500000,1050850000,837170000,1024530000,785110000,727740000,779400000,651090000,885970000
"P09669","COX6C",870610000,836960000,754720000,796270000,1151060000,748340000,1151940000,1272610000,986770000,1255190000,1167260000,802710000,1070690000,734510000,651780000,791030000,710820000,856320000
"P09874","PARP1",6214200000,5662100000,5634300000,5745300000,6580400000,5238600000,7460600000,7389700000,7161200000,7083600000,6873400000,6116900000,5140700000,4.602e+09,4419600000,3.938e+09,3540400000,3942300000
"P09914","IFIT1",NA,NA,NA,14952000,15977000,NA,NA,20024000,31532000,35815000,NA,NA,18451000,NA,NA,NA,17876000,15583000
"P09936","UCHL1",1897270000,1639130000,1625050000,1523800000,1660810000,1543300000,1755520000,1670470000,1607380000,1515980000,1559040000,1391260000,1411050000,1425090000,1417190000,1466050000,1402210000,1452980000
"P09960","LTA4H",2034250000,1905380000,1939360000,1998100000,2189430000,1823210000,2.043e+09,2041990000,2098350000,2180010000,2116750000,2087690000,1970010000,1820630000,2000150000,2.103e+09,1872220000,2041550000
"P09972","ALDOC",6804900000,5358300000,6673100000,7363400000,7151300000,7416600000,4259910000,7469900000,4518450000,6323500000,6.44e+09,6.451e+09,9977400000,7675200000,7737100000,8194700000,9007100000,10051400000
"Q71UI9;P0C0S5","H2AFV;H2AFZ",4212800000,2964420000,3931900000,5570700000,4937200000,5300500000,7077900000,6239100000,6488600000,5774100000,5610300000,5472800000,5252700000,5.107e+09,4844100000,4481800000,4428100000,3984900000
"Q99878;Q96KK5;Q6FI13;P0C0S8;Q9BTM1;Q16777;Q93077;P20671;Q7L7L0;P04908","HIST1H2AJ;HIST1H2AH;HIST2H2AA3;HIST1H2AG;H2AFJ;HIST2H2AC;HIST1H2AC;HIST1H2AD;HIST3H2A;HIST1H2AB",17626300000,4644500000,13920200000,16413800000,1.8992e+10,1.6392e+10,23769300000,27469200000,20430900000,22924700000,24186200000,19218500000,24082300000,16523500000,1.343e+10,15551700000,13296100000,16412600000
"P0CAP2;Q9BZD3","POLR2M;GCOM2",NA,NA,NA,NA,NA,NA,506800,1079200,NA,NA,1641700,NA,NA,561660,NA,856700,1183970,510720
"P0CG35;P0CG34","TMSB15B;TMSB15A",156908000,138823000,253567000,310566000,270340000,369355000,326410000,312422000,327545000,247131000,241357000,NA,144062000,48576000,NA,32638000,NA,43060000
"P0CW20;P0CW19","LIMS3L;LIMS3",644700000,590890000,552700000,589450000,781340000,419830000,589210000,690610000,596220000,599180000,506610000,409720000,766590000,527060000,469140000,548340000,566780000,599830000
"P0DMV9;P0DMV8","HSPA1B;HSPA1A",6843100000,7188300000,7139900000,6834900000,7728700000,7014600000,7082300000,7036100000,6884900000,8234800000,8239400000,7507400000,7573800000,7203100000,7261300000,7578700000,7591300000,7953800000
"P0DN76;Q01081;Q8WU68","U2AF1;U2AF1L4",1296170000,1329120000,1171610000,1056060000,1264630000,731770000,1336910000,1521120000,1151490000,1088730000,1296770000,1050860000,1208460000,830670000,713780000,1133400000,922720000,1072560000
"P10155","TROVE2",1372730000,1500700000,1385870000,1620390000,1571190000,1573490000,1532170000,1708380000,1854940000,1631020000,1824890000,1816750000,1571120000,1609820000,1794070000,1530660000,1507590000,1452700000
"P10253","GAA",241205000,237860000,216406000,400460000,285460000,310422000,759400000,772290000,766170000,1012860000,963970000,921200000,888450000,660570000,870470000,779580000,763700000,862450000
"P10301","RRAS",1137880000,1031490000,1084020000,1064660000,1207980000,981190000,1189410000,952200000,1000740000,927550000,860080000,905160000,871180000,725740000,824600000,949510000,900330000,894940000
"P10412;P22492","HIST1H1E",14992400000,17033200000,18332300000,23590500000,23302800000,18050300000,27832100000,27470300000,26392100000,28531400000,25174100000,21369700000,24115400000,18481300000,18750600000,20762200000,16575100000,20195900000
"P10515","DLAT",1090730000,1115890000,1179470000,1155980000,1047800000,1115830000,1449540000,1392590000,1395240000,1604240000,1498190000,1783710000,1534870000,1583230000,1634260000,1635630000,1745350000,1566320000
"P10599","TXN",5928500000,6321800000,8033700000,6840800000,6973800000,6669100000,6727400000,6057100000,6.255e+09,5486200000,5413500000,5887400000,4.128e+09,4229800000,4420600000,3.967e+09,3206400000,3749900000
"P10606","COX5B",1603470000,1825590000,1836680000,1813530000,1778320000,1665170000,2197090000,2251750000,2112550000,2222530000,2084930000,1814550000,1826160000,1683340000,1530720000,1425610000,1365810000,1632360000
"P10619","CTSA",360130000,428200000,417160000,477260000,502890000,530520000,888350000,861550000,918460000,939930000,945440000,1033720000,899370000,781350000,851960000,692050000,714750000,866190000
"P10620","MGST1",668590000,655860000,576840000,575940000,721740000,572940000,971910000,929980000,910170000,1143120000,1154950000,975290000,1447720000,1152840000,1205300000,1325180000,1192260000,1149440000
"P10644","PRKAR1A",2927400000,3031310000,2842220000,2622800000,2865930000,2501440000,2758510000,2863170000,2678960000,3352200000,3176910000,2975610000,3543200000,3084190000,2961680000,2557770000,2359360000,2633500000
"P10746","UROS",NA,NA,31700000,26983000,27728000,NA,NA,65569000,80320000,112292000,108072000,130322000,80048000,117575000,120200000,120775000,107376000,102072000
"P10768","ESD",4651700000,4855800000,4684700000,5144500000,5772900000,5021700000,6227800000,6107700000,5260300000,5629900000,5.863e+09,5745200000,5049600000,5131300000,4947200000,4903500000,5062100000,5057700000
"P10809","HSPD1",1.9602e+10,2.0468e+10,20371600000,18455200000,19853600000,21075700000,20706500000,19893500000,2.0234e+10,19903300000,19751100000,21668200000,17411900000,17965300000,1.845e+10,15599400000,15796600000,16003100000
"P11021","HSPA5",3.437e+10,3.4979e+10,3.7118e+10,4.3659e+10,4.6482e+10,4.2979e+10,3.7669e+10,3.7912e+10,3.5658e+10,4.615e+10,4.4552e+10,3.8559e+10,6.2374e+10,5.8493e+10,5.7373e+10,6.6008e+10,6.0978e+10,6.5242e+10
"P11047","LAMC1",2241420000,2069940000,2210860000,2448350000,2468180000,2521660000,1208630000,1070820000,1066110000,1088050000,1165100000,1067630000,1267020000,1271260000,1396930000,1472190000,1410730000,1486130000
"P11055","MYH3",11542500,13715100,9179000,4824340,14068800,5662330,16337000,8342800,10531800,6500200000,4899500000,3983200000,7.5169e+10,6.6021e+10,6.4673e+10,1.53583e+11,1.36894e+11,1.5844e+11
"P11117","ACP2",138846000,147745000,137709000,139398000,119935000,129065000,189450000,175129000,171141000,169910000,161016000,139768000,82474000,79382000,143313000,82916000,115799000,89496000
"P11142","HSPA8",4.546e+10,4.2201e+10,4.3562e+10,4.217e+10,4.7009e+10,4.0268e+10,3.5749e+10,3.5003e+10,3.1245e+10,4.0575e+10,3.8184e+10,3.1832e+10,3.9165e+10,3.4145e+10,3.3091e+10,3.3956e+10,3.3395e+10,3.5835e+10
"P11166","SLC2A1",700690000,690630000,671790000,598510000,689070000,575030000,372820000,349930000,349460000,428660000,366330000,351850000,434470000,352630000,360770000,454670000,406560000,470580000
"P11172","UMPS",802070000,789550000,719850000,841820000,749670000,587570000,734180000,659920000,749520000,640910000,599150000,509830000,532300000,473910000,391800000,418190000,429740000,423860000
"P11177","PDHB",1728360000,1795300000,1740450000,1885600000,1908230000,1844880000,2679200000,2604710000,2571240000,2798990000,2857960000,2498160000,3084500000,3015500000,2873220000,3.565e+09,3227660000,3680600000
"P11182","DBT",63034000,87487000,36843000,121063000,87659000,92466000,177725000,159956000,186227000,212470000,182658000,231063000,247177000,225409000,210014000,262586000,249251000,214850000
"P11216","PYGB",6489600000,6714200000,6316400000,7086700000,7078400000,6932300000,5854100000,5776100000,6402800000,5189600000,5537500000,5686600000,4725400000,4770800000,5060700000,4984200000,5160100000,4956200000
"P11233","RALA",515140000,538530000,562120000,526680000,551450000,467020000,634330000,676470000,566330000,586720000,595700000,597930000,603830000,536840000,560530000,686150000,581410000,760660000
"P11234","RALB",925910000,930150000,890890000,840440000,937830000,795840000,959960000,951990000,1013440000,798150000,765430000,725470000,670230000,689050000,678380000,704610000,764510000,728920000
"P11274","BCR",NA,NA,26101000,NA,NA,NA,48395000,NA,42820000,NA,35924000,77163000,NA,90658000,46451000,23949000,114721000,28320000
"P11279","LAMP1",1776930000,2299370000,2648380000,1939170000,1789320000,2127930000,2285200000,2438110000,2239120000,1903760000,2073160000,2478710000,1775320000,1919820000,2001940000,1801630000,1896390000,2063630000
"P11310","ACADM",769660000,798410000,739140000,852280000,794410000,870680000,1070680000,901060000,1083360000,1021420000,998800000,1099400000,1095710000,1136380000,1136430000,879420000,985350000,1012650000
"P11387","TOP1",2881790000,2868400000,2799260000,2633780000,2745050000,2505270000,2800650000,2804940000,2647770000,2827450000,2864060000,2.371e+09,2310160000,2129740000,2026680000,1531650000,1.434e+09,1593180000
"P11388","TOP2A",790460000,1048570000,966060000,978110000,1020540000,788260000,79248000,76345000,69522000,NA,NA,49569000,NA,NA,NA,NA,NA,NA
"P11413","G6PD",11946100000,12675400000,12608700000,10480500000,11117800000,10333200000,10817100000,10035200000,10394700000,8556900000,8730600000,8198200000,6451100000,6.222e+09,6398100000,5943600000,6159800000,6010100000
"P11441","UBL4A",95244000,85509000,272696000,232467000,168145000,NA,86017000,NA,134863000,72364000,NA,NA,90019000,NA,NA,270785000,246991000,NA
"P11498","PC",247590000,182114000,171513000,197875000,131367000,161592000,571910000,523830000,565910000,800190000,772980000,708170000,1034590000,1056430000,1094370000,1295700000,1550110000,1355550000
"P11532","DMD",119191000,NA,74024200,42720600,40537000,109016000,35811500,86755700,28721000,571370000,492420000,600210000,2974960000,6231930000,3520320000,5607600000,4582300000,4643800000
"P11586","MTHFD1",9.889e+09,9667200000,9.43e+09,9010300000,9481100000,8544900000,9806800000,9027900000,9147700000,9086600000,9081700000,8140500000,8241900000,7966500000,7459400000,7863800000,7183900000,7813600000
"P11717","IGF2R",1796650000,1787190000,1785900000,1755340000,1747790000,1689070000,1500610000,1445040000,1458810000,2017490000,2085560000,1589040000,2280140000,2008820000,1950080000,1827910000,1630110000,1856900000
"P11766","ADH5",3.93e+09,3713400000,4020200000,4568800000,4688100000,4701600000,4915300000,5045400000,5232900000,5263100000,5.197e+09,5508200000,4821700000,4840600000,5058200000,4613700000,5016800000,4431600000
"P11802","CDK4",11648500000,11706400000,11155700000,9494600000,10647600000,9881400000,7911100000,8194600000,7571900000,6629400000,6659100000,6.266e+09,5706200000,5335500000,5217100000,4605300000,4565300000,5.008e+09
"P11908","PRPS2",446460000,529390000,588780000,537410000,474490000,531550000,435810000,352190000,401270000,276466000,355450000,361740000,85204000,310556000,291392000,151484000,162448000,NA
"P11940;Q9H361;Q4VXU2","PABPC1",18937500000,18805500000,18027200000,16668900000,17559300000,15983100000,12241500000,12012800000,12343500000,13556400000,13078200000,11865300000,1.3128e+10,12067900000,11683200000,11401600000,1.0607e+10,11949400000
"P12004","PCNA",6906900000,7328100000,6939300000,6216100000,6671800000,5780400000,5285500000,5338500000,5171200000,3488900000,3412900000,3142220000,2146030000,2048260000,1861320000,1157990000,1148760000,1283820000
"P12081","HARS",5408400000,5123300000,5098500000,5051900000,5082100000,4886400000,4504400000,4408800000,4412500000,3954100000,4138100000,3760500000,3596800000,3788100000,3721400000,3392900000,3.386e+09,3381500000
"P12109","COL6A1",694840000,730630000,670200000,922880000,1030120000,885250000,1380030000,1370410000,1296020000,2294500000,2070240000,2021520000,2604240000,2357810000,2358270000,2164290000,1888450000,1941520000
"P12110","COL6A2",245981000,225416000,333713000,413490000,336325000,339884000,296020000,290104000,359670000,475510000,613300000,479820000,659310000,643850000,595820000,630100000,580540000,587470000
"P12235","SLC25A4",NA,NA,NA,NA,NA,NA,8123900,39537000,NA,8950300,17211000,NA,31450000,91790000,100708000,117332000,117232000,58648000
"P12236","SLC25A6",1.1089e+10,11451500000,11655800000,13320300000,11271800000,12749300000,12184300000,1.2503e+10,13846700000,1.2811e+10,12750600000,13258100000,10911600000,12945800000,13053300000,1.1344e+10,12242900000,11085100000
"P12268","IMPDH2",12653800000,1.2716e+10,12121300000,11368600000,11846500000,1.1241e+10,9826900000,9900500000,9650800000,9920400000,9755200000,9136100000,9331300000,8605600000,8.332e+09,7628600000,7458800000,8037200000
"P12270","TPR",4611900000,4115900000,4.41e+09,4114700000,4373500000,3784700000,5219400000,4885400000,4892400000,4643700000,4879700000,4366600000,4071800000,3468500000,3391700000,3196200000,3127100000,3311800000
"P12277","CKB",793110000,788100000,729930000,2005210000,1859440000,1811940000,6900900000,7722900000,7.78e+09,26623800000,25880400000,22103300000,4.3211e+10,4.2312e+10,3.9339e+10,4.6394e+10,4.5645e+10,4.9394e+10
"P12694","BCKDHA",102329000,232927000,213149000,187510000,220744000,288117000,362340000,421280000,365840000,428340000,380620000,338050000,333212000,333134000,297642000,333767000,306595000,313131000
"P12814","ACTN1",3.3185e+10,30278200000,30777600000,28396300000,2.6517e+10,28694800000,28631700000,27760300000,29148800000,26048100000,26112200000,25193500000,24463600000,26900200000,26912600000,29654700000,29890300000,30295600000
"P12829","MYL4",13927000,NA,27355000,115354000,138217000,90383000,952320000,1084350000,978250000,7646300000,6666700000,5664200000,18979600000,15652800000,15907800000,24155500000,20492600000,22026200000
"P12883","MYH7",9236400,4063500,26130000,67951400,NA,27037500,19734800,27890800,13447800,841280000,850900000,610100000,3051190000,4727500000,3933900000,12002900000,1.0484e+10,13628200000
"P12955","PEPD",1187330000,1.203e+09,1182220000,1333700000,1293940000,1402830000,1456290000,1480960000,1522300000,1564150000,1593380000,1674890000,1461010000,1411310000,1583410000,1427310000,1320520000,1367060000
"P12956","XRCC6",18779600000,1.9015e+10,18343500000,17614800000,18521600000,16998500000,20996900000,2.0546e+10,21946600000,19595700000,19620600000,18976300000,17851800000,16924100000,17286700000,14857800000,14416500000,14885300000
"P13010","XRCC5",8555300000,8837300000,8278600000,9980800000,8.788e+09,9718200000,10471600000,9.256e+09,11106400000,9499900000,10071500000,10106900000,8968200000,9132600000,9441200000,8371100000,8070500000,7908200000
"P13073","COX4I1",2663660000,2265830000,2382500000,2434680000,2799680000,2267780000,2813370000,2942170000,2745210000,3013450000,2810140000,2451870000,2643160000,2858540000,2493740000,2255630000,2425150000,2429200000
"P13473","LAMP2",387050000,544490000,680310000,651380000,282410000,582990000,611880000,639780000,662760000,405456000,459210000,768440000,422270000,425540000,520850000,548550000,576720000,583500000
"P13489","RNH1",6425600000,6822400000,6910500000,7152800000,7505400000,6889700000,8366900000,8.807e+09,8520400000,9573300000,9417400000,9525800000,10502700000,10460100000,10358300000,10747200000,11071900000,11237900000
"P13535","MYH8",124954000,NA,57156000,NA,19761000,110750000,12736300,19246100,17250200,11387100000,9296600000,9057100000,4.139e+10,3.8071e+10,3.6192e+10,4.3234e+10,4.4801e+10,4.153e+10
"P13591","NCAM1",1264490000,1388830000,1367530000,3495700000,3454800000,3231060000,5809600000,5815200000,5320100000,1.0377e+10,9544100000,8090100000,12048900000,11240300000,1.0852e+10,11773900000,10154200000,12373100000
"P13611","VCAN",245440000,245860000,145260000,147720000,NA,NA,NA,NA,NA,390980000,380460000,412430000,145950000,393630000,655500000,NA,155280000,4.63e+08
"P13612","ITGA4",4.21e+08,256746000,246931000,160574000,285448000,245135000,242687000,253219000,173684000,271318000,347714000,233946000,406490000,318318000,333320000,458940000,517410000,554070000
"P13639","EEF2",5.5497e+10,5.328e+10,5.1971e+10,5.0843e+10,5.708e+10,4.8735e+10,4.0237e+10,4.0698e+10,4.0515e+10,4.5807e+10,4.6896e+10,4.1782e+10,4.9471e+10,4.6652e+10,4.6758e+10,4.4524e+10,4.3126e+10,4.5817e+10
"P13667","PDIA4",12811900000,12320400000,12150500000,13594400000,15060200000,12213600000,12815300000,12581700000,12055200000,14265800000,13579800000,11353200000,18613900000,16335800000,14690500000,17643500000,16114600000,18227900000
"P13674","P4HA1",3245100000,3.176e+09,3185670000,4391700000,4665200000,4347600000,3498400000,3613800000,3622300000,3553700000,3337600000,3124190000,4679500000,4488800000,4283100000,5748500000,5518900000,5.816e+09
"P13693;Q56UQ5","TPT1",11186900000,9807700000,9909300000,10211800000,12297400000,9413500000,8363300000,8998400000,8020300000,9370600000,8600300000,6.409e+09,9090600000,8287400000,7267900000,8850100000,8172800000,8.89e+09
"P13716","ALAD",272212000,323658000,312310000,405690000,343264000,404810000,434050000,449340000,418680000,404870000,422220000,460280000,382800000,399450000,491690000,448150000,436680000,452420000
"P13797","PLS3",8529100000,8040900000,8291600000,7571300000,7641800000,7751700000,9503700000,9921400000,9033300000,8569600000,8854100000,8558800000,6658600000,6857300000,7046200000,6296800000,6.448e+09,6364700000
"P13798","APEH",1880670000,1820280000,1808560000,1804030000,1640730000,1768970000,1713640000,1758640000,1829610000,1648330000,1752550000,1688260000,1612200000,1710270000,1662280000,1765910000,1801490000,1684680000
"P13804","ETFA",3014930000,2708980000,2654070000,2327360000,2668750000,2477900000,3661600000,3806300000,3439400000,4.236e+09,3993700000,3.604e+09,3751500000,3179200000,3091200000,3505800000,3195990000,3588300000
"P13805","TNNT1",NA,NA,NA,NA,NA,NA,NA,NA,35056000,889840000,780230000,824450000,3246800000,3115620000,3052990000,4828500000,5014800000,4884300000
"P13807;P54840","GYS1",1365380000,1311120000,1156690000,2113220000,2262780000,2052780000,1814890000,2022560000,2028610000,3.412e+09,3267800000,3321100000,5069300000,4817700000,5035800000,5811800000,5592700000,5829900000
"P13861;P31323","PRKAR2A",1690850000,1728870000,1806850000,1713880000,1722660000,1678500000,1928190000,2019230000,2000590000,2017010000,2006010000,1920510000,2133860000,2051390000,2017240000,2043530000,2023940000,2084900000
"P13929","ENO3",87834700,75821000,100654000,254589000,255178000,324058000,441763000,845880000,531720000,3861900000,3987200000,3844500000,1.301e+10,11271900000,10729600000,2.0705e+10,20072900000,18474200000
"P13984","GTF2F2",1217860000,1093010000,1035310000,1064500000,1175870000,975770000,1067790000,953260000,950020000,873130000,903210000,800780000,756210000,735830000,693650000,648580000,590980000,576590000
"P13987","CD59",2412240000,1890370000,1740460000,1085460000,1541270000,1154520000,1944890000,2244340000,1610570000,1485020000,1436870000,1076560000,1118180000,889950000,882800000,992360000,859870000,1068910000
"P13995","MTHFD2",51478000,72465000,78700000,NA,NA,71761000,NA,26322000,4430800,NA,13860000,37398000,19677000,4792300,4199600,25227000,15009100,14987000
"P14209","CD99",NA,NA,NA,15494000,NA,NA,27103000,34018000,NA,28002000,28606000,NA,31639000,NA,NA,64118000,NA,NA
"P14314","PRKCSH",5848500000,5384300000,5980200000,6838400000,7149700000,7495400000,6524200000,6906200000,6189200000,6.281e+09,6169600000,5995500000,5788800000,5510800000,5.483e+09,5451300000,4786100000,5884200000
"P14324","FDPS",1407100000,1253660000,1398230000,1121220000,1287100000,613420000,1166860000,909850000,988120000,850700000,482050000,507420000,1270360000,659910000,621650000,1572760000,1831430000,2127250000
"P14550","AKR1A1",2268290000,2099140000,2089680000,2174350000,2473560000,1953490000,2498730000,2577560000,2340360000,2861680000,2647700000,2192470000,2990060000,2534010000,2467540000,3109200000,2957450000,3197800000
"P14618","PKM",1.72705e+11,1.87082e+11,1.81971e+11,2.07325e+11,1.96798e+11,2.07563e+11,2.04933e+11,1.95464e+11,2.13271e+11,1.73486e+11,1.77328e+11,1.79968e+11,1.72995e+11,1.64641e+11,1.69951e+11,1.83818e+11,1.84568e+11,1.80659e+11
"P14625","HSP90B1",23519700000,21823700000,20571600000,22917300000,27555200000,2.3762e+10,21634400000,22721600000,20397600000,23089600000,21072800000,18073700000,27493900000,22800300000,22695100000,25052600000,26045700000,27504300000
"P14649","MYL6B",23589300,60533100,58498000,102797000,60454000,127483000,629950000,656360000,654550000,4391800000,4016100000,3973100000,13755200000,13391200000,13162400000,20970100000,18127600000,19281800000
"P63162;P14678","SNRPN;SNRPB",1720880000,1659060000,1448220000,1626930000,2099520000,1599330000,1780270000,1759290000,1736020000,1822390000,1873790000,1467300000,1.584e+09,1349910000,1580180000,1597290000,1346030000,1536770000
"P14735","IDE",1737890000,1879690000,1822410000,1837200000,1636830000,1714460000,1561750000,1649970000,1682090000,1834830000,1881230000,1900470000,2112950000,1983820000,2117810000,2168950000,1878110000,2011760000
"P14866","HNRNPL",5025200000,5026700000,4369200000,4583400000,5553400000,4.254e+09,5960400000,6281700000,5860200000,5.835e+09,5934500000,4871300000,5235500000,4560500000,4462400000,4116900000,3.972e+09,4638500000
"P14868","DARS",7467900000,6969900000,6587800000,7593800000,8612700000,7211200000,7.018e+09,7154100000,7158600000,7390500000,7428600000,6509800000,7800500000,6934100000,6853800000,7788500000,7275500000,7779400000
"P14923","JUP",77255000,NA,NA,NA,176718000,NA,NA,103760000,NA,170538000,NA,NA,77908000,NA,NA,NA,NA,152363000
"P14927","UQCRB",562600000,608180000,628120000,541410000,569150000,562580000,782750000,796430000,720670000,821110000,785470000,776400000,872390000,782990000,761010000,940570000,879880000,759910000
"P15104","GLUL",449260000,442370000,427280000,648770000,823510000,574600000,1037290000,1075630000,981950000,903180000,947800000,852340000,427670000,444260000,366760000,177287000,263604000,242082000
"P15121","AKR1B1",2972050000,2750240000,2361930000,2957250000,2990910000,2752800000,3563600000,3286400000,3767700000,3.663e+09,3616500000,3558500000,3636300000,3236700000,3201800000,3502300000,3340900000,3540500000
"P15144","ANPEP",5319700000,5.038e+09,5.178e+09,5732100000,5673200000,5846400000,6645800000,7033500000,7221400000,5701600000,5632800000,5699700000,4167900000,4280700000,4326800000,3216070000,3427200000,3250580000
"P15151","PVR",410820000,412990000,433416000,344840000,388780000,340505000,526720000,501600000,425250000,801810000,777850000,678140000,1.17e+09,1022040000,936250000,788250000,679640000,909500000
"P15170","GSPT1",3130450000,2675260000,2590120000,2853910000,3458700000,2815740000,2256280000,2101450000,2292450000,2382950000,2144830000,2248770000,2573590000,2268880000,2188170000,2459570000,2245940000,2212770000
"P15173","MYOG",NA,NA,NA,NA,NA,NA,65818000,86029000,NA,114055000,38407000,84175000,30652000,15550000,22327000,NA,19904000,NA
"P15259","PGAM2",NA,NA,NA,NA,NA,NA,36262000,41962000,37592000,396510000,375090000,301746000,714070000,551410000,562050000,802520000,783350000,960380000
"P15289","ARSA",245583000,151224000,225714000,261689000,236761000,282355000,455680000,417980000,417850000,423790000,409950000,526590000,402460000,439530000,446920000,429880000,442310000,378600000
"P15291","B4GALT1",87074000,114898000,108760000,119961000,138506000,130788000,38541000,NA,27863000,30232000,27108000,57436000,NA,NA,26847000,NA,NA,NA
"P15311","EZR",7751400000,7005500000,7304700000,7799500000,8010100000,7516300000,6954800000,6729100000,7061300000,5618700000,5859600000,5665900000,4144300000,4628200000,4308700000,3967900000,4197400000,4011500000
"P15374","UCHL3",1780840000,1872900000,2143940000,1992320000,1959660000,1902160000,2081730000,2054830000,1897250000,2.001e+09,2098760000,1904410000,1910970000,1976890000,1987620000,2163020000,1967860000,2180220000
"P15407","FOSL1",149668000,157869000,129484000,102457000,122048000,91562000,NA,NA,14086000,NA,NA,NA,NA,NA,NA,NA,NA,NA
"P15502","ELN",NA,NA,NA,82178000,NA,95057000,41195000,108663000,111390000,NA,111641000,114543000,NA,42412000,105018000,37442000,178194000,61027000
"P15531","NME1",7.193e+09,7108800000,7.879e+09,8012300000,7192400000,7405600000,7854900000,7101500000,7565500000,6661700000,6776400000,6410700000,6708400000,7166200000,7100500000,7018900000,6759200000,6744300000
"P15559","NQO1",15082600000,13568300000,12877600000,12211200000,13592100000,10949200000,13792200000,13511400000,13878800000,13159200000,12588800000,11215300000,8.847e+09,9.607e+09,9021900000,8.009e+09,6994700000,7878700000
"P15586","GNS",1373800000,1292330000,1411860000,1559250000,1589100000,1687780000,2356330000,2446800000,2512660000,2221620000,2209120000,2025050000,2137260000,1928170000,2008420000,2046660000,1977780000,2125970000
"P15880","RPS2",12749800000,12097700000,11068900000,14376400000,14042600000,13803700000,11419700000,12111600000,12553900000,12055900000,11594900000,10931300000,11571600000,11170400000,10803300000,10468900000,10642900000,10918300000
"P15882","CHN1",75536000,67570000,83714000,82131000,88810000,82574000,105057000,104514000,79938000,105354000,92763000,76145000,83377000,65200000,58051000,86060000,75437000,77525000
"P15924","DSP",723940000,771860000,681710000,916930000,836530000,994710000,405164000,470680000,464490000,500760000,584470000,702120000,725340000,726730000,844610000,998490000,997110000,892980000
"P15927","RPA2",1052700000,1023750000,1030060000,958690000,997430000,964060000,1232360000,1148380000,1249540000,1091390000,1026890000,1070580000,892860000,931460000,878010000,745520000,785790000,749840000
"P16070","CD44",4520200000,5100200000,6001200000,5.374e+09,5505700000,5284900000,4338500000,4631900000,4492600000,3286700000,3001540000,2871600000,2020560000,2119840000,2155130000,1630390000,1312370000,1627580000
"P16152","CBR1",3775300000,3860400000,3738600000,3.221e+09,3.294e+09,3113600000,3667800000,3644100000,3531500000,3338600000,3401900000,3163900000,2917950000,2775380000,2719670000,2606680000,2634450000,2814670000
"P16220","CREB1",116963000,165853000,223045000,201309000,116833000,133126000,192625000,140680000,144050000,148650000,167825000,117894000,52161000,168462000,104845000,58196000,151035000,88723000
"P16260","SLC25A16",15244900,10220700,4920300,10295700,15942400,4953100,2963600,9432900,3122800,12784400,9032700,4745700,16937900,16478100,5361000,8424800,5474100,NA
"P16278;Q6UWU2","GLB1",764030000,659830000,670330000,831400000,1031510000,809110000,1473990000,1557280000,1355600000,1592610000,1546600000,1301390000,1372230000,1196790000,1380680000,1226550000,1066670000,1145570000
"P16298","PPP3CB",706240000,785340000,768330000,755570000,815740000,720770000,748430000,737910000,733610000,808510000,855650000,791140000,968070000,858490000,921130000,998200000,898010000,995860000
"P16333","NCK1",34196000,30604000,58906000,53936000,53776000,65900000,NA,NA,39894000,59559000,63415000,90873000,64530000,89424000,63313000,25024000,NA,18467000
"P16401","HIST1H1B",11215100000,13272900000,14626400000,1.5728e+10,16436300000,12617700000,22033900000,2.2569e+10,19619300000,21331500000,2.0122e+10,16214200000,17653900000,15805300000,14478200000,14943500000,12126900000,1.4872e+10
"P16435","POR",1017370000,918400000,884460000,1037570000,1208460000,1026070000,1916820000,1990280000,1882860000,2512490000,2429920000,2089520000,2831230000,2594460000,2502710000,2418830000,2508030000,2798760000
"P16455","MGMT",165811000,145279000,172167000,50321000,148897000,107884000,152919000,158367000,163301000,202443000,178224000,134992000,59891000,NA,NA,57431000,30812000,NA
"P16615","ATP2A2",4.783e+09,4563600000,4601900000,4834600000,4978100000,4574700000,4935900000,4697800000,4780900000,8078800000,8.132e+09,7579400000,11340800000,11375100000,11084100000,9553200000,9805400000,10158100000
"P16930","FAH",741310000,686330000,743310000,733030000,694750000,641810000,695920000,708070000,722740000,779030000,711750000,747870000,691030000,640820000,642790000,625690000,593780000,653230000
"P16949;Q9H169","STMN1",11691700000,12107500000,12716700000,11358700000,11041400000,12281500000,13330300000,13327300000,11993600000,9579300000,10268600000,9267600000,7529500000,6429700000,6084300000,7077700000,5632800000,6270600000
"P16989","YBX3",1654960000,1644180000,1659990000,1639220000,1797610000,1364410000,1267820000,1302110000,1078420000,1876700000,1501060000,1356850000,2063480000,1538540000,1413660000,1841230000,1486660000,2075260000
"P17010;P08048;Q9Y462","ZFX;ZFY",10176000,12574100,12464500,13390600,13771300,9237500,8223900,31690300,10567000,19817900,5162700,NA,17020500,NA,3854000,4541800,NA,10567200
"P17026","ZNF22",23028900,NA,NA,NA,16682300,NA,13650000,25138000,15797000,25779000,10044000,5107900,48874000,12247000,14122000,10937000,NA,12276000
"P17028","ZNF24",46596000,54862000,16729000,36537000,40977000,10161000,44584000,43932000,29079000,46326000,43818000,24892000,71146000,53936000,40127000,50867000,NA,33679000
"P17050","NAGA",NA,58969000,122231000,113507000,NA,145462000,NA,49676000,223397000,55499000,45980000,257250000,55250000,88536000,101309000,67767000,NA,NA
"P17096","HMGA1",2725560000,2771560000,2666240000,2437140000,2442530000,1756670000,3102180000,3009140000,2692920000,2296020000,2626770000,2458970000,1507200000,1665310000,1560180000,1338890000,1200930000,1155100000
"P17152","TMEM11",130773000,163855000,112907000,156311000,204155000,157343000,206254000,209689000,188597000,2.35e+08,221979000,221818000,222425000,203667000,184113000,216362000,133939000,204860000
"P17174","GOT1",1727660000,1802710000,1792960000,1847270000,1867860000,1935980000,1937530000,1938560000,1855980000,2084990000,2078010000,1870080000,2445580000,2379910000,2392430000,2990020000,2624020000,2901300000
"P17252","PRKCA",300872000,301686000,182037000,282154000,304436000,241867000,234239000,177706000,241788000,194077000,192096000,217252000,226986000,206898000,138654000,202180000,219258000,256426000
"P17275","JUNB",44422000,90120000,130379000,138478000,NA,170099000,NA,NA,NA,NA,NA,NA,NA,41269000,NA,NA,NA,NA
"P17405","SMPD1",79059000,74894000,NA,80224000,90520000,NA,83499000,115225000,43110000,36203000,30520000,NA,26765000,NA,NA,NA,23719000,NA
"P17480","UBTF",527910000,348276000,469840000,488910000,475240000,437480000,519650000,491170000,464500000,524840000,526130000,500100000,364279000,428680000,413670000,404880000,394950000,332170000
"P17535","JUND",118284000,75898000,125269000,84482000,NA,94890000,74324000,37825000,93226000,NA,28092000,23867000,NA,NA,37353000,NA,NA,NA
"P17540;P12532","CKMT2;CKMT1A",NA,NA,NA,NA,NA,NA,NA,NA,NA,65947000,204410000,111433000,314480000,269985000,270067000,322265000,306337000,287090000
"P17544;P15336;Q02930","ATF7;ATF2",68292000,40849000,16401000,17433000,68065000,14264000,27490000,44930000,NA,53238000,63214000,19653000,73339000,22195000,NA,42443000,17015000,69396000
"P17612","PRKACA",1028760000,1157260000,1153290000,1178140000,1180990000,1191380000,926030000,1001870000,928540000,1206200000,1148300000,1248850000,1463880000,1427040000,1480180000,1261190000,1288220000,1303810000
"P17655","CAPN2",13041700000,12374100000,1.1642e+10,11548300000,13172100000,11406100000,12076400000,12195100000,1.2192e+10,11496700000,11237200000,11014800000,9467300000,9524500000,9236300000,8.846e+09,8896600000,8898900000
"P17661","DES",3.4988e+10,3.7908e+10,3.8103e+10,6.0331e+10,5.4315e+10,5.7175e+10,9.1543e+10,8.8942e+10,8.5257e+10,1.05688e+11,1.10575e+11,1.0234e+11,1.46902e+11,1.45895e+11,1.33862e+11,1.57866e+11,1.65268e+11,1.7541e+11
"P17812","CTPS1",4386900000,4082500000,3871600000,3352900000,3679400000,3280760000,2634930000,2649060000,2472910000,2434790000,2373210000,2257240000,2042360000,1725730000,1841850000,1795620000,1634050000,1812470000
"P17813","ENG",518220000,502810000,516770000,384920000,454540000,441810000,181200000,51446000,143574000,NA,131686000,142229000,82711000,35485000,77628000,158498000,NA,32465000
"P17844","DDX5",10219700000,9632700000,10153300000,8377600000,8419800000,8231300000,7046600000,6994500000,6958100000,7741200000,7646200000,7934400000,6649800000,7071200000,6905700000,5556900000,5715400000,5.712e+09
"P17858","PFKL",3012220000,2950630000,2781060000,3849500000,4137400000,3.762e+09,3917500000,3626600000,3940300000,3527900000,3695600000,3487300000,4146500000,4201300000,4198700000,4565100000,4898300000,4941800000
"P17931","LGALS3",1283530000,1670120000,1597090000,1918050000,1724450000,1842450000,1997070000,2071050000,2075260000,1763810000,1929450000,1968940000,1944690000,1909740000,1979770000,2213180000,2240470000,2159310000
"P17980","PSMC3",6610700000,6380200000,6078900000,6026900000,6544400000,6153500000,5956500000,6305800000,6008800000,6666200000,6475600000,6319400000,7098600000,6755500000,7104200000,6.912e+09,7080100000,7314600000
"P17987","TCP1",10677400000,11057700000,10600400000,10727500000,11631800000,10626500000,9303300000,9542200000,9851600000,10560100000,1.059e+10,9718400000,10534500000,10064200000,10478800000,10722300000,10312300000,10486200000
"P18031","PTPN1",1485720000,1470690000,1500880000,1426420000,1423830000,1431460000,993040000,1009100000,1132960000,943490000,904220000,965090000,716290000,791970000,993920000,765060000,727020000,724540000
"P18074","ERCC2",93516000,87547000,94451000,54773000,83121000,74383000,103498000,85363000,57290000,86351000,86680000,64832000,57587000,91847000,27372000,22371000,18756000,50222000
"P18077","RPL35A",2799600000,2874740000,2724480000,2248900000,3088780000,2841490000,2194870000,2176340000,2217150000,2.242e+09,2378650000,2200070000,2606390000,2208260000,2158040000,2159880000,2490040000,2751780000
"P18084","ITGB5",395780000,414530000,466990000,585650000,560040000,623690000,741690000,720040000,777650000,610480000,597680000,742230000,358890000,386400000,477330000,334290000,334700000,279911000
"P18085","ARF4",4536900000,3.539e+09,3473880000,3317900000,3704200000,2683560000,2096370000,2770680000,2322400000,2425410000,2276250000,1872470000,2308980000,1911370000,1950940000,2289790000,1891070000,2458860000
"P18124","RPL7",7061500000,6924500000,6477200000,6901500000,7386700000,7069100000,5772400000,5737900000,5659100000,5739800000,6057600000,5.882e+09,6240200000,5820200000,5500600000,5158900000,5516100000,5411900000
"P18206","VCL",3.524e+10,3.4608e+10,3.4449e+10,3.4951e+10,3.7159e+10,3.2849e+10,3.552e+10,3.6263e+10,3.3541e+10,3.7907e+10,3.5954e+10,3.2777e+10,3.7775e+10,3.3707e+10,3.2766e+10,3.4606e+10,3.1699e+10,3.6001e+10
"P18440","NAT1",14456000,25121300,NA,19260000,12072000,14487000,NA,19296000,41175000,NA,17810000,NA,NA,NA,NA,17761000,38721000,NA
"P18564","ITGB6",NA,NA,NA,NA,NA,NA,NA,217200000,NA,195120000,245400000,247550000,818190000,808460000,757390000,746180000,685240000,776570000
"P18583","SON",1043150000,985280000,931690000,975250000,986170000,941820000,1040370000,1091530000,1038060000,1116370000,1089700000,945230000,908710000,847560000,853920000,849840000,787790000,803160000
"P18615","NELFE",173061000,178010000,183918000,172394000,153165000,139777000,131276000,146982000,155393000,101997000,132781000,126658000,73891000,120233000,128468000,91011000,117990000,33174000
"P18621","RPL17",9702700000,9650400000,8855700000,9675900000,9961800000,9192900000,7.138e+09,7335800000,7762100000,8036100000,7345100000,7962900000,8164100000,8529900000,8304600000,7480600000,7301900000,7379200000
"P18669","PGAM1",6723700000,5894700000,5893200000,8.545e+09,9041800000,8.153e+09,7619300000,8442600000,8164600000,7334200000,7471200000,6743700000,6408100000,6113800000,6.165e+09,6919800000,6.643e+09,6455300000
"P18754","RCC1",1488790000,1454950000,1402360000,1429310000,1522500000,1308250000,1799560000,1836030000,1694500000,1868110000,1636750000,1641950000,1591650000,1397130000,1522710000,1325370000,1278320000,1329400000
"P18859","ATP5J",1528160000,1499800000,1794690000,1791680000,1770780000,1694190000,2120960000,2365770000,1949480000,2487600000,2317950000,2152270000,2392360000,2171250000,2221650000,2494530000,2292600000,2234190000
"P18887","XRCC1",158340000,174648000,184609000,134956000,145206000,122673000,130536000,142077000,131260000,116188000,118584000,105668000,122801000,99838000,33633000,104554000,113477000,105261000
"P19022","CDH2",685430000,735690000,786520000,683670000,720420000,783130000,574900000,538530000,482210000,461050000,435050000,558020000,453330000,479330000,520600000,595050000,607480000,613600000
"P19174","PLCG1",1248110000,1076950000,1055970000,1009450000,1142930000,928540000,999020000,956490000,882330000,1013940000,1012260000,841780000,747350000,647340000,694690000,663780000,575100000,726080000
"P19237","TNNI1",NA,NA,NA,225550000,114344000,273209000,1440080000,1430760000,1.677e+09,6389100000,5654100000,6256600000,18082300000,18803400000,18155300000,24937800000,27607400000,26556200000
"P19367;Q2TB90","HK1",8533400000,8.253e+09,8.229e+09,8523800000,9177800000,8474300000,10094900000,9573700000,9808700000,9696600000,9424300000,9.022e+09,8216600000,7487600000,7483500000,8.135e+09,7406100000,8307500000
"P19387","POLR2C",211453000,197455000,235456000,214256000,174510000,227797000,213117000,173547000,190720000,203849000,206518000,214359000,149625000,96444000,219331000,197663000,205542000,169606000
"P19388","POLR2E",436940000,4.7e+08,463070000,332754000,406490000,322991000,399430000,462930000,397410000,392520000,436910000,349570000,371170000,345460000,287273000,289508000,287668000,345606000
"P19404","NDUFV2",469630000,435230000,489840000,433430000,442410000,443960000,517950000,545770000,423362000,524910000,490410000,549990000,462605000,486910000,495610000,542060000,475310000,540160000
"P19474","TRIM21",64411000,NA,NA,26227000,88037000,NA,NA,NA,27921000,78995000,30227000,NA,47218000,NA,NA,NA,NA,NA
"P19525","EIF2AK2",761320000,576740000,714010000,933580000,852990000,865250000,760850000,655760000,666310000,685860000,703960000,632320000,692220000,651120000,710380000,637610000,574870000,6.23e+08
"P19623","SRM",1255050000,1338850000,1257690000,1206290000,1147560000,1211410000,1181160000,1135450000,1140370000,1128840000,1067270000,1037190000,1059220000,1099370000,1124860000,989880000,986530000,1006130000
"P19634","SLC9A1",109337000,77613000,100905000,126581000,80711000,39132000,125908000,167233000,132348000,109530000,44921000,52228000,103953000,37524000,NA,32084000,NA,69722000
"P19784","CSNK2A2",856870000,827180000,783640000,749730000,891020000,666580000,813370000,936880000,812610000,1076740000,1032310000,892540000,1087550000,935270000,899640000,1090370000,934640000,1027070000
"P19838","NFKB1",184095000,212576000,119356000,160715000,191815000,183952000,158839000,117146000,156992000,181363000,185288000,178812000,222342000,108740000,162998000,193121000,196818000,196384000
"P20020","ATP2B1",7921600000,7361900000,6955200000,1.0207e+10,10820300000,9938500000,10260400000,10296400000,10340800000,9935600000,9363200000,8.973e+09,8282800000,7447100000,7592900000,6445700000,6267500000,6377900000
"P20042","EIF2S2",3661700000,3332400000,3183900000,2922660000,3728600000,2581770000,3152240000,3.33e+09,2895400000,3600200000,3492400000,2603280000,3675100000,2759870000,2683470000,3.282e+09,2.94e+09,3647800000
"P20073","ANXA7",3520800000,3560600000,3506300000,3349700000,3630300000,3084140000,4.222e+09,4414900000,4155700000,4.305e+09,4253800000,3587800000,4226200000,3.78e+09,3718700000,4.038e+09,3727200000,4205200000
"P20290","BTF3",5344100000,4143100000,4184200000,3604700000,4341500000,3405700000,2444990000,2539890000,2336480000,3452300000,3215400000,3099300000,3503900000,3146400000,3103900000,2812110000,2716430000,2862230000
"P20337","RAB3B",343480000,430850000,353810000,217664000,145439000,267244000,22596000,28224000,55079000,NA,NA,48056000,NA,NA,NA,NA,NA,NA
"P20338;P61018","RAB4A",36336000,41365000,46976000,56577000,96605000,85607000,24701000,NA,NA,71832000,28473000,22684000,57651000,34169000,64452000,50449000,NA,57527000
"P20339","RAB5A",525590000,487650000,533800000,494150000,543530000,644990000,460480000,417550000,510800000,487350000,461880000,589850000,458730000,483050000,590110000,431990000,479590000,400020000
"P20340;Q9NRW1;Q14964","RAB6A",2220190000,1869370000,1773360000,2286350000,2534410000,2119980000,1887040000,1703550000,1851180000,2081230000,2302760000,1895650000,2492070000,1944020000,2317420000,2821920000,2415840000,2777240000
"P20585","MSH3",NA,NA,17895000,37186000,16713000,34128000,22846000,25149000,28077000,NA,14148000,71758000,NA,15735000,24112000,NA,NA,NA
"P20618","PSMB1",3628400000,3773700000,3382500000,3052900000,3715400000,2951430000,3858500000,3888900000,3681200000,3965300000,3.976e+09,2963290000,4330100000,3785200000,3579900000,4126300000,3928800000,4509600000
"P20645","M6PR",158914000,252014000,292247000,342260000,210495000,331870000,64461000,NA,114245000,66579000,59752000,150663000,NA,246635000,262466000,71799000,176355000,138073000
"P20674","COX5A",872380000,1310740000,755920000,1425560000,1436290000,1002050000,1432500000,1458640000,1480730000,1426230000,1340250000,943470000,1241850000,1500100000,640572000,1296740000,1442470000,1153230000
"P20700","LMNB1",8915800000,8108300000,8056800000,8231700000,9.225e+09,7487600000,1.2185e+10,12024100000,11117100000,1.0888e+10,10341300000,8456500000,8.813e+09,7433700000,7026600000,7092800000,6532400000,7362600000
"P20810","CAST",2614640000,2373700000,3074590000,3449500000,3053880000,2978030000,3212200000,3203700000,2957010000,3400600000,3205300000,3077430000,3.093e+09,2886510000,2894390000,3108100000,2539930000,3536200000
"P20908;P13942","COL5A1",317923000,302947000,362390000,754170000,858770000,739690000,377070000,432100000,434970000,539180000,471060000,527630000,578960000,566400000,608940000,716450000,703610000,722200000
"P20929","NEB",63985000,54333400,NA,51611300,12936400,16267000,11188000,47726500,30339000,177826000,215449000,173990000,3328100000,3368800000,4267300000,5.941e+09,7752600000,4866500000
"P20936","RASA1",2084640000,2153100000,2021600000,2363880000,2341330000,2492760000,2305350000,2207690000,2528550000,2203120000,2210870000,2190810000,2106840000,1933590000,2182390000,2241970000,2304030000,2287440000
"P20962","PTMS",1036510000,1173880000,3920770000,2231230000,1729830000,2735680000,1984700000,3067190000,2490450000,1909190000,2636060000,3987720000,1816360000,2153700000,1829320000,2455080000,1975080000,2513030000
"P21127;Q9UQ88","CDK11B;CDK11A",331720000,340080000,337450000,383420000,348740000,316420000,326694000,382300000,365840000,394430000,340330000,325606000,286897000,305195000,302075000,230518000,267564000,278320000
"P21266","GSTM3",1346180000,1337760000,1281790000,1223850000,1274170000,1196750000,1498410000,1495230000,1631320000,1482750000,1546820000,1438650000,1565960000,1622290000,1612690000,2537100000,2404860000,2626100000
"P21281;P15313","ATP6V1B2",2045810000,2248620000,2096430000,2007120000,2180460000,2008240000,2037090000,1966740000,1956410000,2149840000,2128510000,1839770000,2017470000,2055520000,2011020000,2180780000,2115010000,2019030000
"P21283","ATP6V1C1",635470000,711550000,698940000,633930000,591530000,678420000,656450000,644370000,688720000,584810000,619280000,638770000,581450000,588040000,599470000,676670000,654600000,639810000
"P21291","CSRP1",10511100000,10525900000,10324300000,8578300000,9811700000,8442700000,9265500000,9318600000,8598300000,7874700000,7955800000,6946600000,6605900000,5210600000,5.558e+09,6005600000,5897200000,6055900000
"P21333","FLNA",1.39825e+11,1.41106e+11,1.39104e+11,1.26578e+11,1.38004e+11,1.25236e+11,1.48197e+11,1.49401e+11,1.37813e+11,1.34229e+11,1.30659e+11,1.16698e+11,1.03809e+11,9.4009e+10,8.9583e+10,8.1322e+10,7.9755e+10,8.8154e+10
"P21359","NF1",66117000,75284000,72333000,59140000,58575000,65755000,41447000,39802000,52351000,31907000,51402000,10733000,31845000,42076000,16796000,34681000,32819000,32960000
"P21399","ACO1",1110460000,1216710000,1260820000,1101230000,1124520000,1192330000,933090000,853590000,967710000,766190000,765640000,751230000,611510000,696160000,720190000,663630000,710210000,630050000
"P21589","NT5E",2.0056e+10,19299700000,19699800000,16704300000,1.9335e+10,17373700000,1.947e+10,18725500000,18216400000,14092300000,14397200000,13412800000,9.556e+09,8968800000,9331100000,6770500000,6304800000,6529600000
"P21796","VDAC1",5661200000,5.534e+09,5299100000,5998300000,6195800000,6823200000,7172700000,6994100000,7.589e+09,7862400000,7657500000,9269700000,7949400000,8057600000,8994500000,8470900000,8900100000,7777200000
"P21817","RYR1",175622000,71650000,178179000,25899000,321120000,271823000,85704000,146649000,45638000,916550000,616870000,702400000,3523730000,2515720000,3143660000,6008500000,7791300000,5747600000
"P21912","SDHB",358170000,486430000,485880000,406050000,539970000,342510000,611860000,664670000,626310000,639610000,693160000,548130000,727600000,611810000,616250000,723180000,745710000,785590000
"P21953","BCKDHB",16440000,58720000,NA,41128000,38263000,50879000,86685000,51275000,97217000,62562000,83826000,110322000,35961000,98916000,104561000,59659000,68317000,47447000
"P21964","COMT",2517780000,3118410000,2914820000,3570100000,3482400000,4227500000,4361800000,4334300000,4800400000,4689800000,4683500000,5844700000,4378300000,4701400000,5338400000,4720300000,5102600000,4761600000
"P21980","TGM2",2687230000,2873650000,2859790000,2358220000,2664630000,2243800000,2173150000,2188630000,2159240000,1738420000,1728230000,1780310000,1307180000,1327060000,1346940000,1388530000,1455840000,1520370000
"P22033","MUT",316807000,332993000,314663000,325106000,271655000,314674000,368850000,356330000,367840000,339108000,351440000,369120000,313881000,352360000,443830000,402605000,398260000,361530000
"P22059","OSBP",979260000,1026100000,917150000,934260000,1042520000,895520000,1261760000,1172130000,997570000,1247490000,1354380000,1081620000,1489170000,1381540000,1305040000,1338860000,1252930000,1405630000
"P22061","PCMT1",3114890000,2629840000,2611600000,2724340000,3184200000,2532670000,3110600000,3519800000,2872990000,3274700000,2969330000,2499650000,3086460000,2686790000,2590150000,3.062e+09,3180770000,3169400000
"P22087","FBL",2210510000,2.226e+09,2110390000,1994420000,2215990000,1902340000,2518810000,2456120000,2542130000,2585710000,2430610000,2010790000,2113020000,1878680000,1829770000,1875980000,1712170000,1963140000
"P22090","RPS4Y1",252578000,274748000,228278000,371430000,338470000,364472000,2.83e+08,343730000,343380000,405690000,382900000,328252000,403630000,346600000,3.82e+08,384580000,342560000,407240000
"P22102","GART",5637500000,5.865e+09,5448900000,6097400000,5978700000,5852900000,4756100000,4589300000,4949300000,4.679e+09,4616200000,4915800000,4666900000,4634900000,4.904e+09,4517600000,4455100000,4580900000
"P22234","PAICS",4.375e+09,4227600000,4461800000,4.771e+09,4770700000,4818100000,4418300000,4174900000,4636800000,4331800000,4270400000,4375600000,3834800000,4148800000,4218300000,3946800000,3818600000,3673500000
"P22307","SCP2",2417170000,2230070000,2445890000,2812200000,2916150000,2812680000,3023380000,2972290000,3243400000,3339100000,3353240000,3261500000,3587800000,3.695e+09,3793700000,4125100000,4118300000,3693700000
"P22314","UBA1",1.9722e+10,20459700000,19791400000,20436800000,20123700000,19753900000,21524300000,19957100000,20521600000,1.9626e+10,19842500000,19376300000,18171200000,1.839e+10,18555500000,17831800000,17995600000,18051400000
"P22392","NME2",24395400000,26784900000,2.5755e+10,24597300000,28331300000,22300400000,24350200000,25753700000,23115600000,2.3959e+10,22353700000,19422900000,23026300000,2.0846e+10,19781800000,2.0909e+10,20556900000,22573500000
"P22413","ENPP1",1601880000,1653970000,1649380000,1444310000,1786280000,1425360000,1470650000,1471550000,1316690000,1030910000,1068720000,858050000,779120000,762390000,561290000,470390000,550990000,530310000
"P22570","FDXR",603130000,486410000,465710000,547180000,681420000,503850000,814260000,794660000,797700000,835030000,804810000,649600000,620310000,544410000,479080000,494470000,505140000,464620000
"P22626","HNRNPA2B1",29796500000,31212700000,28065600000,30134700000,3.4854e+10,30975700000,4.1197e+10,3.9374e+10,3.817e+10,3.6286e+10,3.406e+10,3.1631e+10,3.3234e+10,3.085e+10,29497100000,30286200000,30869500000,29994200000
"P22681","CBL",147354000,200407000,194081000,160956000,148482000,187344000,144803000,133607000,110581000,85743000,119640000,43405000,57793000,44424000,77246000,NA,58160000,59387000
"P22694","PRKACB",68071000,36087000,37105000,70870000,NA,72454000,68703000,69188000,76669000,89239000,NA,40973000,27012000,124575000,121173000,40955000,41129000,72925000
"P22695","UQCRC2",3268330000,3252900000,3208700000,2695770000,3116740000,2704890000,3455800000,3723300000,3.666e+09,4172900000,4236700000,3589800000,4248500000,3847800000,3643900000,4051400000,3892800000,4084900000
"P22830","FECH",358260000,343280000,308965000,382970000,389640000,313157000,566410000,614460000,500690000,679130000,639060000,551460000,690010000,573620000,556990000,632230000,566750000,727380000
"P23193","TCEA1",653360000,584600000,621890000,613140000,711860000,612110000,649600000,738190000,622930000,676910000,564790000,483950000,623970000,443300000,496160000,594980000,518030000,641030000
"P23229","ITGA6",1906020000,1866760000,1950300000,2141680000,2027570000,2.338e+09,1864050000,1745460000,1758860000,2453110000,2371350000,2426380000,2318640000,2266760000,2368140000,1952740000,2003890000,2030960000
"P23246","SFPQ",18180700000,17547500000,16581200000,18675500000,19009400000,17145600000,20768700000,19220200000,19001800000,1.7925e+10,17988100000,16703300000,16265900000,1.5785e+10,14950400000,13186700000,13410200000,1.3213e+10
"P23258;Q9NRH3","TUBG1;TUBG2",1209260000,1324380000,1388230000,1261070000,1447810000,1325060000,1178110000,1314390000,1203270000,1231270000,1197820000,1192880000,1120920000,1102480000,1150710000,923790000,976910000,971930000
"P23284","PPIB",15548700000,13905900000,13599500000,14613100000,17293300000,13478300000,13745700000,14177900000,12519800000,13563300000,12344400000,10560400000,12636800000,10615500000,10138200000,11846300000,10831900000,12084500000
"P23327","HRC",NA,NA,NA,NA,NA,NA,106191000,58060000,98973000,1210530000,1299050000,1304840000,6163200000,4.906e+09,5172400000,7361500000,7157600000,6.873e+09
"P23368","ME2",128578000,196821000,215928000,149312000,167224000,176974000,139702000,179193000,207236000,187756000,239829000,227196000,200480000,153338000,197463000,260811000,217025000,279923000
"P23381","WARS",3318900000,3337300000,3051700000,3026680000,3311700000,3065990000,3227100000,3049530000,3248500000,3509900000,3443500000,3095290000,5.129e+09,4527200000,4.514e+09,5976600000,6227800000,6449400000
"P23396","RPS3",18584700000,18692700000,17056600000,17589200000,20762600000,17174700000,14689800000,14812600000,14393500000,16729400000,15346200000,14681200000,16026900000,13659300000,14169800000,1.3918e+10,13591900000,14541100000
"P23497","SP100",153625000,150348000,158105000,157136000,121258000,169984000,192613000,192222000,172794000,102246000,125058000,148419000,96329000,127868000,NA,18768000,44235000,55948000
"P23526","AHCY",5059700000,4636300000,4590700000,4902700000,5722400000,4749500000,5214100000,4753100000,5114200000,5334900000,5426500000,4639200000,5572200000,5505900000,5130100000,5245100000,5312100000,5367600000
"P23528","CFL1",5.871e+10,6.0357e+10,6.0554e+10,5.6733e+10,6.0786e+10,5.8415e+10,6.4053e+10,6.2821e+10,6.0924e+10,5.6877e+10,5.7767e+10,5.3653e+10,5.1257e+10,4.8187e+10,5.1068e+10,4.6181e+10,4.4921e+10,4.7659e+10
"P23588","EIF4B",2339100000,2505050000,2567480000,2325310000,2495190000,2118570000,2043560000,2064710000,1716680000,2127070000,1937110000,1782510000,2298470000,1859040000,1586210000,1940350000,1588790000,2134210000
"P23610","F8A1",71220000,20586000,36381000,17908000,80005000,NA,36831000,NA,78193000,25958000,20290000,17473000,47309000,22755000,37767000,31378000,43370000,22998000
"P23634","ATP2B4",297085000,301070000,290703000,289194000,266580000,231381000,340110000,316901000,408200000,274822000,303756000,268942000,153239000,214807000,201142000,182788000,160779000,95717000
"P23743","DGKA",349710000,324011000,326214000,291056000,263684000,252827000,239813000,244694000,315775000,195467000,209710000,241924000,156647000,160126000,175007000,159465000,185421000,170456000
"P23786","CPT2",225583000,231031000,230312000,311862000,239213000,281301000,314982000,336350000,351400000,385840000,329324000,352750000,318320000,329585000,299526000,333440000,315988000,300753000
"P23919","DTYMK",3761500000,3793100000,3710700000,3.616e+09,3907200000,3232870000,3680500000,3408200000,3.57e+09,2655110000,2796590000,2557460000,2132160000,1958040000,1871140000,1748150000,1638330000,1600940000
"P23921","RRM1",2507700000,2602230000,2273490000,2444940000,2697610000,2317730000,1168300000,1354560000,1520270000,726600000,841930000,1002390000,275581000,483620000,392551000,206427000,191305000,175346000
"P24043","LAMA2",NA,21607000,NA,47034000,29892000,88790000,26763000,NA,25340000,NA,19560000,26556000,52947000,51364000,72265000,64699000,73484000,34583000
"P24385","CCND1",624310000,551290000,580480000,446080000,525060000,508130000,68921000,NA,67650000,NA,NA,NA,NA,NA,NA,NA,NA,NA
"P24534","EEF1B2",3390900000,3200500000,3595700000,4134800000,3989900000,4158200000,3129350000,3400700000,3266400000,3317800000,3125980000,3077050000,2936680000,3308300000,3406800000,3260500000,3424330000,2946840000
"P24539","ATP5F1",1550690000,1934210000,1640060000,1704750000,1450670000,1310690000,2328410000,2092900000,2247330000,2200440000,2592600000,1916350000,2298470000,2044330000,2045580000,2446280000,2339840000,2583460000
"P24593","IGFBP5",NA,NA,NA,NA,NA,NA,17513000,20263000,12215000,NA,NA,NA,NA,13476000,26499000,40124000,68235000,40931000
"P24666","ACP1",1309200000,1224190000,1190730000,1075520000,1219230000,1078630000,1316420000,1300970000,1222180000,1168600000,1180380000,1191310000,1265150000,1194630000,1132360000,1337430000,1304400000,1219340000
"P24752","ACAT1",3377900000,3200300000,3325100000,3276600000,3517100000,3120100000,4707100000,4766200000,4406600000,5024100000,4687700000,4538100000,4103200000,4921900000,4393900000,4151500000,4184600000,4057800000
"P24821","TNC",158162000,207675000,203475000,42509000,196711000,84280000,182189000,211011000,181722000,188910000,179406000,139255000,148027000,89214000,134690000,147755000,111401000,176487000
"P24844","MYL9",652090000,449040000,723190000,782530000,849200000,633240000,938070000,917240000,848710000,1179570000,1088050000,952910000,1282820000,1072980000,1121130000,1702610000,1419850000,1624680000
"P24928","POLR2A",859020000,816170000,720980000,639320000,821700000,660390000,698910000,841800000,679120000,759870000,651480000,474340000,613100000,528540000,591520000,526320000,383904000,538330000
"P24941;Q00526","CDK2",642130000,675940000,573020000,452600000,548740000,409320000,180317000,241026000,176633000,170767000,149803000,166970000,95164000,56227000,NA,NA,NA,95546000
"P25205","MCM3",4269300000,4.841e+09,4686100000,3672500000,3954100000,3404800000,2722210000,2707870000,2751440000,1480310000,1285130000,1367760000,529570000,534270000,462390000,122883000,138982000,125630000
"P25325","MPST",443270000,457040000,497140000,486420000,480260000,505450000,466130000,507430000,491420000,477130000,496620000,537050000,465390000,547200000,563440000,521320000,548010000,542650000
"P25398","RPS12",9078200000,7832900000,7900600000,7348200000,7780200000,7369800000,7225900000,7608600000,7103400000,7739900000,7470900000,7370200000,7785800000,7879300000,7.317e+09,6392100000,6534900000,6710600000
"P25490;Q96MM3;O15391","YY1",215831000,186779000,221704000,195524000,211024000,157572000,264104000,235848000,218542000,256654000,231351000,189586000,132394000,162163000,97403000,143144000,52597000,140835000
"P25685","DNAJB1",9.49e+08,876190000,972460000,707920000,572140000,758530000,533750000,507260000,570490000,378100000,421450000,495690000,362590000,409590000,353690000,288059000,328240000,295922000
"P25705","ATP5A1",22298800000,22704700000,22186600000,23403600000,23126400000,23637300000,2.7497e+10,27218600000,29886200000,30152500000,29739400000,3.2091e+10,3.0941e+10,3.178e+10,3.2724e+10,3.4672e+10,3.5466e+10,3.1846e+10
"P25786","PSMA1",5.422e+09,4915400000,4407200000,4979900000,5.992e+09,4828500000,5578600000,5524800000,5091200000,5958900000,5637600000,4227300000,6319200000,5138700000,4839500000,5834100000,5560600000,6324600000
"P25787","PSMA2",1.937e+09,1982400000,1792920000,2058330000,2211970000,2137670000,2016970000,2164070000,2060980000,2042940000,2014960000,1854960000,2164120000,2043430000,2001660000,2247110000,2480730000,2280750000
"P25788","PSMA3",2457550000,2510630000,2288410000,2111720000,2548920000,1969200000,2556980000,2323530000,2228750000,2510920000,2426700000,2199080000,2689310000,2406090000,2314650000,2522670000,2288680000,2648880000
"P25789","PSMA4",2920520000,2705090000,2553610000,2520380000,2763590000,2655430000,2765240000,2655690000,2610840000,2785570000,2921020000,2822270000,2878480000,2812170000,3009570000,2919990000,3043560000,2983240000
"P26006","ITGA3",4823500000,5019700000,4670500000,4115200000,4440400000,4135800000,4400900000,4740800000,4334200000,3954700000,3958200000,3229800000,2919060000,2795620000,2705340000,2325310000,2173410000,2514740000
"P26038","MSN",4.1891e+10,4.1194e+10,4.1052e+10,4.5288e+10,4.3579e+10,4.2516e+10,4.2652e+10,4.137e+10,4.2174e+10,3.8267e+10,3.8457e+10,3.7203e+10,31921800000,3.406e+10,3.3703e+10,3.3239e+10,3.2601e+10,31984700000
"P26196","DDX6",2609700000,2499140000,2348060000,2249490000,2486230000,2060350000,2051640000,2000680000,2000640000,2354910000,2282160000,1805270000,2216940000,2041960000,1985890000,1.89e+09,1742860000,1889120000
"P26358","DNMT1",1671930000,1926840000,2003950000,1396480000,1256020000,1075550000,623170000,559693000,455752000,703700000,837910000,404146000,369663000,341933000,258097000,457736000,472740000,260476000
"P26368","U2AF2",2745390000,2522920000,2655610000,2365490000,2614750000,2286410000,2596330000,2607430000,2691400000,2728950000,2518020000,2464600000,2384560000,2076010000,2053580000,1707190000,1845650000,1858230000
"P26373","RPL13",8.565e+09,8.638e+09,8780400000,7739600000,8580800000,7368800000,6617600000,6.836e+09,6757100000,7068900000,7235400000,7122300000,7086100000,6.631e+09,6.771e+09,6.059e+09,6126800000,6059900000
"P26440","IVD",410390000,490430000,453720000,459730000,471700000,472070000,622930000,627710000,674980000,818340000,769440000,826580000,806300000,693660000,813570000,834520000,841800000,774870000
"P26447","S100A4",2643740000,2745560000,2756170000,2568750000,3026060000,2760290000,3507600000,3852100000,3096960000,3570500000,3583800000,3210890000,3337340000,3077030000,3446200000,3859700000,3550400000,3213800000
"P26572","MGAT1",605770000,603220000,510950000,488880000,607570000,445450000,299762000,286784000,303019000,360060000,300982000,253202000,297942000,247016000,230969000,137935000,176049000,217475000
"P26583","HMGB2",1999510000,1987300000,2451720000,3384600000,3747700000,2918850000,4119200000,4031200000,3928500000,3695300000,3415600000,2906270000,2568080000,2259480000,2054370000,1969660000,1747130000,1773280000
"P26599","PTBP1",5364500000,4369500000,4.678e+09,4096100000,4116300000,4072600000,3.894e+09,3985400000,4159900000,3.211e+09,3167700000,3644300000,2385110000,2557100000,2529590000,1976390000,2321060000,1973780000
"P26639","TARS",4766500000,4713600000,4609300000,4459200000,4485600000,4531200000,4083700000,4027300000,4064400000,3934200000,4092700000,4058400000,3953500000,4003600000,4078800000,4359700000,4358600000,4530700000
"P26640","VARS",7549100000,6762300000,6803900000,7230700000,7104500000,6707300000,6650900000,6482300000,6868200000,7205900000,6890900000,6619700000,6985300000,6709800000,6982800000,6762500000,6599700000,6640700000
"P26641","EEF1G",25533300000,23670500000,23064100000,22391200000,24429900000,21583900000,19564900000,1.9933e+10,19446800000,20938200000,20490500000,20274500000,20970600000,20532100000,21083200000,20183600000,18878600000,19759200000
"P26885","FKBP2",1026480000,1140320000,1080660000,1431630000,1445800000,1337870000,1327370000,1360590000,1284870000,1386360000,1478200000,1332950000,1522140000,1420090000,1585450000,1532690000,1530140000,1518150000
"P27105","STOM",801740000,729350000,733580000,560580000,648990000,652390000,362660000,324040000,318429000,189859000,232148000,242963000,91763000,NA,NA,37525000,37469000,95866000
"P27144","AK4",420280000,508230000,552280000,869880000,767270000,828720000,929180000,894250000,930330000,720200000,740110000,696470000,628740000,6.6e+08,676120000,554480000,566390000,546590000
"P27348","YWHAQ",5604100000,5496800000,5803200000,5197900000,6.344e+09,5750400000,6.515e+09,6541800000,6473200000,5687300000,5691100000,5331900000,4798800000,5202500000,4458400000,4668300000,4.662e+09,4.585e+09
"P27361","MAPK3",358440000,444680000,382510000,325336000,420840000,349400000,406960000,365080000,389920000,386540000,329399000,308001000,320800000,239276000,352160000,279312000,281868000,268609000
"P27448;Q9P0L2;Q96L34","MARK3",38481000,NA,39609000,60956000,64278000,19871000,63383000,70386000,38118000,70002000,60423000,12988000,42183000,18217000,13212000,53341000,31204000,70698000
"P27487","DPP4",NA,41578000,NA,324254000,253820000,297936000,899630000,8.41e+08,892910000,839290000,928970000,872720000,704580000,762530000,669630000,567200000,506880000,594640000
"P27635;Q96L21","RPL10",6123100000,5426400000,4.876e+09,6625400000,8185500000,6759400000,5264100000,5603100000,5766300000,6304200000,5388900000,4830700000,6092600000,5122800000,4859300000,5504400000,5166400000,5.454e+09
"P27658","COL8A1",363910000,258037000,251206000,321881000,329409000,263817000,119597000,123571000,94977000,NA,NA,NA,NA,NA,NA,NA,NA,NA
"P27694","RPA1",1146290000,982780000,1000810000,1132240000,1028100000,1117800000,913500000,873380000,1041880000,816540000,878640000,926440000,646810000,649570000,710330000,598730000,699220000,578260000
"P27695","APEX1",4337700000,4128400000,4.371e+09,4708700000,4375900000,4467500000,6102100000,5826300000,6126400000,6247100000,6161700000,6087900000,5196400000,5832500000,5455600000,5113600000,5138700000,5199200000
"P27701","CD82",340840000,316258000,312904000,470310000,481480000,345885000,308530000,379510000,3.37e+08,333700000,313941000,235362000,350160000,264083000,283395000,243349000,211328000,235774000
"P27707","DCK",271218000,251856000,237899000,191584000,255322000,208350000,91849000,101828000,111197000,85255000,22321000,37927000,22021000,21215000,39251000,27356000,NA,26259000
"P27708","CAD",5709400000,5543200000,5457400000,5044800000,5099900000,4922300000,4134200000,4089100000,4062100000,3870700000,3818300000,3.709e+09,3391300000,3113500000,3.31e+09,3070200000,2889070000,3086920000
"P27797","CALR",12815800000,10911100000,15966300000,20341100000,15168300000,22065600000,15563100000,14371400000,17818700000,15061500000,15243500000,18981300000,16834700000,21166200000,20076200000,18829500000,17287400000,20211600000
"P27816","MAP4",1.8014e+10,17629400000,17293700000,18668700000,1.8943e+10,17111600000,18055700000,18875700000,17441500000,20502900000,19156400000,16494300000,22939800000,1.9955e+10,18993100000,21563900000,20122600000,22655200000
"P27824","CANX",10426200000,11091600000,11889200000,13346200000,12064700000,12842700000,11672200000,12560400000,1.1289e+10,12814900000,12519300000,13367200000,14343200000,13978200000,1.4761e+10,14751800000,13460500000,16780500000
"P28062","PSMB8",582340000,525490000,507190000,596490000,670510000,485770000,654030000,654290000,585330000,690040000,662830000,534730000,613400000,511380000,465520000,513650000,425090000,487730000
"P28066","PSMA5",4453200000,4264200000,4146800000,3793600000,3639800000,4022700000,3937800000,4089500000,3996600000,4212100000,4203100000,3779600000,4276900000,4225400000,4323200000,4517500000,4374200000,4331700000
"P28070","PSMB4",2033310000,1830720000,1842860000,2002020000,1704720000,1903230000,1592750000,1884480000,1873150000,1700990000,1875630000,1878490000,1769440000,2043480000,2269360000,2086100000,2108940000,1989410000
"P28072","PSMB6",1.8e+09,1901300000,2157330000,1650230000,1706830000,1659760000,1759150000,1791890000,1773950000,1760050000,1764140000,1757340000,1664720000,1738670000,1764450000,1900940000,1826790000,1911810000
"P28074","PSMB5",2880830000,3343200000,2829930000,2638370000,3156380000,2698700000,2820330000,2892620000,2730510000,3377600000,3339400000,2606630000,3637100000,3081800000,3061480000,3779600000,3322500000,3888800000
"P28161","GSTM2",189210000,137626000,176503000,184723000,76080000,168572000,274163000,268745000,247579000,305638000,363430000,350046000,338082000,286536000,317775000,324530000,358700000,339462000
"P28288","ABCD3",449820000,424050000,422510000,502630000,485340000,479820000,472690000,461260000,496200000,482130000,465800000,430550000,460270000,430080000,488890000,524500000,463770000,5.02e+08
"P28289;Q9NZQ9","TMOD1",NA,NA,165060000,57385000,77504000,163980000,51116000,50336000,NA,417780000,422190000,441340000,1509330000,1683710000,1783610000,2065880000,2157100000,1944870000
"P28290","SSFA2",NA,39015000,31916000,84273000,NA,NA,26331000,NA,37965000,NA,20779000,NA,NA,NA,NA,NA,NA,NA
"P28331","NDUFS1",2184410000,2025350000,1914150000,1878700000,2208330000,1728260000,2407480000,2.451e+09,2260490000,2754500000,2575190000,2487460000,2879190000,2448720000,2530880000,2661060000,2549290000,2725980000
"P28370","SMARCA1",50310000,26554000,26029000,74055000,52432000,52205000,72601000,18444000,64229000,78410000,48984000,NA,24888000,16437000,NA,NA,NA,NA
"P28482","MAPK1",4720800000,5049200000,4492500000,4728500000,5.626e+09,4734700000,4955300000,5154100000,4989200000,5720300000,5282600000,4856700000,5555300000,4884100000,4980200000,5163700000,4620700000,5581500000
"P28838","LAP3",3487100000,3642400000,3495600000,3840500000,3784900000,3964400000,3816900000,3711500000,3831800000,3791600000,4034600000,3983100000,4398200000,4489900000,4494700000,4356800000,4389100000,4435800000
"P29083","GTF2E1",199119000,220356000,202006000,183599000,209995000,243333000,224706000,239008000,208838000,196425000,166822000,129157000,111100000,139313000,108655000,66586000,138186000,109038000
"P29084","GTF2E2",114742000,102212000,115171000,112026000,131727000,72494000,154969000,115082000,124256000,110731000,102814000,67625000,77176000,52336000,26160000,34714000,44565000,23524000
"P29144","TPP2",2552300000,2514880000,2457300000,2586130000,2583450000,2360750000,2226250000,2176580000,2225810000,2678760000,2555630000,2472660000,3064480000,2707450000,2679830000,2803700000,2658220000,2852360000
"P29218","IMPA1",581030000,591540000,577080000,618700000,622190000,537430000,688050000,630980000,716470000,674540000,656270000,617320000,684260000,590960000,580400000,689900000,640640000,664350000
"P29279","CTGF",417060000,390470000,423730000,232571000,312181000,239900000,NA,NA,NA,NA,NA,NA,125552000,NA,NA,95306000,NA,154470000
"P29317;Q15375;Q9UF33","EPHA2",2989420000,2958800000,2972550000,2205110000,2133920000,2327280000,1398080000,1395010000,1402740000,862940000,970400000,1009810000,368826000,791870000,655390000,201252000,372017000,123377000
"P29353","SHC1",365770000,439520000,523170000,222897000,274011000,234060000,243480000,229332000,165521000,176850000,196293000,164936000,149803000,137610000,158437000,318118000,202068000,230456000
"P29372","MPG",5.17e+08,407650000,440300000,461150000,513250000,469910000,446400000,361580000,381410000,345700000,325068000,298032000,206323000,259778000,233942000,202234000,189650000,195954000
"P29401","TKT",15784400000,14632800000,13860300000,12435900000,13318700000,12490800000,15511800000,14952900000,15843200000,13591800000,14010800000,13262300000,10730200000,10246100000,10552100000,9528900000,9289600000,9680500000
"P29558","RBMS1",161590000,172620000,517630000,453380000,213580000,465910000,109160000,192776000,300298000,108220000,196425000,224012000,203405000,NA,250938000,97394000,NA,168113000
"P29590","PML",1557840000,1409270000,1481320000,1459050000,1724320000,1447380000,1850760000,1710120000,1714080000,1486450000,1483950000,1247820000,1101200000,1044180000,986860000,969020000,940800000,1030190000
"P29692","EEF1D",4301800000,4524800000,4239500000,3163200000,4.322e+09,3486600000,3585400000,3711750000,3127690000,3.733e+09,3697900000,3762800000,3741700000,3544700000,3780500000,3424100000,3797700000,3678900000
"P29966","MARCKS",11119100000,9455800000,10384100000,8.143e+09,9098900000,7726400000,7788200000,7943500000,7.101e+09,6865100000,6762700000,5596600000,4871600000,4210900000,3894500000,3954800000,3166510000,4584500000
"P29992","GNA11",509710000,729160000,620140000,736790000,602560000,719610000,794480000,752690000,830260000,684320000,705670000,685690000,6.58e+08,698200000,691110000,678240000,737020000,731480000
"P30038","ALDH4A1",105830000,179372000,318237000,58347000,324339000,203873000,425200000,387080000,425290000,550080000,506470000,497320000,524850000,531230000,560510000,564740000,567040000,532530000
"P30039","PBLD",27020000,NA,45103000,50491000,NA,29422000,49858000,91307000,81613000,51023000,63546000,93954000,85992000,72023000,61401000,116402000,93741000,98149000
"P30040","ERP29",1375970000,1362200000,1492730000,1570120000,1524720000,1542060000,1487610000,1458980000,1324770000,1441160000,1383050000,1368490000,1433950000,1217950000,1293170000,1542190000,1263630000,1401590000
"P30041","PRDX6",13234200000,13331300000,14053600000,15160300000,13813700000,1.6477e+10,14431800000,14581600000,14632500000,15072600000,16643300000,18544700000,26227800000,28295700000,30550400000,3.7062e+10,3.613e+10,3.4458e+10
"P30042","C21orf33",1155970000,1032730000,1171120000,1569050000,1606790000,1510260000,2018880000,2113360000,2006990000,2738310000,2546290000,2573100000,3231880000,2856050000,3061050000,3363680000,3298400000,3488400000
"P30043","BLVRB",1092160000,1178960000,1264860000,846740000,822130000,833040000,1037020000,1094280000,1042110000,1067870000,1060170000,1.069e+09,1008070000,919820000,954400000,1131090000,1037160000,1196630000
"P30044","PRDX5",3935600000,3577100000,3880300000,3.681e+09,4060900000,3718600000,4665600000,4540200000,4659700000,4455300000,4342900000,3995700000,4727700000,4179300000,4326700000,5377600000,4.854e+09,5118200000
"P30046;A6NHG4","DDT;DDTL",2955810000,2855720000,2535180000,2441810000,3710200000,2453770000,3273800000,3578100000,2775880000,3228210000,2976880000,2644720000,3047260000,2756790000,2969420000,3071600000,2842020000,2958140000
"P30048","PRDX3",1212240000,1436150000,1483300000,1192910000,1284300000,1370680000,1792230000,1824120000,1694440000,1751910000,1836900000,1595090000,1585010000,1594550000,1421550000,1599010000,1505250000,1536660000
"P30049","ATP5D",1399360000,1207960000,1064350000,938040000,1336650000,865250000,1313200000,1761130000,1139590000,1826240000,1751190000,1461620000,2010230000,1235810000,1330540000,1424280000,1282330000,1752150000
"P30050","RPL12",7788100000,7889100000,8069700000,7.092e+09,6420700000,6714400000,6.085e+09,5830600000,6396500000,5681300000,6428300000,6.1e+09,5625700000,6215700000,5.919e+09,5605500000,5.71e+09,5.372e+09
"P30084","ECHS1",4.215e+09,3433800000,3538800000,3853900000,4090400000,3926700000,5259800000,5144400000,5238200000,6418200000,6068800000,5652600000,7091500000,7124900000,7138800000,7560700000,7238600000,7883400000
"P30085","CMPK1",2098830000,2247710000,2358290000,2400970000,2400260000,2.703e+09,2681210000,2398380000,2370980000,2195620000,2267060000,2274140000,2027050000,2192970000,2138010000,2320080000,2068030000,2130040000
"P30086","PEBP1",9769900000,9158500000,9736700000,11300200000,12232500000,1.1637e+10,12687400000,13652800000,13007200000,12911600000,13540900000,1.4077e+10,12607200000,14236100000,1.4218e+10,13573900000,13041600000,13677500000
"P30101","PDIA3",21220300000,2.2765e+10,21001400000,23908200000,27342400000,24355100000,25244200000,24858500000,23693400000,2.5252e+10,24222500000,21024800000,2.8743e+10,26709100000,2.5833e+10,28498800000,27906900000,29372700000
"P30153","PPP2R1A",9800200000,8.933e+09,8880100000,9482900000,10081600000,9218100000,8008100000,8412100000,8.768e+09,8375600000,8488300000,8719200000,8843600000,9148900000,9008400000,9308800000,9193100000,9316700000
"P30154","PPP2R1B",244100000,95926000,281004000,128477000,102066000,188503000,NA,NA,29968000,NA,25691000,NA,NA,NA,NA,NA,NA,NA
"P30260","CDC27",97250000,41893000,81105000,51091000,NA,61128000,37592000,27458000,32768000,NA,37210000,26658000,NA,NA,NA,NA,NA,NA
"P30405","PPIF",133063000,125537000,116531000,150201000,41830000,94143000,110374000,41261000,114808000,32690000,105779000,128608000,NA,63666000,84770000,61395000,57633000,NA
"P30419","NMT1",743030000,684600000,703140000,812180000,735230000,701460000,619090000,588010000,638220000,620920000,583050000,551750000,570380000,648110000,589070000,612320000,612900000,634950000
"P30455;P30443;Q09160;P30512;P30456","HLA-A",153313000,133688000,153198000,267096000,241874000,238922000,318666000,303010000,314846000,321417000,318555000,248274000,323690000,331480000,265183000,243357000,232389000,245202000
"P30519","HMOX2",549630000,638770000,582200000,674410000,700090000,711820000,508310000,475480000,502720000,590130000,563850000,635770000,601530000,568610000,621760000,596990000,641610000,545110000
"P30520","ADSS",766370000,957550000,948290000,989740000,974980000,9.42e+08,648680000,583090000,618660000,428290000,447200000,477730000,335990000,292035000,355320000,297622000,266334000,314400000
"P30533","LRPAP1",1352970000,1366050000,1539250000,1394420000,1576270000,1198660000,1628220000,1474190000,1307670000,1088550000,1090900000,856270000,916010000,684340000,661050000,1068570000,940070000,1005430000
"P30536","TSPO",572780000,595580000,536430000,538090000,493820000,546080000,675100000,750360000,658100000,601200000,667450000,655340000,527360000,647940000,614830000,527260000,635070000,551630000
"P30566","ADSL",1664830000,1879270000,1652940000,1964370000,1878790000,1793400000,1979210000,2068850000,1987150000,2111210000,2125510000,1933700000,2146630000,2035410000,1969500000,2185990000,1991850000,1995130000
"P30622","CLIP1",1038590000,830470000,875550000,709460000,8.44e+08,758230000,496550000,489990000,499660000,568990000,505800000,447610000,787790000,536290000,593850000,769140000,739760000,794490000
"P30626","SRI",1164880000,989880000,1005510000,1027090000,1284190000,1049600000,1350660000,1267620000,1097220000,1485560000,1275120000,1183880000,1372880000,1182360000,1012280000,1261930000,1120640000,1468110000
"P30740","SERPINB1",675640000,633920000,575930000,705660000,772970000,703850000,866160000,836110000,868600000,884280000,921620000,963250000,967940000,974380000,896810000,1140770000,1265610000,1006490000
"P30825;P52569","SLC7A1",68919000,56697000,88927000,76330000,103941000,62287000,NA,NA,NA,NA,NA,NA,NA,NA,54521000,32528000,NA,NA
"P30837","ALDH1B1",1931800000,2093860000,2046240000,2303400000,2366830000,2062620000,5958500000,6233500000,5637400000,9459500000,9353800000,7952400000,12478700000,1.0552e+10,1.0928e+10,12273800000,11872600000,12889800000
"P30876","POLR2B",832460000,855550000,818130000,781020000,888800000,780220000,819810000,793090000,826030000,845660000,912510000,757770000,748670000,690480000,794040000,713860000,600030000,614760000
"P31040","SDHA",2033450000,1913960000,1721390000,2039950000,2009650000,1961060000,2500770000,2448820000,2656020000,2663110000,2609970000,2575380000,2817720000,2740240000,2650280000,3025040000,2885090000,2990960000
"P31150","GDI1",2344610000,2193490000,2314150000,2410630000,2308350000,2190660000,1997290000,2100820000,2110170000,2058190000,2155850000,1920240000,2179900000,2096130000,1954460000,2379210000,2281380000,2334040000
"P31153;Q00266","MAT2A",4401400000,4601900000,4669100000,4276300000,4665400000,4244100000,2948880000,3070430000,3067640000,2912130000,2994010000,3402400000,2475370000,2708430000,3025110000,2261460000,2263730000,2261070000
"P31350","RRM2",864820000,1133460000,849950000,915950000,888570000,848090000,126330000,91017000,125540000,NA,226971000,43224000,146230000,NA,NA,314360000,NA,289130000
"P31431","SDC4",146565000,1.28e+08,145141000,154080000,170635000,103425000,NA,NA,NA,NA,NA,NA,NA,NA,NA,NA,NA,NA
"P31483","TIA1",302566000,365360000,340900000,323354000,317590000,383760000,316455000,283798000,316608000,293315000,305060000,247945000,230889000,255223000,279936000,191115000,240158000,254721000
"P31641","SLC6A6",43494100,56295000,100329000,33408200,9456300,34364200,75839000,100953000,85343000,22214500,27461800,34286400,25138200,30113100,20122300,32381900,7446400,44782000
"P31689","DNAJA1",2048350000,2100270000,2348600000,1883930000,1870250000,1996480000,1489160000,1363390000,1335180000,1442450000,1410030000,1561290000,1425710000,1185200000,1417500000,1255170000,1313930000,1267740000
"P31749;Q9Y243","AKT1",473960000,423020000,392070000,439320000,504030000,469310000,479120000,460330000,476690000,469510000,459940000,513730000,438840000,443870000,439460000,448720000,377110000,409920000
"P31751","AKT2",17178000,NA,12796000,NA,NA,NA,29593100,35884000,NA,NA,40135000,24220000,14179000,NA,NA,27677000,NA,NA
"P31930","UQCRC1",2494430000,2477650000,2499270000,2198370000,2291690000,2140720000,2842480000,2727950000,2768740000,3163800000,3.268e+09,3232500000,3285820000,3072560000,3014380000,2971720000,2927830000,3105080000
"P31937","HIBADH",1250080000,997920000,987360000,1200520000,1516220000,1437680000,2.019e+09,1788230000,1.773e+09,1958320000,1918130000,1871880000,1770530000,1784760000,1740070000,1743340000,1690430000,1618330000
"P31939","ATIC",11516500000,1.0956e+10,10719900000,10769700000,11896400000,10461400000,1.055e+10,10597700000,10426600000,10620200000,10484700000,9509500000,9997900000,10102200000,9711900000,9392800000,9276700000,9292600000
"P31942","HNRNPH3",3190100000,2839760000,2.955e+09,3020990000,3725400000,2886510000,4.056e+09,3896300000,3.748e+09,3424900000,3509500000,2836460000,3238600000,2808410000,2547400000,2722730000,2848780000,2923030000
"P31943","HNRNPH1",1.2233e+10,12448700000,12601500000,12291400000,12964200000,11101700000,14301200000,15231600000,1.3894e+10,13244400000,12728900000,1.1985e+10,11020900000,11043800000,10363600000,9181700000,8729100000,9119700000
"P31946","YWHAB",1980380000,1450630000,1614690000,1562990000,1677330000,1386870000,1774690000,2044420000,1418310000,1848780000,1866080000,1273070000,1626530000,1195610000,1139220000,1314630000,1276060000,1584510000
"P31948","STIP1",13766900000,13991400000,15260300000,13853500000,15069200000,13317500000,13704800000,13161100000,11731400000,14894100000,14056400000,11820900000,15876300000,14615300000,14096100000,16246900000,14214900000,16146800000
"P31949","S100A11",4433500000,3783500000,4216500000,3726400000,3592900000,4039800000,4.664e+09,3223850000,4313900000,2832300000,3321910000,3420500000,3086680000,2953530000,2894700000,3971600000,3866200000,3257900000
"P32119","PRDX2",1380100000,1442950000,1476760000,1607070000,1415770000,1621980000,1978680000,1854080000,2001070000,2357730000,2276870000,2592600000,2088870000,2257310000,2307760000,1995950000,1.941e+09,1.835e+09
"P32321","DCTD",538490000,531720000,505290000,505130000,608370000,458750000,510800000,546400000,448330000,386071000,493290000,435510000,376740000,344935000,354496000,327070000,358030000,319370000
"P32322","PYCR1",822710000,683530000,674080000,697520000,679750000,670060000,537250000,485030000,537340000,680720000,627080000,569870000,1.294e+09,1152040000,1095410000,1523080000,1410120000,1594660000
"P32455","GBP1",1547560000,1623160000,1651670000,1959030000,1997240000,1676920000,1962340000,1988580000,1919550000,2016220000,2109890000,1693770000,1963580000,1852820000,1706370000,1789410000,1697880000,1970880000
"P32456","GBP2",44233000,NA,NA,28441000,NA,30553000,59234000,83964000,118250000,NA,144844000,161649000,49979000,162316000,173807000,170751000,97915000,43229000
"P32856","STX2",100405000,29084000,92661000,106811000,125521000,93800000,98887000,100276000,98622000,95825000,85702000,89732000,85701000,NA,NA,52993000,28711000,81822000
"P32969","RPL9",3241160000,4006800000,3373300000,4.325e+09,4477900000,3977800000,3601200000,3305330000,3.378e+09,3777200000,3909300000,3311600000,4185500000,3866200000,3859800000,3.625e+09,3484600000,3510500000
"P33121;Q9ULC5","ACSL1",317455000,269191000,259799000,595930000,596870000,588960000,793390000,816380000,821230000,746910000,706420000,754940000,824500000,866030000,865120000,1030500000,1072690000,990530000
"P33176","KIF5B",9954200000,8.546e+09,8842700000,8.498e+09,9.15e+09,7860200000,8639300000,8.817e+09,8137300000,11737200000,11284900000,9574600000,14284300000,13291100000,12271400000,14604800000,13298300000,15650600000
"P33240","CSTF2",539250000,508590000,525870000,429650000,541600000,445650000,573180000,518220000,483680000,506430000,458740000,437250000,437190000,310028000,333104000,372650000,430440000,400170000
"P33241","LSP1",NA,30593000,NA,159807000,140583000,77079000,NA,169017000,40016000,85241000,56879000,107688000,156033000,147632000,132230000,71806000,141322000,NA
"P33316","DUT",1905630000,1846120000,2064370000,1634530000,1621850000,1581300000,1096080000,968520000,977260000,587250000,577140000,704290000,434320000,423300000,464540000,575760000,411041000,418560000
"P33897","ABCD1",75297000,61758000,NA,106682000,29676000,24823000,156321000,108370000,184243000,263206000,246046000,178848000,344606000,307254000,266065000,466320000,416480000,393150000
"P33981","TTK",108671000,91487000,101830000,78464000,72454000,80036000,NA,NA,NA,NA,NA,NA,NA,NA,NA,NA,NA,NA
"P33991","MCM4",3805100000,3603700000,3683900000,3621500000,3773800000,3372100000,2166630000,1951650000,2152940000,1221810000,1102740000,1206700000,624010000,545070000,560810000,130599000,219902000,222022000
"P33992","MCM5",3456100000,3479900000,3272200000,2878930000,3252390000,2536240000,1853390000,1740330000,1766180000,1022120000,1050950000,967080000,474040000,429530000,470390000,124457000,77226000,188143000
"P33993","MCM7",4314600000,3708200000,3586400000,3391500000,3943900000,3492400000,2158770000,2153250000,2241580000,1359530000,1237820000,1156170000,730540000,590770000,609740000,370171000,339510000,379909000
"P34059","GALNS",81022000,NA,34966000,28251000,120628000,120466000,NA,109071000,155107000,170447000,175449000,152700000,173267000,196323000,178477000,132101000,210315000,181518000
"P34741","SDC2",NA,NA,NA,NA,NA,NA,31339000,27863000,36444000,17938000,22719000,61862000,53241000,93616000,102241000,70128000,113059000,97586000
"P34897","SHMT2",4111500000,4284200000,4270500000,4275200000,4012400000,4.368e+09,4389200000,4353600000,4599700000,4239900000,4238400000,4394200000,4173300000,4578200000,4610900000,4533700000,4943700000,4313300000
"P34932","HSPA4",10394600000,10210200000,1.0258e+10,10564100000,10709600000,10824900000,10382800000,10318400000,10297800000,11607700000,11281100000,11189800000,11374500000,1.1039e+10,11374600000,11421400000,11206800000,11799800000
"P34949","MPI",373190000,379290000,288721000,543920000,574450000,512820000,587110000,653730000,671890000,980680000,903230000,989410000,1331850000,1244200000,1326830000,1459010000,1474350000,1541550000
"P35052","GPC1",1921400000,1976080000,2119770000,2157400000,1856290000,1955440000,3870600000,3.736e+09,3585700000,4260900000,4356600000,3930500000,4565500000,4403600000,4.374e+09,4488700000,3.757e+09,4607800000
"P35080","PFN2",1509120000,1508310000,1549560000,1237750000,1566300000,1322300000,1512930000,1714780000,1508460000,1658760000,1517790000,1365330000,1665760000,1339930000,1369380000,1634330000,1416360000,1654140000
"P35221","CTNNA1",8838300000,8495300000,8850600000,9657100000,10001200000,9342100000,9390500000,9505600000,9339100000,1.0506e+10,10170500000,10086800000,9425600000,9634200000,9629600000,8453500000,8185100000,8353400000
"P35222","CTNNB1",3550200000,3782600000,3843400000,4535700000,4196700000,4.313e+09,4740200000,4680100000,4754100000,4808100000,4660900000,4539400000,3767200000,4015200000,3871900000,3385700000,3518200000,3.487e+09
"P35232","PHB",7410500000,8116800000,7917700000,6338100000,6424600000,6412400000,8972300000,8564400000,8326100000,8708100000,9113700000,8509900000,8951400000,8524700000,8421900000,8150300000,8395600000,8592900000
"P35237","SERPINB6",3694200000,3607400000,3398500000,3931300000,4493500000,3824700000,3899800000,4.054e+09,4179400000,4063400000,3968200000,4201800000,3934800000,4045900000,4302600000,4852200000,4980600000,4903700000
"P35240","NF2",137378000,105808000,121762000,40814000,71167000,109174000,63204000,55220000,111274000,NA,72861000,72856000,NA,59905000,NA,NA,26986000,17221000
"P35241","RDX",3680100000,3287400000,3029570000,3275400000,3367100000,3588700000,3387700000,3281700000,3.422e+09,2994920000,2826900000,2736500000,2463930000,2442120000,2344980000,2262760000,2071070000,2316450000
"P35244","RPA3",281154000,224790000,269564000,249697000,205050000,196649000,199184000,337370000,NA,228786000,237140000,333314000,204950000,243119000,328520000,173788000,87821000,268652000
"P35249","RFC4",631170000,583340000,708940000,560640000,544150000,542170000,436400000,430810000,404900000,327850000,319948000,231685000,228606000,216452000,210516000,140483000,135667000,154121000
"P35250","RFC2",363270000,288831000,328020000,277480000,269065000,234360000,233048000,194431000,244451000,203679000,149218000,142751000,128775000,117909000,43328000,28475000,52113000,96375000
"P35251","RFC1",91609000,97100000,88300000,72665000,83092000,92277000,43423000,64790000,74132000,54537000,55432000,68214000,40421000,NA,43374000,28995000,NA,37832000
"P35268","RPL22",2667900000,2719500000,3856900000,4232800000,5377700000,4170100000,3378200000,2974670000,3350860000,3691400000,3666900000,3046950000,3851700000,3779500000,3160130000,3.444e+09,3160700000,3193800000
"P35269","GTF2F1",389940000,320134000,347620000,352610000,243287000,3.62e+08,165599000,306140000,280682000,205345000,238685000,283790000,107043000,202982000,231426000,119778000,61344000,153832000
"P35270","SPR",59805000,25733000,44504000,66881000,80041000,90292000,101446000,50521000,103765000,51171000,49993000,87264000,19447000,93907000,74678000,71163000,103165000,69325000
"P35555","FBN1",32347000,130184000,154089000,241213000,250721000,279798000,133729000,106440000,42434000,19989000,46699000,NA,NA,61597000,78468000,49229000,30748000,42361000
"P35573","AGL",99162000,21797000,70409000,95373000,141303000,30184000,82482000,110556000,78470000,197749000,191101000,235275000,436660000,437720000,477854000,810090000,679450000,660570000
"P35579","MYH9",1.28792e+11,1.28194e+11,1.30592e+11,1.34385e+11,1.35535e+11,1.24578e+11,1.47111e+11,1.42704e+11,1.38858e+11,1.3575e+11,1.3382e+11,1.16702e+11,1.22806e+11,1.1478e+11,1.13865e+11,1.23968e+11,1.19351e+11,1.33671e+11
"P35580","MYH10",2629460000,2276340000,2362070000,2427700000,2667260000,2337370000,2995590000,3044640000,2890480000,2749600000,2713120000,2726070000,2248230000,2192230000,2211730000,2123050000,1910350000,2167190000
"P35606","COPB2",5253200000,4.986e+09,4812100000,5823900000,5724500000,5.896e+09,3976300000,4088400000,4310500000,4222300000,4389600000,4816300000,4025900000,4110700000,4.244e+09,3982700000,4272400000,3.868e+09
"P35609","ACTN2",NA,137353000,108716000,NA,NA,NA,227046000,100454000,59307000,192560000,144802000,312497000,1381380000,1483040000,2058330000,2590580000,2271130000,2184930000
"P35610","SOAT1",410242000,404690000,453070000,219434000,252461000,150422000,183800000,175539000,183525000,NA,89063000,65021000,NA,NA,NA,NA,NA,32631000
"P35611","ADD1",1251670000,1146570000,1058170000,1162990000,1234020000,963280000,1307310000,1222400000,1220110000,1144850000,1121950000,966720000,887200000,845080000,867730000,1000270000,942160000,1015190000
"P35613","BSG",5321400000,4751500000,5464600000,6254700000,7503100000,5883100000,6359700000,6751500000,6015200000,5498300000,5075700000,4153700000,4153100000,3530700000,3440700000,3632400000,3165100000,3626400000
"P35637","FUS",3287560000,3417400000,3466100000,3639500000,3322200000,3639200000,3399400000,3058930000,3742700000,3091160000,2795620000,2826450000,2246440000,2756540000,2454030000,2120360000,2540970000,2022540000
"P35658","NUP214",748550000,681260000,679270000,716250000,684160000,782450000,937380000,871060000,880820000,832030000,884260000,829270000,775820000,819390000,771260000,674730000,710750000,738720000
"P35659","DEK",3022680000,3139900000,3163400000,3.443e+09,3575100000,2718700000,3996400000,3788700000,3596800000,3.383e+09,3.365e+09,2842840000,3128260000,2764500000,2691170000,2492300000,2234150000,2506970000
"P35754","GLRX",1622980000,1595960000,1813960000,1734650000,1797390000,1634870000,1883470000,1967360000,1797890000,1975090000,1881800000,1886640000,2270790000,1772200000,2152400000,2181330000,1801550000,2153140000
"P35813","PPM1A",225043000,233916000,260692000,227510000,258254000,185557000,249221000,298991000,258780000,297162000,247648000,222508000,265893000,225804000,159917000,295253000,277757000,312350000
"P35914;Q8TB92","HMGCL",243715000,240908000,255255000,265599000,301875000,237608000,390600000,329779000,351540000,432570000,397760000,468600000,377840000,305232000,338150000,338581000,286997000,319459000
"P35998","PSMC2",6643800000,6305900000,6436300000,5958700000,6.262e+09,5855100000,5834400000,5640900000,5458600000,6150500000,6083300000,5547300000,6254600000,5962200000,5991900000,6022600000,5761100000,6424200000
"P36269","GGT5",180051000,197404000,159755000,192449000,249200000,228743000,357200000,333610000,341470000,340670000,339600000,251205000,370800000,319271000,265947000,272028000,243057000,272342000
"P36404","ARL2",64919000,37661000,93118000,139758000,NA,125984000,137851000,42597000,56602000,88103000,136445000,122342000,99433000,110115000,126939000,135630000,124792000,153998000
"P36405","ARL3",1.433e+09,1419700000,1593460000,1543340000,1372640000,1506910000,1735780000,1757510000,1677470000,1558900000,1636720000,1743610000,1237020000,1445950000,1624120000,1552960000,1535560000,1470390000
"P36406","TRIM23",NA,36181000,NA,NA,36958000,75467000,33124000,NA,NA,32926000,NA,169678000,95024000,38293000,94277000,111157000,41629000,NA
"P36507","MAP2K2",2137780000,1931600000,1966590000,2057090000,2163530000,2305310000,1934350000,1808830000,1923890000,1842680000,1835640000,1850220000,1737130000,1934840000,2057580000,1743410000,1744910000,1727130000
"P36542","ATP5C1",3051980000,2528610000,2540010000,2437390000,2929280000,2064680000,3231770000,3413300000,3216400000,4022900000,3.896e+09,3031940000,4064700000,2807080000,2756130000,4030300000,3883700000,4171500000
"P36543","ATP6V1E1",1034950000,1071140000,991220000,1001470000,1059790000,1016590000,1008470000,1018660000,909890000,1038970000,1038960000,868600000,1128340000,943380000,890560000,1043690000,944990000,1087480000
"P36551","CPOX",490560000,419670000,436860000,432340000,465970000,397630000,519080000,514720000,471420000,497060000,470340000,400410000,409890000,342017000,355460000,335998000,246420000,336550000
"P36578","RPL4",18384500000,18945900000,19476200000,22078600000,20830300000,21207500000,17456500000,17032600000,17398800000,17221200000,16942800000,16871800000,16506200000,18365800000,18246300000,15778500000,15929500000,1.5483e+10
"P36639","NUDT1",636060000,685290000,706180000,543600000,491660000,552610000,442490000,470350000,423220000,367410000,344540000,305242000,237903000,270840000,185373000,221767000,226561000,233163000
"P36776","LONP1",1877260000,1817760000,1724690000,1937830000,2158060000,1913650000,2482010000,2416470000,2459960000,2649900000,2706400000,2439310000,2905290000,2580260000,2645690000,3106400000,2905240000,3063040000
"P36871","PGM1",4184500000,4103300000,3750900000,5.027e+09,5788200000,4518800000,5813700000,6014300000,5393400000,6047300000,5860500000,4730200000,6459100000,5465600000,5470200000,6044700000,5743200000,6431600000
"P36873","PPP1CC",503100000,488900000,495220000,435650000,435650000,365790000,302783000,341546000,365200000,377740000,356270000,337930000,290626000,274117000,275093000,163905000,247047000,255104000
"P36915","GNL1",473750000,492470000,437320000,421320000,495290000,525490000,522040000,496680000,479450000,569480000,534920000,595300000,505540000,509620000,487660000,502970000,472110000,465890000
"P36954","POLR2I",148836000,159009000,182317000,196649000,143742000,262558000,195195000,168029000,217415000,166411000,157073000,294427000,122660000,233550000,243089000,188878000,178838000,96405000
"P36957","DLST",2348970000,2485410000,2411140000,2137530000,2295340000,2118010000,2810610000,2908400000,2460870000,2910270000,3056310000,2461230000,2639650000,2248020000,2242500000,2282810000,2221600000,2479020000
"P36959","GMPR",NA,NA,NA,NA,NA,NA,NA,NA,NA,NA,64501000,57547000,105020000,242841000,141532000,NA,NA,163984000
"P36969","GPX4",174042000,181703000,133907000,167097000,43135000,128544000,179658000,170476000,194609000,126538000,200835000,112809000,97456000,98675000,NA,45104000,91211000,87555000
"P37108","SRP14",2299850000,2431440000,2657310000,2935130000,2971490000,2662930000,3528100000,3163500000,3621800000,3128460000,3088300000,2904640000,2639900000,2405610000,2527400000,2343650000,2101770000,2254040000
"P37173","TGFBR2",163912000,127887000,131697000,139954000,136761000,136723000,23446000,31576000,NA,24189000,NA,NA,NA,NA,NA,NA,NA,NA
"P37198","NUP62",644310000,596110000,614960000,534400000,653290000,598260000,678080000,686610000,660530000,553420000,596780000,615630000,513780000,515860000,438760000,452380000,519180000,4.48e+08
"P37235;P84074;P61601","HPCAL1;HPCA",2089990000,2172060000,2427650000,2024520000,2105090000,2231840000,1632140000,1802180000,1820020000,1533700000,1509900000,1721530000,1315030000,1313960000,1421410000,1155490000,1265400000,971270000
"P37268","FDFT1",96917000,88211000,103543000,34697000,NA,NA,NA,NA,40980000,NA,NA,NA,166074000,101030000,166753000,131863000,169572000,190326000
"P37275","ZEB1",138547000,126815000,117120000,110523000,131852000,132012000,182955000,198626000,155905000,168970000,189805000,129798000,174248000,147980000,135260000,169529000,139396000,186493000
"P37802;Q9UI15","TAGLN2",8795200000,10371900000,9736300000,10363400000,10291500000,10040100000,10195900000,10717300000,10070800000,8017800000,8434200000,7349700000,5553400000,6142900000,5770100000,5556800000,5936700000,5891900000
"P37837","TALDO1",6473900000,6135300000,6208200000,5563800000,5576200000,5242600000,6.069e+09,6129400000,6193400000,5942300000,5719500000,5755900000,5605200000,5556300000,5232600000,5781900000,6043300000,5730200000
"P38117","ETFB",1828350000,1725220000,1611270000,1530260000,1760490000,1570800000,2291580000,2128670000,2107290000,2262420000,2330370000,2132820000,2279510000,1882890000,1867060000,1871170000,1802410000,2058050000
"P38159;O75526","RBMX",1844960000,1936650000,2008420000,1649590000,1.869e+09,1622400000,2272990000,2446640000,2344800000,2141780000,2106920000,2214170000,2092530000,1631910000,1798760000,1892190000,1521270000,1775110000
"P38432","COIL",149658000,162678000,171724000,166913000,86787000,135190000,173206000,157756000,181265000,47246000,101163000,101075000,NA,87127000,92598000,87196000,60503000,41392000
"P38435","GGCX",261221000,271301000,282255000,306740000,291086000,271579000,244085000,230195000,241033000,248927000,239701000,189197000,214881000,200209000,249657000,92228000,162776000,114528000
"P38571","LIPA",138683000,179674000,154943000,140338000,123011000,130003000,149576000,150457000,173440000,69260000,61617000,91560000,NA,14222000,41659000,NA,20340000,NA
"P38606","ATP6V1A",3149820000,3255400000,2915840000,2968840000,3200800000,2778920000,2997800000,3035470000,3048510000,3014640000,2980330000,3020400000,2902680000,2817080000,2967230000,2784680000,2902680000,2786160000
"P38646","HSPA9",11573200000,10891600000,10919900000,1.0435e+10,10963800000,10377400000,12365700000,11534500000,11377900000,13559900000,13523200000,13153800000,15249400000,14956600000,14402200000,15405800000,14557800000,15580400000
"P38919","EIF4A3",2549770000,2604600000,2449730000,2612750000,2582240000,2370960000,2935880000,2835010000,3143660000,3181200000,3063340000,2688350000,2561890000,2813050000,2686620000,2281420000,2217790000,2338750000
"P38936","CDKN1A",200365000,336230000,337900000,186141000,97342000,175019000,82929000,282933000,227302000,229360000,304701000,NA,95657000,NA,NA,NA,NA,NA
"P39019","RPS19",6859200000,5833100000,6614500000,7167900000,7032800000,7490900000,5595100000,5.213e+09,5546400000,5347100000,5670700000,6133300000,5553900000,5668300000,5688100000,5811200000,5231600000,5698800000
"P39023;Q92901","RPL3",15349900000,13993300000,1.4515e+10,15772100000,14906100000,14249800000,13122900000,11886100000,12907100000,13290700000,13220200000,12258400000,13611900000,12779600000,11653900000,12911400000,12002900000,12925600000
"P39060","COL18A1",152204000,139418000,160350000,240596000,217723000,235147000,210656000,247739000,251360000,1371230000,1007050000,1034730000,1349190000,988620000,1.288e+09,690780000,524470000,683230000
"P39656","DDOST",5433300000,5489500000,5299800000,5867500000,5431400000,5691600000,5362900000,5292500000,5608500000,5593900000,5664400000,5650600000,5899400000,5490800000,6437500000,5942800000,6246500000,6099300000
"P39687;O95626;O43423","ANP32A",1331380000,1705960000,1995430000,1554330000,1501390000,1574880000,2136200000,2304410000,1923220000,1787860000,1927250000,1837370000,1610210000,1448720000,1445200000,1622990000,1437940000,1532700000
"P39748","FEN1",2401770000,2694890000,2600900000,2440570000,2449010000,2185270000,2407860000,2607310000,2470410000,1948040000,1763040000,1816290000,1301500000,1208500000,1239280000,846200000,879170000,844590000
"P39880","CUX1",652700000,269260000,430260000,404920000,397981000,431130000,434300000,431950000,481650000,242410000,281870000,455410000,481190000,474430000,452710000,347310000,521410000,410070000
"P40123","CAP2",2340860000,2098790000,2.175e+09,2688380000,3192910000,2411160000,3889500000,4061200000,3826400000,6450200000,5883100000,4910800000,7694300000,6043900000,6047400000,7301300000,6832700000,7690400000
"P40222","TXLNA",1958700000,1757670000,1858200000,1387690000,1607430000,1478030000,928960000,945680000,881420000,893520000,842860000,834510000,798430000,702650000,635840000,554280000,563360000,653250000
"P40227","CCT6A",1.5505e+10,15927300000,15181600000,1.5675e+10,15250700000,14185700000,13189500000,12910200000,13162700000,13462700000,13567700000,11875900000,13817300000,13721900000,13276200000,14304200000,13419900000,14182300000
"P40261","NNMT",9138100000,8801300000,8767800000,11705100000,10498100000,12618800000,11468700000,10572100000,12086700000,9204300000,9577300000,9707300000,8406600000,9294100000,9300500000,9779400000,11128800000,9731400000
"P40306","PSMB10",NA,NA,8647800,15490000,NA,22801700,NA,NA,NA,37375000,NA,12634000,NA,32665000,14012000,NA,NA,NA
"P40429;Q6NVV1","RPL13A",4070400000,3206300000,3675800000,4.08e+09,4537900000,3975800000,3033020000,3214900000,3038880000,3457200000,3105760000,2864750000,3738100000,3633200000,3573400000,2913640000,3012010000,3220300000
"P40616","ARL1",637280000,640710000,598930000,808250000,752570000,734770000,567790000,536470000,631650000,569400000,568040000,540950000,605710000,563870000,678870000,716230000,783230000,589180000
"P40763","STAT3",928140000,981610000,875060000,980880000,1155490000,854410000,1195630000,1239950000,1279650000,1621670000,1635390000,1375130000,1916690000,1769230000,1719050000,1925410000,1763670000,1945060000
"P40855","PEX19",476750000,472430000,552980000,629440000,558720000,558830000,551560000,455930000,457170000,490640000,483290000,394970000,399580000,368930000,333850000,430790000,335860000,402280000
"P40925","MDH1",5329400000,5361500000,5.476e+09,5593700000,5690700000,6131100000,6137300000,6460700000,6306500000,6471800000,5949900000,6444400000,6393300000,6390200000,6908900000,6.392e+09,6794100000,6541600000
"P40926","MDH2",11610100000,1.197e+10,11843600000,11609100000,11540800000,10904200000,1.6693e+10,15979200000,1.5482e+10,18343400000,19312100000,16677100000,18839200000,17669400000,17534700000,19592800000,17896600000,19559900000
"P40937","RFC5",176724000,214791000,188404000,197395000,178890000,198301000,133421000,74514000,139169000,98958000,119979000,106357000,16325000,21226000,47173000,NA,16903000,23605000
"P40938","RFC3",235787000,198848000,211649000,100055000,204283000,175105000,171600000,151720000,164200000,75773000,139992000,82849000,118710000,30911000,50345000,NA,103044000,78500000
"P40939","HADHA",6708300000,6268700000,6126900000,7049900000,7.237e+09,6740600000,8335600000,8003200000,8764400000,9379800000,9463100000,9605900000,9873100000,9340300000,9873100000,10553700000,10277400000,10195800000
"P41091;Q2VIR3","EIF2S3;EIF2S3L",7122500000,7259800000,7032700000,7790300000,7759700000,7060600000,6599400000,6477700000,6967600000,7017400000,7226800000,6292300000,6890800000,6947100000,6967200000,6933100000,6.784e+09,6998200000
"P41214","EIF2D",209247000,180173000,168661000,180114000,189841000,172328000,159807000,91293000,139033000,77264000,183294000,218323000,139510000,84086000,82437000,79737000,129303000,NA
"P41223","BUD31",63670000,82598000,124598000,127805000,100275000,124651000,103532000,96422000,115432000,93041000,124582000,117006000,78644000,49727000,109403000,92774000,95902000,95004000
"P41226","UBA7",156535000,151434000,85293000,164314000,179500000,143162000,160332000,155521000,91758000,177598000,96100000,149927000,139645000,81844000,68089000,50875000,44703000,NA
"P41227;Q9BSU3","NAA10",947930000,841410000,858590000,755500000,820240000,890520000,640940000,585260000,616730000,604390000,640350000,619450000,675290000,689490000,638820000,6.47e+08,563730000,622440000
"P41236;Q6NXS1","PPP1R2;PPP1R2P3",325970000,303202000,288211000,229498000,396336000,267704000,377347000,225117000,213303000,240168000,377142000,270355000,234581000,254176000,129453000,333871000,264938000,353307000
"P41240","CSK",530670000,393540000,433350000,539490000,471820000,482610000,494850000,495860000,523100000,426320000,487590000,466080000,527330000,451360000,463190000,393860000,399820000,404880000
"P41250","GARS",6987100000,7531300000,6900100000,6825400000,7156500000,6520400000,5931600000,6051700000,6121300000,6306900000,6235500000,5891800000,7215300000,6311600000,6667400000,8447800000,8568600000,8476100000
"P41252","IARS",6261100000,6157700000,6268900000,6.499e+09,6910600000,6422300000,6347300000,6193400000,6289900000,6848900000,6492500000,6226600000,8021800000,7692100000,7687500000,8613800000,8524900000,8900200000
"P41567","EIF1",1982140000,2195890000,2252200000,1921180000,2170910000,1952720000,1332410000,1313220000,1257110000,1537490000,1475980000,1640430000,1730260000,1731820000,1850900000,1974100000,1787020000,1710620000
"P41743","PRKCI",114823000,143602000,104179000,143816000,92330000,154036000,119018000,124364000,121444000,69055000,102455000,43781000,89944000,75647000,63793000,96790000,86119000,114100000
"P42025","ACTR1B",627360000,546440000,563130000,694760000,618450000,532580000,580940000,587990000,641620000,685940000,578130000,551280000,542620000,511430000,619470000,644860000,603090000,601850000
"P42126","ECI1",429076000,558610000,517260000,369821000,101030000,481340000,528990000,534450000,544760000,409740000,570230000,542260000,396503000,592400000,571580000,513010000,628680000,658130000
"P42166","TMPO",3461500000,3422400000,3541500000,3105100000,3202700000,3.275e+09,3.314e+09,3295100000,3214400000,2462420000,2607110000,2611980000,1939640000,2012500000,1997010000,1814190000,1585410000,1699210000
"P42167","TMPO",2032520000,2188240000,2151620000,1544880000,2292100000,1398250000,2469370000,2652710000,2294830000,2475690000,2208140000,1659270000,2078070000,1321180000,1315660000,1500490000,1034410000,1581750000
"P42224","STAT1",3933200000,3736300000,3698200000,4105700000,4239800000,3773200000,3596600000,3569400000,3429100000,3732900000,3626200000,3291400000,3720100000,3449400000,3473400000,4101700000,4142200000,4.061e+09
"P42226","STAT6",223990000,295241000,292507000,300974000,338652000,272333000,272829000,264254000,244871000,265338000,240987000,85694000,209895000,192196000,193501000,211464000,210718000,196890000
"P42229;P51692","STAT5A;STAT5B",NA,NA,NA,NA,NA,103882000,NA,NA,83257000,NA,NA,145371000,NA,108675000,158893000,NA,108042000,NA
"P42285","SKIV2L2",1667380000,1571920000,1597610000,1399990000,1508660000,1438500000,1187870000,1308700000,1161520000,1315710000,1395730000,1380590000,1141040000,1163690000,1114400000,924900000,848510000,927030000
"P42330;P17516","AKR1C3",NA,124304000,50233000,148985000,237350000,NA,921340000,899490000,805540000,1043400000,1119820000,792440000,837010000,547350000,501220000,611820000,431640000,683420000
"P42345","MTOR",163858000,184497000,172736000,173874000,163450000,196879000,212773000,172408000,200981000,197682000,190833000,218242000,253150000,243720000,250077000,239125000,248667000,278394000
"P42356;A4QPH2;Q8N8J0","PI4KA",NA,NA,13111000,NA,28030000,NA,10629000,NA,24274000,NA,NA,39508000,NA,NA,24803000,NA,NA,14472000
"P42566","EPS15",562670000,540560000,538700000,474320000,505990000,475590000,451150000,472070000,392420000,370160000,358290000,395830000,375880000,331320000,366440000,390620000,373930000,342290000
"P42574","CASP3",818860000,840310000,895780000,892570000,899520000,895970000,808490000,855080000,864870000,971630000,922180000,863760000,1148630000,1113920000,1113380000,1154120000,1239180000,1244100000
"P42677","RPS27",1803810000,1579910000,1636240000,1487540000,1724660000,1546460000,1199730000,1080270000,1120490000,1347940000,1237120000,1158420000,1599290000,1405660000,1402780000,1214290000,1097220000,1256030000
"P42704","LRPPRC",8379100000,8.732e+09,8294100000,8069800000,7984900000,7801400000,8389100000,8345100000,8148300000,8571500000,8425800000,8013400000,8383300000,8182800000,8190500000,8.61e+09,8.21e+09,8890600000
"P42765","ACAA2",2013810000,2184270000,2143650000,2020560000,1930150000,1766470000,2850620000,2927980000,2917350000,3157900000,3008040000,2685930000,2965400000,2706150000,2478180000,2636920000,2813360000,2852440000
"P42766","RPL35",1486360000,1401980000,1442530000,1846100000,1670500000,1370070000,1621450000,1396290000,1188800000,1561510000,1680870000,1097560000,1618360000,1255500000,1139810000,1291580000,1190090000,1310610000
"P42771","CDKN2A",5227800000,4907600000,5348800000,5212400000,6305400000,6.092e+09,5092300000,5254500000,4676600000,4614500000,4053200000,3730200000,3734500000,3319700000,3626700000,3360600000,3011250000,2875330000
"P42773","CDKN2C",NA,34982000,61595000,31394000,83760000,NA,171741000,212785000,183901000,182728000,52880000,NA,113343000,NA,NA,NA,47521000,NA
"P42785","PRCP",207765000,220345000,238594000,281095000,212205000,291953000,369400000,346872000,444640000,321762000,300131000,389920000,259398000,302795000,280970000,247146000,266426000,214706000
"P42858","HTT",178427000,164787000,169566000,185334000,172291000,174328000,186267000,171621000,196351000,171069000,194600000,190939000,184675000,177408000,187660000,217245000,215706000,211705000
"P42892","ECE1",818640000,758850000,765440000,793430000,7.96e+08,781320000,424430000,453830000,413690000,243561000,223605000,276557000,296284000,289400000,181641000,205642000,184861000,231896000
"P43007","SLC1A4",16681000,71339000,59925000,78612000,66929000,77632000,33037000,42313000,32738000,246406000,270900000,317510000,412460000,430900000,476610000,366550000,361180000,346820000
"P43034","PAFAH1B1",3.475e+09,3166100000,3007630000,3532300000,3905400000,3743200000,3050350000,3164100000,3017550000,3384600000,3205800000,3283500000,3466700000,3314500000,3607100000,3613500000,3550500000,3764100000
"P43121","MCAM",171970000,98620000,125928000,118790000,193939000,144872000,184194000,127866000,50181000,245251000,248664000,138002000,409080000,153234000,82375000,422860000,314951000,342580000
"P43155","CRAT",79976000,84179000,76067000,89812000,80810000,88344000,173023000,198120000,146165000,192638000,172355000,104485000,192214000,196893000,112998000,195277000,137312000,221508000
"P43243","MATR3",10862100000,9993900000,10139200000,9485300000,10842800000,9111900000,1.1226e+10,11170700000,10686600000,12189800000,12053500000,10388500000,12358800000,10693400000,10988300000,9.784e+09,9783500000,10596900000
"P43246","MSH2",474800000,520710000,527570000,415900000,361780000,506970000,329783000,300540000,343200000,2.44e+08,267321000,224067000,223714000,160778000,59557000,41738000,101821000,139573000
"P43304","GPD2",1233940000,1338840000,1360020000,1371630000,1307050000,1344970000,1577400000,1464580000,1631080000,1456190000,1543570000,1561470000,1008170000,1080260000,1133400000,949900000,911150000,848690000
"P43307","SSR1",1249790000,1423600000,1512650000,1436740000,1379710000,1472480000,979020000,1142330000,1209070000,1019630000,1052340000,1240210000,1000830000,1002600000,1136930000,922050000,978430000,993930000
"P43378","PTPN9",264906000,267689000,198086000,230796000,160898000,197170000,111515000,116486000,111499000,89646000,96687000,113052000,71360000,82778000,107526000,45680000,76701000,44519000
"P43487;Q9C010","RANBP1",2087350000,1649590000,1736530000,1949060000,2387080000,2154390000,1904580000,2182670000,1764930000,1895230000,1688670000,1764340000,1700070000,1490220000,1456220000,1190440000,1327340000,1141550000
"P43490","NAMPT",2217920000,2332960000,2328420000,2519920000,2331120000,2646580000,2225540000,2413420000,2486190000,1978810000,2043510000,2210400000,1833060000,1914480000,2031010000,1808650000,1873950000,1751070000
"P43686","PSMC4",5555300000,5417400000,5335200000,4953400000,5672600000,4916600000,5208100000,5391800000,4.996e+09,5669300000,5458200000,5056300000,6312200000,5559300000,5663200000,5.853e+09,5720500000,6132900000
"P43897","TSFM",211346000,212553000,244143000,241879000,267725000,251983000,333960000,319909000,317462000,357130000,388750000,320800000,330943000,327781000,351520000,288380000,307670000,345958000
"P45378","TNNT3",NA,NA,NA,NA,NA,NA,5034700,20431000,NA,954060000,720160000,528310000,7388700000,6474100000,6349400000,11688800000,11458200000,10746600000
"P45379","TNNT2",35573000,21995000,11416300,425530000,348380000,271782000,1966500000,1538910000,1781660000,7144500000,8173200000,5389600000,18460700000,16935600000,16024700000,23766800000,21217300000,24600400000
"P45877","PPIC",204624000,67024000,NA,NA,184636000,NA,195807000,218117000,203069000,248354000,239719000,262867000,308966000,313442000,358470000,317313000,334020000,307140000
"P45880","VDAC2",3947500000,4246800000,3938200000,4.25e+09,4.124e+09,4227200000,5555400000,5415800000,5448500000,6202300000,5710700000,5122200000,5949500000,5518600000,5580700000,6118900000,6061400000,5985100000
"P45954","ACADSB",351740000,323110000,406760000,397825000,402240000,379480000,536920000,514770000,535690000,585330000,612690000,582240000,533130000,456520000,458350000,399500000,393130000,473720000
"P45973","CBX5",1589330000,1460440000,1811310000,2040640000,2013740000,1955700000,2055580000,2069430000,2059700000,1891820000,1874420000,2053600000,1319780000,1347880000,1490860000,1007440000,911830000,836670000
"P45974","USP5",5771800000,5828400000,5.794e+09,6485600000,6023400000,6646600000,6.703e+09,6838500000,6943300000,6216100000,6608500000,7027900000,6758100000,7254500000,7609200000,7362100000,7930600000,6870200000
"P45984","MAPK9",59882000,75831000,40141000,65832000,87517000,48850000,82054000,80691000,70715000,84591000,77292000,33610000,84282000,65841000,69460000,47875000,46092000,81240000
"P45985","MAP2K4",102100000,327758000,388470000,318490000,338340000,335722000,326326000,327074000,336870000,323870000,316310000,328016000,310870000,3.2e+08,289149000,296754000,320330000,289913000
"P46013","MKI67",1508830000,1736900000,1831020000,1264040000,1258420000,1044540000,99021000,97375000,1.68e+08,303608000,104173400,NA,82535000,NA,NA,41783000,NA,NA
"P46060","RANGAP1",3615800000,3753600000,3678900000,2798810000,2780240000,2976460000,2772990000,2663660000,2600390000,2365050000,2361010000,2122440000,1718250000,1820290000,1783810000,1402420000,1435860000,1472990000
"P46063","RECQL",3737200000,3389800000,3510900000,3672100000,4055600000,3486600000,3788700000,4073800000,4184300000,3935700000,3974800000,3670500000,3368600000,3073600000,3179900000,2951440000,2857750000,3060070000
"P46087","NOP2",792780000,888680000,8.14e+08,876070000,946620000,798970000,990110000,994530000,896640000,988520000,946720000,879260000,835830000,782760000,801590000,676880000,605340000,657740000
"P46100","ATRX",279117000,292236000,256239000,270186000,291491000,180444000,376140000,420530000,342890000,350679000,252941000,190390000,179471000,141825000,151673000,128669000,162205000,167939000
"P46108","CRK",1063220000,1.058e+09,1280740000,1139660000,1126830000,1123590000,1200810000,1244440000,1154420000,1086290000,1111640000,1091460000,898650000,1002360000,985640000,971660000,938470000,903130000
"P46109","CRKL",1043900000,1085330000,1157590000,1325040000,1509830000,1328150000,1505130000,1509540000,1447180000,1491530000,1382020000,1537200000,1362690000,1393130000,1401020000,1433310000,1345240000,1242770000
"P46199","MTIF2",NA,NA,NA,10622000,11477000,NA,24946000,12388000,20005000,NA,15621000,NA,NA,NA,NA,NA,NA,10260000
"P46379","BAG6",1128460000,1011770000,1103660000,1034540000,1069120000,929030000,963060000,996220000,908520000,1120210000,1115880000,985580000,1260450000,1067550000,1066600000,1178840000,1094200000,1102680000
"P46459","NSF",1305550000,1322020000,1302840000,1330540000,1317370000,1258360000,1577480000,1366710000,1.521e+09,1601970000,1702910000,1674200000,1474180000,1496610000,1516220000,1618220000,1562340000,1564210000
"P46734","MAP2K3",536970000,539590000,553880000,571430000,488030000,573040000,553120000,565190000,553210000,575170000,537680000,516560000,399010000,434110000,472370000,433440000,453960000,420800000
"P46736","BRCC3",279693000,265627000,250358000,243847000,276232000,127174000,306171000,255823000,279185000,301897000,296878000,244559000,283676000,243003000,261057000,282970000,238364000,324720000
"P46776","RPL27A",5862500000,5374900000,5707200000,6258200000,5713900000,6.037e+09,4584700000,4921300000,4972900000,5.037e+09,4870800000,5242700000,4.93e+09,4810300000,5.062e+09,4325600000,4152700000,4094400000
"P46777","RPL5",10959900000,8196500000,7834300000,9506500000,11029500000,8230300000,8101900000,7405300000,7494800000,8643800000,7.725e+09,6487500000,8.642e+09,7513200000,6.817e+09,7546200000,7.441e+09,7.965e+09
"P46778","RPL21",2307450000,2011140000,1800010000,2448070000,3021690000,2486240000,1514060000,2621330000,2023110000,2595970000,2458120000,1765510000,1932680000,1986140000,2386490000,1913030000,2194090000,2013400000
"P46779","RPL28",2208760000,2683470000,2892260000,2791370000,2785300000,2522370000,2242570000,2492450000,2442620000,2158450000,2437380000,2231140000,2721930000,2114460000,2107260000,3183680000,2019550000,2158540000
"P46781","RPS9",12094400000,11681300000,1.057e+10,11968100000,13067800000,11563800000,9724100000,9.654e+09,9378400000,10297600000,10137400000,9047300000,10030500000,9680500000,9.644e+09,8917900000,7963200000,9059600000
"P46782","RPS5",3991500000,4121400000,4526700000,3306230000,3045620000,3021250000,2641030000,2787560000,2589950000,2667060000,2998810000,2708930000,2409360000,2832270000,2459990000,2477280000,2507310000,2580140000
"P46783;Q9NQ39","RPS10;RPS10P5",5393200000,5219200000,5291700000,4.802e+09,4745300000,5630200000,3825500000,3629900000,3832100000,3507800000,3866800000,3958800000,3535200000,3906500000,3939600000,3298800000,3414400000,3497100000
"P46821","MAP1B",1.4846e+10,13648300000,13238500000,11992700000,12972100000,11406200000,6403400000,6531900000,6234900000,6234400000,5929900000,5577800000,7.457e+09,6856200000,7139900000,9837100000,9715900000,10444200000
"P46926","GNPDA1",380350000,424610000,345188000,403150000,466280000,478560000,538430000,465910000,620850000,532230000,604720000,643660000,459470000,472350000,521540000,460860000,475260000,424840000
"P46934","NEDD4",131242000,120613000,146716000,152321000,121622000,209414000,41877000,43958000,122024000,NA,NA,116963000,NA,101683000,105452000,71830000,76756000,NA
"P46937","YAP1",826780000,705190000,794750000,792980000,848800000,887300000,614330000,600550000,588040000,421440000,513220000,474870000,316200000,362890000,380038000,336710000,352040000,301408000
"P46939","UTRN",5483600000,5174800000,5222400000,6199100000,5667500000,6016700000,6209900000,6.297e+09,6231500000,7501400000,7683600000,7.376e+09,8732100000,8803800000,8408800000,7954700000,8044100000,7959800000
"P46940","IQGAP1",3.2992e+10,3.2836e+10,3.1917e+10,3.464e+10,3.4957e+10,3.2617e+10,4.0108e+10,3.9679e+10,4.0367e+10,3.7179e+10,3.7171e+10,3.4585e+10,28433700000,27053200000,27735600000,2.3012e+10,22078900000,23373200000
"P46976","GYG1",826250000,890080000,957770000,841540000,919200000,734230000,750050000,772890000,617020000,939090000,827870000,802530000,1095280000,852770000,930480000,1107720000,898040000,1397670000
"P46977","STT3A",1948590000,2052410000,1882850000,1909890000,1764420000,1868290000,1828580000,1866210000,1967970000,1840160000,1886180000,1896260000,1897010000,1910510000,1939610000,1761720000,1773070000,1866470000
"P47755","CAPZA2",2784010000,2860640000,2652380000,3001500000,2646860000,3331100000,2948080000,2725420000,3215700000,2950010000,3112540000,3679400000,3266300000,3.623e+09,3878300000,3825900000,4064600000,3565100000
"P47756","CAPZB",6220500000,5689900000,5572700000,5974400000,6414400000,5738800000,6491800000,6847600000,6381700000,6689900000,6413500000,5427400000,6415600000,6376700000,5846200000,6039300000,6198800000,6453300000
"P47897","QARS",7396200000,7179300000,6707800000,6662700000,7635300000,6280500000,5762100000,5715800000,5596700000,6194200000,5787700000,5366900000,6054200000,5173700000,5093100000,5598700000,5014300000,5407400000
"P47985","UQCRFS1",972680000,1069160000,862970000,686470000,624390000,629450000,939650000,918510000,978890000,958330000,1009360000,1105680000,1013050000,1039510000,1006910000,1032310000,1002660000,1076150000
"P48047","ATP5O",2468210000,2639800000,2511810000,2544240000,3338700000,2644830000,3730800000,3.709e+09,3411700000,4.425e+09,4236600000,3295900000,4079500000,3729800000,3891500000,3887600000,3619400000,4184900000
"P48059","LIMS1",2573720000,2461510000,2468650000,2301950000,2363130000,2051060000,2571620000,2545020000,2567540000,2421470000,2531780000,2192480000,2247460000,2248060000,2120830000,2463590000,2370710000,2659300000
"P48147","PREP",2714540000,2631350000,2741320000,3059010000,3.096e+09,3181600000,2974520000,3049290000,3.168e+09,3028910000,3.181e+09,3443300000,3028800000,2998670000,3.58e+09,3114830000,3086300000,3069230000
"P48163","ME1",329824000,334157000,290582000,181405000,227803000,182215000,251939000,232336000,252838000,249738000,253148000,264090000,380464000,371370000,413470000,503220000,602420000,606730000
"P48426","PIP4K2A",81517000,70869000,123458000,108847000,60875000,119809000,131113000,124477000,115904000,99373000,102795000,88848000,88853000,102793000,102585000,88533000,100805000,73482000
"P48444","ARCN1",5869200000,5949900000,5758500000,6299400000,5875400000,5807400000,5010600000,4602700000,4896900000,4445200000,4796400000,4357700000,4318500000,4.342e+09,4286700000,4319200000,4325800000,4392900000
"P48449","LSS",415990000,362580000,360451000,343240000,366440000,331520000,331699000,310227000,308806000,355440000,337820000,326092000,552840000,551280000,600940000,816210000,734030000,686020000
"P48454","PPP3CC",22041000,NA,26547000,78965000,NA,18325000,83301000,NA,64296000,NA,NA,40427000,30598000,18672000,84106000,46633000,57977000,36606000
"P48507","GCLM",655070000,570830000,645700000,602490000,608030000,591770000,564600000,560750000,556460000,531720000,554170000,601950000,537820000,497960000,573540000,510310000,497150000,500670000
"P48509","CD151",623890000,793650000,676510000,667570000,570110000,729420000,646640000,680660000,741550000,610780000,777650000,878980000,785950000,781350000,908830000,751330000,763210000,762990000
"P48556","PSMD8",2895440000,2834920000,2987300000,2883690000,2771190000,2801170000,3040060000,2771750000,3091300000,2997880000,3130600000,2679500000,3223100000,3063290000,2997750000,3435400000,3312400000,3247200000
"P48634","PRRC2A",488080000,499680000,469430000,479960000,548400000,388200000,417550000,465350000,429610000,443080000,429940000,370240000,480580000,4.4e+08,336265000,418360000,432720000,422520000
"P48637","GSS",1.155e+09,1248250000,1237580000,1127730000,1046070000,1206040000,1355070000,1157530000,1173420000,1128770000,1192420000,1225530000,1109660000,1267160000,1339170000,1390180000,1313080000,1289550000
"P48643","CCT5",17235200000,16791900000,15730700000,16873200000,16493700000,15912700000,14291800000,14052700000,14252800000,1.5667e+10,15300300000,14208700000,16069400000,15184100000,15477300000,15190400000,14610300000,16087900000
"P48651","PTDSS1",18625000,60868000,56442000,68360000,31218000,58306000,59384000,42558000,61084000,56478000,51533000,29796000,34310000,25409000,30378000,49374000,35163000,35301000
"P48681","NES",1.19144e+11,1.09703e+11,1.15858e+11,1.07649e+11,1.15742e+11,1.05951e+11,1.13623e+11,1.11886e+11,1.02416e+11,1.2061e+11,1.23091e+11,1.07128e+11,1.54594e+11,1.46824e+11,1.34726e+11,1.62973e+11,1.58038e+11,1.81621e+11
"P48723","HSPA13",216793000,251220000,207787000,72235000,243290000,242730000,71833000,38534000,124783000,111682000,131729000,188685000,NA,134350000,179811000,127770000,95351000,110863000
"P48729;Q8N752","CSNK1A1;CSNK1A1L",294470000,286556000,223397000,284588000,346840000,304544000,142496000,264048000,184264000,342920000,281291000,218628000,289262000,261057000,306895000,313069000,235297000,249816000
"P48735","IDH2",3912600000,3920800000,3776300000,4400200000,4629500000,4404700000,6251300000,6497600000,6282500000,8334600000,8567700000,8115500000,10820200000,11245800000,10943400000,13626700000,12978600000,14127600000
"P48739","PITPNB",1698150000,1818050000,1788460000,1948240000,1885810000,1822500000,1730720000,1632350000,1672130000,1702970000,1854060000,1586130000,1600440000,1580470000,1638890000,1643920000,1637040000,1738860000
"P48788","TNNI2",NA,NA,NA,NA,NA,NA,NA,NA,NA,NA,NA,NA,825150000,800260000,766480000,1.456e+09,1389320000,1370930000
"P48960","CD97",1001890000,1012200000,1065150000,889610000,8.35e+08,938530000,487090000,484580000,461920000,587690000,540560000,519470000,1004770000,990950000,1032580000,1011140000,978630000,1045940000
"P49005","POLD2",75953000,95767000,157850000,147396000,142059000,139821000,95015000,37238000,145261000,80421000,39506000,72677000,NA,68217000,NA,NA,NA,NA
"P49006","MARCKSL1",904470000,591170000,734120000,737110000,583650000,650390000,640790000,734980000,589860000,NA,542660000,563230000,267300000,434240000,396901000,338295000,315868000,213150000
"P49023","PXN",3936600000,4163500000,3939800000,4222700000,4543500000,4044100000,4511200000,4114800000,3917500000,3613800000,3.644e+09,2765770000,2755670000,2722470000,2576370000,2664490000,2341150000,3025660000
"P49137","MAPKAPK2",286845000,261240000,234349000,257722000,304259000,290870000,289780000,293225000,307831000,401270000,358849000,402330000,333500000,307953000,322598000,248120000,235409000,224897000
"P49184","DNASE1L1",104445000,151042000,135292000,190508000,113668000,207821000,67945000,104082000,195604000,271994000,249626000,251319000,NA,232177000,228682000,264247000,203855000,254549000
"P49189","ALDH9A1",2800380000,2956400000,2707720000,2866560000,3171700000,2917600000,3.403e+09,3373300000,3.256e+09,3582600000,3586800000,3435400000,3630200000,3414300000,3251700000,3626500000,3340100000,3674800000
"P49207","RPL34",516340000,1652230000,1516600000,1500340000,1030190000,1571950000,1329010000,1642200000,1207290000,1122540000,1447610000,1410110000,907630000,1240950000,1364430000,1145940000,1056260000,1142440000
"P49257","LMAN1",2676420000,2465590000,2436880000,2461470000,2903910000,2457100000,2400370000,2536600000,2427630000,2567530000,2345290000,2366680000,2830350000,2619330000,2517170000,2845400000,2864590000,3058700000
"P49321","NASP",3211260000,3256700000,3756300000,4233300000,4308300000,3977800000,3870900000,3790100000,3.294e+09,3021940000,2809180000,2642620000,1869270000,1889780000,1963420000,1375600000,1117540000,1553810000
"P49327","FASN",16591800000,1.6825e+10,15912900000,14931300000,15272700000,14920800000,12067300000,11800100000,12692100000,14575200000,14254700000,14679500000,26249100000,25432200000,2.7202e+10,3.7941e+10,3.7422e+10,3.7683e+10
"P49354","FNTA",284613000,294777000,284855000,322230000,326350000,340750000,359440000,407490000,390790000,378340000,369330000,389830000,364730000,375020000,414100000,378240000,440040000,369870000
"P49356","FNTB",80089000,63249000,36633000,79968000,84200000,74253000,115086000,112553000,102311000,129459000,117059000,73269000,33765000,91243000,83020000,40537000,38618000,48020000
"P49366","DHPS",123022000,138970000,137981000,94844000,125049000,88417000,NA,33442000,37409000,NA,NA,NA,NA,NA,NA,NA,67363000,NA
"P49368","CCT3",19786100000,18523300000,18360600000,17528700000,17632900000,17068700000,16605400000,15520100000,15651600000,16947900000,17053800000,15225100000,17175800000,15273200000,1.5422e+10,16032500000,15058300000,16197600000
"P49406","MRPL19",221562000,274842000,236619000,229325000,203559000,215647000,237183000,236061000,283476000,251904000,256264000,319932000,225549000,273566000,320306000,243222000,268960000,226506000
"P49407","ARRB1",31277000,32472000,37319000,93424000,126331000,73558000,71886000,66517000,68015000,72710000,74504000,91072000,71316000,29864000,NA,31337000,NA,30767000
"P49411","TUFM",8256500000,8207200000,8114800000,8108700000,8411900000,7610100000,11290900000,10948300000,9.985e+09,11840700000,11417400000,9900200000,10983100000,10261500000,10004200000,10302500000,9804500000,11210200000
"P49419","ALDH7A1",2690960000,2337060000,2578560000,2641150000,2790210000,2711120000,3048590000,3100200000,3167500000,3288800000,3221300000,3235500000,2814640000,2751230000,2844960000,2714870000,2816340000,2772200000
"P49441","INPP1",101280000,56365000,146561000,92370000,45137000,63630000,51267000,139789000,149867000,90230000,150829000,167810000,43174000,136928000,110157000,138262000,138046000,127200000
"P49454","CENPF",768090000,682540000,747930000,673310000,190850000,426220000,474830000,268450000,441700000,141400000,235300000,NA,NA,278414000,248690000,78718000,151440000,537870000
"P49458","SRP9",2325960000,2253970000,2479250000,2511230000,2616100000,2374660000,3000930000,3005570000,2882490000,2570810000,2727140000,2276600000,2202350000,2054310000,1907640000,1854940000,1627500000,2059740000
"P49585","PCYT1A",580460000,600100000,523930000,499790000,551300000,600140000,554150000,570520000,556890000,550400000,517430000,568520000,594580000,555900000,533170000,506910000,499390000,502090000
"P49588","AARS",6230600000,6303300000,6147900000,6845600000,6865100000,6840800000,6426600000,6450500000,6709900000,7489500000,7318100000,7019500000,8916500000,9369100000,9360100000,9747600000,10525800000,9837800000
"P49589","CARS",2270900000,2287090000,2264850000,2106170000,2182850000,2185720000,2209210000,2141370000,2131940000,2249180000,2117010000,2237020000,2443230000,2530340000,2513220000,2630940000,2633690000,2597680000
"P49590","HARS2",NA,146332000,194916000,266610000,NA,287403000,65405000,87435000,58318000,87524000,83788000,155007000,NA,66810000,138605000,NA,65611000,NA
"P49591","SARS",3767300000,3416500000,3448800000,3178100000,3220700000,3146400000,2814680000,2843130000,2924150000,3026410000,2870990000,2663680000,3272700000,2997480000,3145200000,3456100000,3397500000,3521200000
"P49593","PPM1F",1789630000,1896700000,1794900000,1856140000,1974420000,1999170000,2054210000,1917880000,2064630000,2259040000,2381990000,2482080000,2397310000,2282750000,2468230000,2277390000,2180850000,2181870000
"P49642","PRIM1",NA,129802000,85738000,117185000,43498000,73054000,25027000,NA,NA,NA,NA,NA,NA,NA,NA,NA,NA,NA
"P49643","PRIM2",120140000,156518000,177166000,136279000,121871000,166172000,69745000,65603000,70681000,NA,7483400,9554900,NA,NA,NA,NA,NA,NA
"P49674;P48730","CSNK1E;CSNK1D",171772000,117121000,143540000,123868000,171549000,113995000,123604000,152320000,109047000,147562000,137245000,110121000,155207000,103141000,105614000,128309000,105622000,153759000
"P49711","CTCF",NA,94112000,51351000,55246000,NA,46714000,122341000,131830000,46864000,NA,NA,161314000,47706000,40302000,43021000,NA,79709000,NA
"P49720","PSMB3",1905270000,2232910000,2316030000,2336210000,1801670000,2327190000,2151580000,2021080000,2.424e+09,1978330000,2177280000,2621310000,2192380000,2583420000,2727680000,2457230000,2935950000,2583990000
"P49721","PSMB2",2308510000,2415200000,2314260000,1809740000,2261410000,1811110000,1803320000,2010270000,1869230000,1656050000,1793290000,2041030000,1830350000,1901780000,1747420000,1914830000,2318080000,1995790000
"P49736","MCM2",3127130000,2846510000,2760720000,2397440000,2610180000,2592280000,1601630000,1559670000,1556110000,974790000,947640000,908410000,549560000,570430000,529980000,217020000,295347000,288027000
"P49748","ACADVL",4967300000,4621700000,4.784e+09,4964800000,5267200000,4972400000,5655900000,5676500000,5879100000,5935500000,5849500000,5.674e+09,5374500000,5010800000,5272700000,5343900000,5228500000,5305300000
"P49750","YLPM1",960350000,809980000,872670000,943710000,943180000,905370000,1117510000,1031830000,1037430000,1060220000,1031290000,938810000,1017610000,957500000,914240000,949700000,931950000,981420000
"P49755","TMED10",2200430000,2040460000,2170150000,2477910000,2304820000,2416440000,2042170000,1959760000,1986740000,2184080000,2118530000,2184970000,2490190000,2583090000,2625230000,2335520000,2212050000,2489940000
"P49756","RBM25",1419450000,1420310000,1367210000,1336290000,1561200000,1192130000,1492240000,1570640000,1482070000,1571730000,1534760000,1276630000,1412520000,1220520000,1155160000,1118260000,1101610000,1223870000
"P49757","NUMB",412060000,329130000,333614000,299473000,463750000,258114000,209921000,302548000,205145000,163784000,197683000,142815000,90788000,48222000,75862000,73033000,107498000,100903000
"P49770","EIF2B2",930830000,852070000,869580000,826560000,984360000,823690000,582660000,576280000,616910000,709370000,649130000,672830000,696020000,620490000,660730000,741900000,750340000,707660000
"P49773","HINT1",4593700000,4172100000,4298200000,5278300000,4492400000,6112400000,5119100000,4791600000,5831800000,4512200000,4.851e+09,6624500000,4739500000,6513700000,7042600000,6602300000,7239500000,5611400000
"P49790","NUP153",490040000,415870000,427430000,412640000,473210000,416190000,467950000,528950000,431800000,462760000,489110000,342220000,368040000,367170000,353060000,324785000,331280000,327090000
"P49792","RANBP2",2921960000,2844310000,2792380000,2703820000,2595350000,2597190000,3251500000,3189500000,3184600000,3223400000,3231900000,3089650000,2672770000,2554900000,2514360000,2293850000,2082810000,2229610000
"P49815","TSC2",38059000,49702000,NA,NA,30615000,NA,NA,42678000,NA,NA,NA,42298000,64145000,NA,NA,NA,NA,35996000
"P49821","NDUFV1",1135470000,1061110000,1061300000,1156950000,1223560000,1101800000,1516070000,1365060000,1430240000,1564750000,1481940000,1361100000,1592490000,1549110000,1483190000,1552320000,1495080000,1476730000
"P49840","GSK3A",202557000,233973000,188639000,206687000,233296000,206690000,222530000,197615000,233086000,188982000,196036000,202610000,185174000,185724000,202633000,163744000,217437000,132030000
"P49841","GSK3B",604780000,668920000,574540000,642580000,771390000,627480000,694920000,631440000,593800000,668730000,693130000,623530000,689310000,591510000,6.38e+08,691630000,646220000,719810000
"P49902","NT5C2",689910000,669410000,539460000,519790000,604220000,509920000,574070000,571090000,615860000,682230000,575300000,692370000,648220000,624980000,709890000,659020000,654670000,709440000
"P49903","SEPHS1",558180000,691560000,620980000,612440000,671280000,664670000,723580000,728280000,836240000,767970000,704430000,775850000,644640000,627050000,642730000,609300000,615740000,597160000
"P49915","GMPS",1768830000,1723090000,1781610000,1734920000,1546570000,1580950000,1515260000,1407270000,1524650000,1.204e+09,1211400000,1162520000,861540000,930710000,921730000,779890000,763930000,846180000
"P49916","LIG3",151253000,159787000,154720000,137504000,137912000,125467000,180778000,180079000,152723000,173316000,146987000,138573000,153593000,121934000,123927000,168034000,130414000,138903000
"P49917","LIG4",101723000,NA,28973000,54480000,52269000,44002000,25399000,NA,17020000,NA,NA,43148000,NA,22733000,67226000,NA,NA,NA
"P49918","CDKN1C",NA,NA,NA,NA,NA,NA,526870000,516580000,417820000,387590000,301616000,312841000,118819000,NA,34434000,NA,NA,NA
"P49959","MRE11A",490810000,533410000,513480000,431630000,526770000,408470000,645500000,601180000,579880000,566140000,578840000,506420000,465390000,443590000,407530000,375016000,373080000,410110000
"P50135","HNMT",193630000,178609000,190496000,265653000,216329000,236326000,310900000,267898000,273108000,318643000,317530000,310814000,262372000,253736000,266296000,262801000,254783000,284901000
"P50148;Q03113","GNAQ",356580000,307689000,301082000,3.29e+08,301370000,300476000,341170000,399280000,376570000,386650000,353350000,397840000,337950000,313770000,334304000,339340000,320988000,362390000
"P50213","IDH3A",1410150000,1386950000,1366050000,1223620000,1350470000,1234760000,1679560000,1930710000,1668440000,1965830000,1908180000,1874140000,1876790000,1858990000,1815630000,1847020000,1815700000,1813520000
"P50238","CRIP1",NA,NA,NA,NA,NA,NA,NA,NA,NA,189941000,173577000,NA,857960000,847950000,589800000,1.508e+09,1488840000,2142720000
"P50281","MMP14",643830000,700790000,659210000,556530000,629300000,499730000,354810000,336600000,347080000,410560000,394650000,187063000,470310000,428010000,501540000,522300000,510240000,504040000
"P50395","GDI2",20988800000,20472300000,19341400000,2.0772e+10,21952100000,21191300000,17935400000,17648200000,19107300000,18056500000,18165400000,18041200000,17768900000,17366800000,18136800000,18086400000,19382400000,1.7451e+10
"P50402","EMD",1959150000,1586050000,1454570000,1465910000,2024050000,1415410000,1996350000,1969020000,1665340000,2092960000,2010510000,1526730000,1979950000,1631680000,1498220000,1714820000,1606230000,1874850000
"P50416","CPT1A",125043000,114006000,48403000,58765000,53220000,36200000,NA,NA,NA,59968000,33940000,NA,NA,NA,NA,NA,NA,NA
"P50452","SERPINB8",199108000,237381000,291442000,272385000,330217000,278275000,319066000,261388000,250813000,188330000,218114000,178408000,154623000,164304000,173109000,99322000,171961000,43826000
"P50454","SERPINH1",31779700000,3.1762e+10,29725200000,3.41e+10,3.8161e+10,3.4633e+10,2.958e+10,30847300000,29488400000,31208100000,29426500000,28931100000,3.3951e+10,29485900000,3.1601e+10,3.8604e+10,3.6019e+10,3.893e+10
"P50461","CSRP3",NA,NA,NA,NA,NA,NA,NA,20499000,NA,48561000,24124000,NA,229639000,188486000,72826000,397028000,333707000,354610000
"P50479","PDLIM4",3400200000,3087720000,3276470000,3754500000,4182300000,3860800000,6866500000,7059700000,6249300000,7684700000,7296100000,6171600000,6907900000,6708100000,6425700000,6558500000,6340200000,6348100000
"P50502;Q8NFI4","ST13;ST13P5",3456300000,3148400000,3507300000,3570100000,3356700000,3668900000,3573600000,3524200000,3615900000,3817200000,4041300000,3955600000,3973300000,4568100000,4214800000,4112900000,4171200000,4119200000
"P50552","VASP",2349650000,2226520000,2268480000,1954430000,2221240000,1920930000,2093130000,2359830000,2034300000,2230660000,2211110000,2181860000,2.228e+09,1814110000,1836970000,1825190000,1727370000,1931870000
"P50570;Q05193","DNM2",2659170000,2584720000,2534760000,3022120000,2782580000,2856790000,3093160000,2960940000,3218200000,2891540000,2990930000,3111080000,2897400000,3099700000,3183400000,2848730000,3010240000,2745890000
"P50579","METAP2",2213330000,2064760000,2057400000,2345340000,2424460000,1802630000,2436570000,2448980000,2378590000,3218500000,3084650000,2744100000,3485200000,2948040000,2676660000,2713840000,2408350000,2771990000
"P50583","NUDT2",372200000,337193000,399970000,379419000,295258000,285881000,365650000,436250000,426590000,367730000,448990000,472270000,391650000,367170000,362179000,394510000,369260000,400590000
"P50748","KNTC1",121273000,195414000,129834000,52377000,206804000,NA,NA,NA,NA,43012000,38348000,NA,NA,NA,NA,NA,NA,NA
"P50851","LRBA",NA,NA,NA,68114000,72802000,109677000,85482000,114013000,117727000,151172000,149101000,102341000,195111000,230164000,224563000,221485000,220291000,235018000
"P50895","BCAM",NA,NA,NA,NA,22105000,27449000,1084340000,1204590000,1034620000,4141300000,3558100000,3361300000,5792900000,5.089e+09,4798400000,5127900000,4698500000,5261300000
"P50897","PPT1",515580000,570680000,639230000,645120000,660230000,605940000,8.95e+08,788750000,957600000,798900000,844730000,816510000,608570000,625260000,586590000,544260000,474260000,503130000
"P50914","RPL14",5115600000,5292400000,5192300000,4768700000,4324500000,4375100000,4234100000,3800700000,4006900000,3765800000,4102400000,3810600000,3960800000,3661800000,3171060000,4039400000,3926700000,3782300000
"P50990","CCT8",20133300000,20130200000,19943500000,18931800000,19723500000,18207700000,15471100000,15113900000,15788700000,17233700000,17461200000,15276200000,18008100000,16675900000,17464100000,16905300000,16435600000,17148300000
"P50991","CCT4",12159500000,12386700000,12233500000,13138500000,13036100000,12435800000,10486500000,10353700000,10843100000,1.1708e+10,11507500000,10815500000,12108700000,11357800000,12319700000,12374800000,11254200000,11983200000
"P50995","ANXA11",2324480000,2503020000,2495150000,2479570000,2429190000,2639320000,3326900000,3213800000,3242700000,3858700000,3891800000,4.249e+09,3613800000,3762500000,3872300000,3092220000,3231600000,2901440000
"P51003;Q9NRJ5","PAPOLA",197091000,187576000,176787000,124212000,113781000,105367000,180336000,183422000,185077000,168628000,63943000,164930000,48487000,48198000,NA,44768000,NA,NA
"P51114","FXR1",3944300000,3619300000,3434600000,3756400000,4087200000,3.527e+09,3648900000,3634900000,3666600000,4619400000,4772200000,4281200000,5582300000,5358200000,5244300000,5213100000,4.764e+09,5178900000
"P51116","FXR2",828610000,722570000,745400000,781950000,738750000,671650000,689670000,661910000,670460000,779640000,731380000,681230000,754520000,820680000,792840000,738660000,782370000,754690000
"P51148","RAB5C",2365540000,2047310000,2165390000,2232320000,2364110000,2090730000,1790470000,1810660000,1896080000,1764120000,1801270000,1726130000,1620830000,1653270000,1806420000,1479360000,1666770000,1466510000
"P51149","RAB7A",4511800000,4837600000,4995900000,4466800000,4494700000,4651200000,3371800000,3326100000,3529100000,4329100000,4150600000,4011800000,4357200000,4627200000,4772400000,4138400000,4449400000,4348900000
"P51151;Q9NP90","RAB9A",NA,42197000,17008000,66542000,NA,44056000,NA,NA,25129000,43128000,21505000,NA,NA,39738000,NA,92705000,31036000,26865000
"P51153","RAB13",337687000,237538000,238525000,313413000,411390000,260730000,158860000,142362000,223569000,184523000,NA,190902000,78215000,110352000,133573000,140591000,47816000,NA
"P51178","PLCD1",67899000,118811000,92641000,81993000,77738000,127454000,136629000,118767000,120252000,118492000,107355000,120272000,78101000,122157000,133448000,161694000,152022000,135333000
"P51398","DAP3",324155000,312677000,279706000,261341000,242425000,270536000,257684000,308497000,280984000,304756000,311102000,306562000,272954000,263085000,328080000,302198000,273967000,298265000
"P51452","DUSP3",637020000,615680000,565050000,534850000,645160000,499020000,574440000,635900000,509120000,593120000,532490000,518850000,622640000,512840000,499680000,587910000,625420000,643920000
"P51531","SMARCA2",100013000,37837000,NA,31984000,125835000,29348000,91661000,57850000,55382000,69256000,25951000,NA,NA,NA,NA,NA,NA,NA
"P51532","SMARCA4",372780000,407530000,398320000,384820000,346480000,382730000,349220000,330613000,365280000,294781000,272517000,298414000,263158000,258081000,214348000,188847000,207176000,245485000
"P51553","IDH3G",228880000,136722000,NA,188843000,251694000,216379000,246967000,246855000,267982000,306013000,337536000,377210000,337960000,308449000,266021000,377630000,362820000,258800000
"P51570","GALK1",1171440000,1115590000,1145380000,1093460000,1206900000,1055330000,1253470000,1376660000,1197750000,1278930000,1330170000,1185850000,1102430000,1039070000,1021730000,864160000,899640000,925260000
"P51571","SSR4",1411260000,1037220000,1377220000,868570000,1057080000,1293460000,677730000,764140000,690340000,816320000,700360000,939950000,673660000,586040000,997790000,796690000,503630000,800180000
"P51572","BCAP31",3038670000,3073200000,2825230000,3301300000,3828100000,3200300000,2661230000,2755630000,2709290000,3137500000,2860270000,2863590000,3375600000,3194700000,3284400000,3274130000,3432600000,3550700000
"P51580","TPMT",116643000,132862000,104342000,147298000,163032000,92993000,148315000,139778000,135772000,133537000,185407000,133221000,141734000,165712000,152846000,150622000,96581000,148086000
"P51608","MECP2",110659000,99548000,133562000,183005000,148679000,149186000,333792000,329810000,280976000,323750000,280379000,292756000,343460000,304286000,235616000,299914000,313433000,319422000
"P51610;Q9Y5Z7","HCFC1",1538770000,1564540000,1582030000,1369710000,1280640000,1384510000,1563210000,1601850000,1647280000,1608670000,1577740000,1475640000,1310080000,1315130000,1273790000,985970000,982220000,1018710000
"P51636","CAV2",123290000,68022000,186286000,60572000,133220000,80429000,30818000,95363000,93633000,59160000,78556000,108100000,89069000,97318000,69407000,62530000,77758000,76064000
"P51648;P30838","ALDH3A2",407560000,383600000,364130000,375120000,345620000,232301000,424260000,451200000,573610000,457800000,436010000,372660000,388540000,330920000,355300000,381430000,340520000,367280000
"P51659","HSD17B4",2558030000,2701100000,2678560000,2956830000,2950310000,2835690000,2952230000,2979380000,3100820000,3380600000,3337500000,3250900000,3849500000,3829500000,4090800000,4438300000,4508900000,4263600000
"P51665","PSMD7",2748170000,3011150000,3087410000,3340800000,2857020000,3515400000,2802200000,3066470000,3169100000,2832840000,2944750000,3813100000,2903080000,3673300000,3.805e+09,3345200000,3.497e+09,3.173e+09
"P51668;Q9Y2X8","UBE2D1;UBE2D4",NA,37513000,85568000,NA,NA,50232000,43876000,NA,49495000,31107000,NA,46398000,NA,NA,NA,NA,NA,NA
"P51688","SGSH",143306000,105379000,105105000,96107000,102498000,117151000,183374000,180775000,175780000,184875000,187407000,217849000,243352000,193128000,192230000,199588000,187611000,259997000
"P51784","USP11",144346000,215827000,173090000,149772000,143514000,165407000,176865000,56487000,144557000,145765000,172030000,172178000,169242000,153656000,198797000,83241000,116676000,144196000
"P51808","DYNLT3",520680000,480490000,258270000,409170000,499650000,408790000,375920000,463810000,408100000,341430000,311984000,363220000,542420000,400290000,479130000,6.65e+08,782970000,672230000
"P51809","VAMP7",35957000,65539000,NA,NA,101637000,NA,30824000,60315000,32959000,NA,35844000,NA,31028000,NA,35065000,NA,NA,NA
"P51812;Q9UK32;Q6P0Q8","RPS6KA3",208094000,141746000,184425000,265557000,232397000,307973000,246357000,302915000,318922000,377210000,328468000,463590000,351550000,400140000,454820000,309268000,390110000,312119000
"P51857","AKR1D1",367434000,273316000,197787000,78899000,311480000,89090000,459550000,442280000,457440000,453860000,454070000,331390000,379510000,272771000,184191000,286626000,272557000,287211000
"P51858","HDGF",4266400000,4080400000,4768800000,6044200000,6462800000,5296700000,7376200000,7840800000,7238200000,7723600000,7097300000,6639200000,6714400000,6156700000,6220300000,6.266e+09,5378400000,5847600000
"P51948","MNAT1",67117000,NA,NA,NA,109590000,NA,NA,170290000,NA,238610000,NA,NA,101410000,NA,NA,NA,NA,43141000
"P51970","NDUFA8",1017390000,913690000,897560000,928310000,1113240000,842140000,1381180000,1357800000,1315280000,1548120000,1452800000,1043300000,1474030000,1170480000,1138770000,1241530000,1197220000,1407620000
"P51991","HNRNPA3",1.4807e+10,15693700000,15348700000,15249200000,1.6662e+10,15707100000,20917100000,2.1204e+10,19784500000,20239100000,19481400000,17624300000,18206200000,16303300000,15191400000,15699400000,14719700000,16260600000
"P52179","MYOM1",NA,NA,NA,NA,26646000,NA,NA,NA,NA,NA,NA,NA,170930000,166563000,188661000,246625000,218075000,242405000
"P52209","PGD",9250400000,9566400000,8980900000,1.0081e+10,10040300000,9678400000,11763600000,12230900000,12333400000,13785500000,14216100000,13413300000,13812700000,14016600000,14365500000,1.4224e+10,14431600000,14956800000
"P52272","HNRNPM",14176200000,13545800000,13120900000,1.4273e+10,15698300000,13527600000,18315400000,18040200000,1.8187e+10,17673900000,17279900000,14981900000,15081700000,13598400000,12973200000,11910800000,11738600000,12939200000
"P52292","KPNA2",2981640000,2907920000,3302700000,2434560000,2421330000,2454390000,374050000,270015000,352247000,307288000,395355000,304187000,69270000,221407000,166190000,128831000,239720000,91135000
"P52294","KPNA1",457787000,519210000,517650000,479120000,529110000,393880000,470980000,448720000,420860000,506360000,430600000,339426000,479210000,438090000,415940000,493660000,361210000,485870000
"P52298","NCBP2",66172000,235809000,245768000,207614000,222288000,154162000,254162000,230467000,271727000,150461000,161701000,269418000,139710000,214373000,74129000,56236000,128882000,50119000
"P52306","RAP1GDS1",5915800000,5147100000,5210800000,5737900000,6355500000,5555200000,5440800000,5.281e+09,5191500000,4711900000,4611500000,4198600000,4592400000,4282600000,4211400000,4434700000,4396700000,4.695e+09
"P52434","POLR2H",124879000,204700000,120936000,140575000,NA,59036000,111955000,85260000,160018000,119383000,125318000,104722000,106183000,144155000,70613000,116394000,45172000,46297000
"Q9H1A7;Q9GZM3;P52435","POLR2J3;POLR2J2;POLR2J",78043000,87162000,109378000,91488000,108357000,94008000,65862000,112057000,86352000,97542000,109194000,67984000,77979000,51079000,29625000,89504000,80111000,59827000
"P52565","ARHGDIA",11703700000,9370900000,9970900000,9.37e+09,12458300000,9045700000,9.062e+09,9530800000,8697400000,9515600000,9228300000,6936300000,9054400000,7889900000,7.531e+09,8512300000,7960800000,8.779e+09
"P52594;O95081","AGFG1",803150000,830530000,779280000,945120000,823970000,892940000,885560000,708380000,850810000,753910000,755790000,828370000,784650000,822900000,845870000,797980000,857140000,805260000
"P52597","HNRNPF",4891300000,4480200000,4692100000,4503600000,5873600000,4788900000,5221300000,5674200000,5105700000,5427700000,5089300000,4000500000,4943500000,4322800000,3971100000,3746300000,3611300000,4045800000
"P52630","STAT2",346180000,299499000,322860000,4.71e+08,379710000,434370000,506190000,525780000,532090000,519920000,620940000,558260000,344230000,368700000,385870000,275649000,345340000,294022000
"P52701","MSH6",379500000,313071000,406290000,398670000,252737000,432130000,197753000,203897000,197004000,153981000,171905000,237169000,98012000,105714000,146318000,68220000,NA,NA
"P52732","KIF11",181067000,182738000,205685000,142169000,176039000,176650000,NA,NA,NA,NA,NA,NA,NA,NA,NA,NA,NA,NA
"P52735","VAV2",48966000,101346000,114807000,177159000,165454000,151803000,109789000,169378000,196447000,212221000,218835000,171201000,266846000,177730000,131630000,226904000,257405000,257304000
"P52747;P36508","ZNF143",15415400,7971500,6731400,11783900,10855400,3700200,4322500,5075000,13156130,7604100,13225800,5994100,7028100,12430800,8227900,2618100,11943400,3728800
"P52788","SMS",1299030000,1242750000,1240760000,1199060000,1396100000,1329650000,1257080000,1288170000,1314670000,1159010000,1168900000,1334690000,931700000,932170000,1068070000,954970000,982130000,860100000
"P52789;P52790","HK2",370470000,379510000,341443000,453590000,373980000,407392000,167544000,152524000,159122000,221319000,187049000,163467000,247966000,189677000,167994000,240371000,250970000,259113000
"P52815","MRPL12",727360000,630570000,722700000,739800000,840340000,654630000,860060000,853120000,734770000,986990000,893060000,893810000,833620000,696310000,697840000,812080000,753440000,750190000
"P52888","THOP1",1533320000,1679350000,1624380000,1523240000,1639440000,1442410000,1954520000,2024760000,1979320000,1943070000,1913080000,1870870000,1964900000,1873270000,1747910000,1824650000,1782750000,1963900000
"P52907","CAPZA1",6363800000,6.314e+09,5795900000,6224800000,6747600000,5274800000,6730600000,6551400000,6760200000,6.739e+09,6680200000,5803800000,6043800000,5697300000,5.409e+09,5272400000,5.293e+09,5339300000
"P52926","HMGA2",593820000,567030000,5.78e+08,660810000,771840000,492560000,896580000,770440000,768490000,774560000,751530000,542170000,563580000,493210000,417120000,484390000,369146000,472650000
"P52943","CRIP2",1509200000,1711610000,1254690000,2162860000,2379460000,2034950000,3033050000,2704830000,3137200000,4316400000,3821700000,3205300000,5266800000,5.838e+09,4763700000,5302100000,5341200000,5619700000
"P52948","NUP98",1235600000,1111810000,1192670000,1155320000,1153530000,1054380000,1203970000,1251840000,1196020000,1126240000,1097930000,1105090000,996360000,1011710000,980490000,780180000,780400000,843120000
"P53004","BLVRA",385310000,393440000,427290000,397280000,386970000,415240000,549750000,445720000,507760000,513780000,525930000,499710000,509020000,481200000,524500000,565770000,551420000,548660000
"P53007","SLC25A1",787450000,732990000,706760000,789420000,865990000,752740000,893760000,912360000,834840000,863610000,812780000,838690000,688430000,628950000,642600000,540810000,546060000,668470000
"P53041","PPP5C",1176500000,1306140000,1253470000,1067230000,1079480000,1029900000,973070000,1064850000,1128660000,1137090000,1058630000,1123200000,1048680000,1163220000,985830000,1130390000,910720000,1041670000
"P53355","DAPK1",8221700,NA,NA,NA,NA,15714000,20613000,NA,43733000,15051000,NA,NA,NA,15881000,NA,NA,NA,NA
"P53365","ARFIP2",136622000,130253000,113707000,133502000,114672000,145874000,142070000,130782000,92269000,130827000,125910000,133928000,138316000,111071000,137740000,102200000,109463000,117899000
"P53367","ARFIP1",1142480000,1076720000,1142460000,966880000,1.062e+09,963010000,982260000,869030000,852130000,773370000,857250000,738860000,869530000,825080000,806200000,925300000,786980000,838310000
"P53384","NUBP1",290097000,224016000,57407000,234798000,281380000,232879000,248522000,241157000,232683000,254814000,281248000,239881000,244610000,190522000,222329000,232402000,192470000,120264000
"P53396","ACLY",13395700000,1.3001e+10,12658600000,12937100000,13747100000,12364300000,9477300000,9368300000,9528400000,9111400000,8457900000,7868400000,10172300000,10072600000,9883100000,1.0896e+10,11051300000,11425600000
"P53582","METAP1",1430870000,1423480000,1.427e+09,1484840000,1556970000,1561470000,1595710000,1591440000,1713560000,1553120000,1520070000,1597310000,1341170000,1522100000,1636240000,1321040000,1482530000,1386900000
"P53597","SUCLG1",1423170000,1394860000,1376160000,1310680000,1652480000,1241920000,2070450000,2010540000,1967750000,2110820000,2140480000,1856550000,1884040000,1817850000,1654650000,1801780000,1.736e+09,1937030000
"P53602","MVD",293015000,273551000,307291000,327997000,298415000,331840000,224316000,255661000,283716000,294113000,255731000,342820000,459060000,529740000,532390000,674340000,662190000,693400000
"P53609","PGGT1B",48197000,NA,19205000,56097000,56981000,18650000,100070000,24234000,83093000,38962000,113245000,45256000,64053000,17883000,63614000,68699000,24094000,43095000
"P53611","RABGGTB",NA,187440000,135081000,166400000,123192000,142917000,NA,NA,144912000,44786000,NA,87233000,NA,45284000,NA,NA,45771000,42557000
"P53618","COPB1",11532600000,11877900000,11711700000,12270700000,12105600000,11971900000,9418600000,9046900000,9678800000,9592600000,9360300000,9300600000,9.142e+09,8850500000,8794400000,8796400000,8714100000,8724700000
"P53621","COPA",11058600000,11471100000,11005300000,1.1602e+10,11636700000,11597400000,9005400000,9343800000,9533800000,9350200000,9.229e+09,9716100000,8.748e+09,8540700000,9194300000,8806100000,8574900000,8632800000
"P53634","CTSC",1650970000,1659970000,1678860000,1546060000,1470660000,1542350000,2017050000,1964660000,1879770000,1787300000,1826310000,1.678e+09,1366320000,1365340000,1294120000,1230130000,1070690000,1219900000
"P53680","AP2S1",433940000,384650000,360930000,254905000,416230000,361830000,304733000,245128000,311890000,313351000,255140000,376880000,200330000,273159000,315413000,168834000,293726000,226370000
"P53701","HCCS",193728000,156796000,173031000,173562000,172500000,119960000,163131000,191982000,150852000,155278000,177385000,185196000,181269000,185829000,155181000,183336000,189396000,174021000
"P53794","SLC5A3",24024000,NA,NA,NA,53197000,NA,81258000,63934000,22170000,NA,NA,55324000,NA,NA,NA,NA,NA,NA
"P53814","SMTN",695040000,706200000,640430000,406770000,439980000,383590000,NA,NA,NA,112810000,169143000,NA,316158000,222521000,353460000,239999000,261903000,296544000
"P53985","SLC16A1",567280000,455740000,451510000,578680000,665060000,537760000,651790000,570630000,582450000,562830000,518310000,444590000,499690000,450820000,415140000,419300000,357420000,376400000
"P53990","IST1",927820000,843090000,854330000,742220000,940380000,765110000,1007760000,857470000,839710000,1016670000,1037370000,836200000,953560000,902780000,843960000,905710000,928810000,1057150000
"P53992","SEC24C",2439280000,2376930000,2.329e+09,2400940000,2417770000,2362740000,2192820000,2121640000,2197060000,2259040000,2357090000,2303240000,2365550000,2319670000,2445470000,2489900000,2208090000,2587590000
"P53999","SUB1",1613230000,1387590000,1966900000,2496270000,1935560000,1858160000,2002700000,2289350000,2321610000,2052060000,2299170000,2125590000,1460280000,1800870000,1764610000,1521740000,1507880000,1397550000
"P54105","CLNS1A",260160000,366640000,460770000,421080000,556590000,460020000,240720000,376440000,156470000,236800000,316998000,206962000,154378000,185303000,139340000,233669000,NA,216590000
"P54136","RARS",6374200000,6610500000,6380100000,6428900000,6707900000,6478800000,5859800000,5668900000,5767700000,5.989e+09,6027900000,5669800000,5810300000,5466800000,5.623e+09,5956800000,5739500000,5765200000
"P54289","CACNA2D1",185301000,115574000,38514000,135395000,90365000,169859000,176048000,166161000,194653000,175878000,199524000,201537000,281627000,237170000,307826000,285873000,277037000,260269000
"P54296","MYOM2",NA,NA,NA,NA,NA,NA,NA,NA,NA,NA,NA,NA,98234000,27549000,69151000,101201000,118682000,134643000
"P54577","YARS",3924800000,3760900000,3.886e+09,3351800000,3730300000,3616400000,3383700000,3548900000,3310600000,3589500000,3568100000,3470300000,4.14e+09,3869200000,4.027e+09,4.082e+09,4031300000,3998900000
"P54578","USP14",3373200000,2977730000,2952400000,3100770000,3702100000,2784880000,3291100000,3131870000,3137200000,3332100000,3336700000,2704860000,3468400000,3.455e+09,3211600000,3526400000,3461400000,3641800000
"P54619;Q9UGJ0","PRKAG1",193685000,216347000,196411000,213051000,211120000,206464000,209391000,224972000,224119000,234096000,237919000,238521000,301782000,318339000,281046000,378540000,341480000,346820000
"P54652","HSPA2",288391000,231248000,199902000,247778000,299225000,289701000,292697000,342980000,279843000,273521000,281169000,270212000,229936000,203820000,189107000,176761000,186036000,206797000
"P54687","BCAT1",1220800000,1581510000,1319750000,1719670000,1799350000,1737080000,1.804e+09,1677740000,1940610000,2225470000,2318340000,2454290000,2882580000,3286300000,3563500000,3627700000,4196200000,3578700000
"P54709","ATP1B3",1130360000,1276880000,1229530000,1061830000,1223410000,1132870000,1480610000,1353950000,1387700000,1675960000,1620040000,1439380000,2103940000,1892480000,1975790000,1866130000,1721740000,1908760000
"P54725","RAD23A",547950000,530570000,567450000,578970000,617700000,511740000,658910000,685160000,570610000,712910000,636840000,568140000,647020000,579620000,586010000,679140000,573810000,733440000
"P54727","RAD23B",3967300000,4181400000,5.049e+09,5973700000,5909100000,5950200000,5902600000,6088900000,5400100000,6970900000,6331300000,6550400000,6349600000,7.031e+09,7033400000,7172800000,5946200000,7526600000
"P54762","EPHB1",40102000,NA,NA,NA,NA,NA,45927000,44340000,51627000,98340000,45517000,NA,NA,NA,NA,NA,NA,NA
"P54802","NAGLU",137306000,192609000,83275000,270948000,321550000,268377000,286204000,333743000,399990000,403610000,326030000,406390000,359940000,366520000,446950000,321688000,324601000,346180000
"P54819","AK2",1489220000,1489210000,1572930000,1900880000,2073570000,1853220000,2795690000,2898790000,2677090000,3375500000,3164920000,3054910000,3805700000,3.358e+09,3.297e+09,3291200000,3455600000,3608300000
"P54886","ALDH18A1",2576600000,2612020000,2419490000,2759680000,3194980000,2731750000,2885330000,2889360000,2775080000,3111910000,3193950000,2553710000,2927420000,2540970000,2535390000,2575880000,2299860000,2603180000
"P54920;Q9H115","NAPA",2736090000,2738750000,2620470000,2372320000,2841930000,2467140000,2491130000,2415400000,2370300000,2847050000,2696720000,2636060000,2860950000,2545220000,2592090000,2731850000,2366560000,2718510000
"P55010","EIF5",2165450000,2148430000,2202190000,1862300000,2279740000,1988860000,2036290000,2281070000,1905500000,2196120000,2083380000,1937560000,2410780000,2134090000,2087430000,2347840000,2247980000,2384220000
"P55011","SLC12A2",631850000,551880000,577830000,541530000,601020000,534570000,709320000,718290000,779640000,1404290000,1390990000,1306590000,1850700000,1681830000,1714820000,1435460000,1299650000,1.366e+09
"P55036","PSMD4",2748660000,2753950000,2797760000,2654720000,3177400000,2508690000,2864150000,3173480000,2731020000,3.185e+09,3038150000,2570210000,3344040000,2820720000,2759150000,3122660000,3070910000,3100020000
"P55039","DRG2",331312000,323530000,327389000,347380000,379030000,370710000,282539000,248985000,330570000,320620000,292483000,358980000,297110000,346180000,357970000,356270000,365610000,342460000
"P55042","RRAD",32611000,NA,NA,52636000,NA,66908000,204714000,201060000,185743000,30344000,68322000,32531000,30071000,39504000,33172000,NA,32935000,20425000
"P55060","CSE1L",11306800000,10994500000,11073900000,1.0901e+10,11355600000,1.0862e+10,11190700000,10891200000,10808600000,9.631e+09,9787700000,9456200000,7864700000,7640900000,8007800000,6.556e+09,6332100000,6831500000
"P55061","TMBIM6",312486000,266598000,317180000,225347000,294686000,156281000,139088000,148157000,135315000,55615000,97337000,66111000,32716000,16481000,57269100,NA,19726000,NA
"P55072","VCP",3.0874e+10,3.1565e+10,3.1473e+10,3.1517e+10,30535500000,3.1409e+10,3.3582e+10,3.2576e+10,3.3694e+10,3.3516e+10,3.4371e+10,3.496e+10,4.0883e+10,4.1449e+10,3.9885e+10,4.2494e+10,4.3663e+10,4.1989e+10
"P55081","MFAP1",152500000,131303000,154022000,133646000,153658000,119138000,161901000,152644000,142220000,99777000,151778000,147155000,115812000,124921000,112694000,124256000,116362000,119231000
"P55084","HADHB",4303600000,4265100000,3795800000,4133100000,4744900000,4172300000,5402400000,5506700000,5117200000,6398500000,5738200000,5.812e+09,6292700000,5703900000,5693900000,6065300000,6097300000,6438900000
"P55145","MANF",1229970000,1123290000,1354790000,1450730000,1273990000,1267220000,1188250000,1173530000,1098670000,1199530000,1226120000,1023340000,1458160000,1367950000,1302330000,1550210000,1401690000,1527690000
"P55196","MLLT4",119033000,149934000,145385000,159957000,137900000,139291000,136678000,126821000,104704000,97313000,33399000,142034000,43784000,138425000,108308000,67765000,87014000,105972000
"P55209","NAP1L1",19364600000,19548900000,20770500000,2.4436e+10,25359700000,22839500000,19169400000,19734100000,17793900000,18165500000,16728500000,14544700000,15086100000,1.3071e+10,14353800000,1.6296e+10,13956400000,15616300000
"P55210","CASP7",256986000,227612000,203224000,254074000,337720000,252558000,283196000,354268000,303901000,268627000,267691000,222091000,229934000,221785000,233239000,238638000,241477000,215893000
"P55212","CASP6",14349000,53666000,31557000,NA,NA,15003000,22340000,24308000,24123000,NA,NA,37186000,NA,NA,NA,NA,NA,NA
"P55263","ADK",648700000,820480000,709400000,726940000,736990000,732660000,857680000,800490000,797440000,1073240000,1103120000,1132250000,1235470000,1396810000,1506210000,1221580000,1191460000,1197480000
"P55265","ADAR",1293030000,1210340000,1201820000,1031460000,1271980000,974260000,1162420000,1219990000,1072900000,967830000,1021850000,847760000,659870000,697210000,653670000,483150000,444530000,474960000
"P55268","LAMB2",241881000,142235000,253931000,600600000,433230000,614490000,940550000,976650000,984770000,1467700000,1354490000,1419130000,1528730000,1617260000,1486470000,1561110000,1587390000,1.531e+09
"P55287","CDH11",55073000,35656000,17897000,46216000,55097000,14816000,38657000,15305000,33163000,67199000,38567000,17859000,71080000,6.6e+07,78748000,77796000,70870000,72869000
"P55290","CDH13",1182760000,1143580000,1101390000,1318690000,1184630000,1173680000,1497410000,1374820000,1368380000,1260050000,1298630000,1286180000,880250000,876420000,746410000,922770000,850860000,942010000
"P55291","CDH15",2421770000,2351170000,2224230000,2523600000,2569390000,2527730000,4065800000,4.111e+09,3854500000,3927300000,4048400000,3.733e+09,2876430000,2740070000,2680330000,1899360000,1927570000,2003440000
"P55735","SEC13",2389970000,2069760000,2302630000,2551870000,2256610000,2532760000,2186990000,2249700000,2275420000,2207100000,2339410000,2554300000,2084230000,2400120000,2417590000,2381770000,2543550000,2457590000
"P55769","NHP2L1",1503160000,1388040000,1433610000,1287440000,1302130000,1289400000,1748830000,1620780000,1618010000,1621040000,1663890000,1600930000,1270320000,1570740000,1510780000,1399840000,1382120000,1214930000
"P55786;A6NEC2","NPEPPS",8321300000,8010400000,7933300000,9231400000,9592900000,8906700000,11239400000,1.1424e+10,11865600000,12503200000,12540600000,12184900000,12654900000,12699700000,12311600000,12183100000,12571200000,12288300000
"P55795","HNRNPH2",618400000,614220000,559350000,939030000,9.41e+08,877630000,1396740000,1450860000,1344750000,1345240000,1326080000,1165700000,1413320000,1445860000,1315970000,1305320000,1339090000,1360540000
"P55809","OXCT1",791090000,717290000,718550000,606390000,7.98e+08,559770000,856430000,989700000,828030000,891120000,811160000,625810000,743150000,581900000,553690000,637710000,619490000,747630000
"P55884","EIF3B",5696300000,5585800000,5473800000,5296200000,6102800000,5456100000,4737600000,4.932e+09,4403200000,5159100000,4764300000,4.573e+09,5070100000,4674700000,4736200000,4481400000,4290800000,4731900000
"P55957","BID",704870000,672170000,719740000,665430000,693570000,651240000,599090000,592130000,565660000,548500000,533380000,471180000,436680000,455550000,460950000,467630000,464060000,410330000
"P56134","ATP5J2",423560000,435180000,355159000,364230000,402520000,350966000,468830000,376499000,580580000,455790000,503370000,554750000,471200000,440220000,508110000,537180000,458660000,484280000
"P56182","RRP1",104666000,51151000,NA,NA,NA,43245000,NA,44380000,NA,100065000,63462000,NA,74882000,NA,NA,NA,NA,NA
"P56192","MARS",4334300000,4505100000,4361100000,4410800000,4364800000,4236200000,4122100000,4016500000,3893700000,4444100000,4432700000,4136200000,4711300000,4492400000,4394600000,4607600000,4584400000,4801400000
"P56211","ARPP19",322176000,226285000,178999000,253284000,262116000,268371000,231702000,284959000,262777000,295789000,265320000,291884000,259149000,255851000,177600000,261617000,165002000,211266000
"P56270","MAZ",76569000,69595000,47211000,61628000,93880000,64263000,99327000,129473000,85914000,105544000,103791000,76035000,113682000,64424000,52839000,83219000,60826000,90633000
"P56377","AP1S2",NA,46298000,43769000,43761000,NA,125838000,NA,NA,42535000,NA,NA,82959000,NA,45509000,75808000,NA,35613000,NA
"Q5VTU8;P56381","ATP5EP2;ATP5E",235470000,270229000,267161000,388350000,293611000,331731000,404450000,302456000,439760000,388260000,268790000,432640000,399070000,469940000,437280000,459550000,484580000,351790000
"P56385","ATP5I",930270000,848560000,910410000,871360000,1031250000,759030000,1231720000,1230810000,1100240000,1497690000,1171350000,1006440000,1312590000,1200780000,1130610000,1399790000,1448580000,1474500000
"P56524","HDAC4",28007000,NA,41322000,12337000,NA,22863300,31977000,56262000,40963000,17167000,31385000,46827700,53549000,89673000,76672000,119956000,186590000,190545000
"P56537","EIF6",803600000,870400000,794670000,623720000,577610000,621550000,620920000,705450000,539110000,627510000,578030000,664550000,443440000,405530000,404130000,444530000,330600000,515560000
"P56539","CAV3",NA,NA,NA,NA,NA,NA,NA,NA,66359000,263161000,88466000,96880000,77781000,28472000,NA,NA,NA,NA
"P56545","CTBP2",532470000,569010000,556390000,465080000,511950000,518940000,517430000,485850000,535230000,488730000,451400000,411730000,303937000,330034000,331220000,255191000,267997000,286876000
"P56556","NDUFA6",232590000,223979000,229283000,244321000,309488000,246373000,300223000,241365000,259185000,351230000,356170000,292407000,407590000,338670000,305763000,398530000,347700000,381710000
"P56589","PEX3",148221000,209151000,113893000,60694000,137007000,131367000,152842000,242349000,80409000,190644000,116779000,192356000,144644000,175954000,45204000,126399000,166195000,178930000
"P56945","BCAR1",678430000,564640000,610740000,422270000,451850000,422860000,383880000,335540000,320384000,532160000,538210000,453020000,496320000,466580000,380570000,260663000,243700000,346090000
"P57077","MAP3K7CL",NA,NA,25566000,NA,NA,NA,NA,NA,NA,51917000,49141000,NA,71212000,137233000,186116000,128621000,40131000,121477000
"P57088","TMEM33",902790000,908540000,875290000,665630000,779100000,570050000,562580000,597660000,582130000,623790000,549990000,533160000,716050000,597570000,595370000,803840000,790660000,861550000
"P57105","SYNJ2BP",443900000,412480000,420410000,338840000,376390000,301157000,407640000,458370000,398210000,473600000,479400000,391260000,393500000,415170000,383140000,402540000,342340000,363670000
"P57678","GEMIN4",114225000,126379000,114567000,108953000,42306000,138750000,64743000,50086000,78868000,32655000,74914000,53684000,41734000,24439000,32340000,22572000,NA,79467000
"P57723","PCBP4",105027000,168103000,44914000,79923000,52266000,94179000,237476000,237936000,233452000,157875000,245033000,208603000,198561000,196666000,191045000,37711000,37489000,85116000
"P57737","CORO7",411960000,341574000,319771000,586530000,498720000,543670000,973650000,934370000,971690000,2030390000,2075180000,2286880000,2746520000,2862080000,2992140000,2366010000,2422310000,2228290000
"P57740","NUP107",349820000,322354000,346191000,369110000,331230000,378060000,390980000,340378000,396710000,371500000,361593000,422100000,276976000,324640000,368470000,276688000,293381000,307794000
"P57768","SNX16",44095000,NA,NA,NA,33953000,NA,NA,24551000,30625000,30771000,NA,NA,NA,NA,23316000,NA,NA,NA
"P57772","EEFSEC",46375000,NA,NA,35193000,43929000,NA,NA,NA,93316000,NA,NA,145329000,NA,NA,NA,NA,138873000,NA
"P58107","EPPK1",NA,NA,NA,NA,70851000,NA,NA,NA,222550000,NA,NA,NA,NA,NA,214100000,192300000,208440000,202370000
"P58335","ANTXR2",401170000,339962000,344893000,350770000,302177000,326030000,165472000,105770000,244615000,134595000,139523000,189289000,143290000,161895000,59341000,144923000,50600000,122111000
"P58546","MTPN",2923830000,3350080000,4.024e+09,5107500000,4865100000,4377500000,4837400000,4800800000,4654700000,4656100000,4.715e+09,4383400000,4229600000,3847300000,3.749e+09,4.201e+09,3696800000,3832300000
"P58876;Q99880;Q99879;Q99877;Q93079;Q5QNW6;P62807;O60814;P57053","HIST1H2BD;HIST1H2BL;HIST1H2BM;HIST1H2BN;HIST1H2BH;HIST2H2BF;HIST1H2BC;HIST1H2BK;H2BFS",31310200000,26867600000,32560700000,3.1885e+10,3.5657e+10,30409500000,5.111e+10,5.0697e+10,4.4833e+10,4.8072e+10,4.7631e+10,3.4374e+10,3.992e+10,3.1868e+10,28924300000,3.6401e+10,29774700000,3.8321e+10
"P59768","GNG2",464690000,456950000,433480000,381310000,496720000,414980000,672960000,835310000,691520000,730330000,709980000,654690000,498260000,316084000,388200000,249080000,389800000,99398000
"P59998","ARPC4",5608900000,5499300000,5220600000,5273900000,5105600000,5681300000,4849500000,4665100000,5180100000,4271500000,4490200000,4544400000,3779500000,3600200000,4098100000,3662700000,3766300000,3586200000
"P60033","CD81",NA,143680000,244870000,99812000,104130000,81377000,531870000,120040000,456610000,245640000,462690000,446040000,248610000,297190000,460530000,184314000,256350000,NA
"P60059","SEC61G",272450000,413440000,NA,NA,145970000,249560000,85141000,106580000,88284000,NA,NA,193620000,84923000,217919000,96146000,NA,NA,80047000
"P60174","TPI1",27773900000,30452200000,3.3044e+10,3.8071e+10,3.5747e+10,4.1857e+10,4.7517e+10,4.8081e+10,4.7997e+10,4.6422e+10,4.6749e+10,4.949e+10,4.1992e+10,4.9149e+10,4.7269e+10,4.5257e+10,4.8201e+10,4.4305e+10
"P60228","EIF3E",3828600000,3636400000,3458200000,3587400000,3712500000,3411500000,2876290000,2942080000,2862780000,3282800000,3211740000,2976610000,3265420000,3205600000,3280100000,3037840000,3107130000,3169800000
"P60468","SEC61B",1608890000,1821100000,2026360000,1348770000,1508430000,1201600000,1211360000,1450140000,1047040000,1045900000,951620000,920190000,582260000,977430000,864950000,796590000,1086100000,922330000
"P60510","PPP4C",260211000,247381000,269698000,162025000,240430000,275246000,125455000,166508000,246972000,217562000,164063000,254501000,62338000,177706000,227015000,136757000,131657000,67945000
"P60520","GABARAPL2",279942000,353830000,333088000,291616000,285622000,231942000,205348000,213270000,118086000,400650000,352365000,227883000,500910000,391850000,349090000,422870000,417310000,480280000
"P60660","MYL6",8918300000,9205500000,9840100000,8.208e+09,9175800000,8707500000,10106600000,10269700000,8937400000,7458900000,7282300000,7401400000,5.2e+09,5533400000,4782200000,5117600000,4591300000,4630500000
"P60709;Q9BYX7","ACTB",4.2247e+11,4.1254e+11,3.9925e+11,3.5133e+11,4.2101e+11,3.8793e+11,3.4642e+11,3.6424e+11,3.4141e+11,3.6968e+11,3.417e+11,3.19312e+11,3.8836e+11,3.6061e+11,3.3495e+11,3.5797e+11,3.719e+11,3.9179e+11
"P60842","EIF4A1",23369300000,24328300000,22583700000,23636300000,25661500000,22344800000,17108400000,1.7457e+10,18271100000,17533400000,16719100000,1.6178e+10,15662400000,14497700000,15454700000,14085400000,13553800000,13601800000
"P60866","RPS20",11199200000,1.1369e+10,10509300000,9306500000,12179100000,8472300000,9186500000,9548700000,8298100000,9204200000,9030100000,6569900000,9130600000,7029200000,7011900000,6958100000,6312400000,7105900000
"P60891","PRPS1",1709830000,1531770000,1479240000,1590090000,1716620000,1532740000,1572670000,1560740000,1596170000,1625890000,1708980000,1492440000,1759290000,1455370000,1430050000,1667170000,1738930000,1686580000
"P60900","PSMA6",4945700000,4311200000,4086600000,3698900000,4452200000,4127600000,4379200000,4451900000,4292700000,4570100000,4563400000,4330200000,4813400000,4495400000,4624500000,4603800000,4698300000,4879600000
"P60903","S100A10",532790000,714190000,729530000,1287470000,2274560000,1421440000,1290630000,1654710000,1298730000,1813110000,1305980000,931520000,1215430000,1017060000,1183520000,1093910000,1110220000,1265170000
"P60953;P17081;Q9H4E5","CDC42",6189700000,6131200000,6374700000,6050900000,5.659e+09,5987200000,7320800000,6100100000,6527800000,5778200000,6305700000,6501700000,5301700000,4927700000,4482700000,4886600000,4.652e+09,5250400000
"P60981","DSTN",4697400000,4464300000,4501800000,3609700000,4954100000,3513900000,4.629e+09,4613300000,4068600000,5291800000,5069200000,4485500000,6491800000,5492800000,6199400000,7095200000,7026400000,7604400000
"P60983;O60234","GMFB",2459910000,2416380000,2389380000,2179250000,2528150000,2238280000,2665770000,2546020000,2228670000,2334760000,2343540000,2259440000,2233570000,2025930000,2026670000,2336360000,2139690000,2263490000
"P61006;P59190","RAB8A",852060000,888080000,856840000,911740000,940900000,831840000,844770000,677620000,714050000,614610000,763500000,619150000,534840000,577510000,556060000,420550000,546990000,552040000
"P61009","SPCS3",399550000,473380000,707680000,478317000,277274000,450780000,261870000,362150000,451530000,374980000,404700000,399750000,246050000,379664000,412610000,295859000,386430000,347499000
"P61011","SRP54",1486420000,1499100000,1450830000,1480530000,1508440000,1473300000,1188230000,1212420000,1255080000,1280170000,1307430000,1314940000,1458850000,1253160000,1363650000,1254100000,1227170000,1307330000
"P61019","RAB2A",1918150000,1951380000,1909980000,2136020000,1984920000,2424130000,1233500000,1181620000,1457410000,1523930000,1566820000,1726010000,1882020000,1847290000,2353250000,2303420000,2442700000,2276450000
"P61020","RAB5B",143251000,216974000,231801000,256048000,79861000,189974000,68150000,165644000,253978000,177075000,203727000,352910000,200959000,286742000,279232000,331890000,250919000,82469000
"P61026","RAB10",4221600000,3825500000,3775300000,3617700000,3568200000,3836600000,3051600000,3131800000,3102390000,2850450000,3124910000,3104490000,3302550000,3.314e+09,3409700000,3670900000,3735800000,3764700000
"P61081","UBE2M",1455660000,1625900000,1611540000,1419610000,1583720000,1378060000,1633390000,1698440000,1618110000,1680340000,1761170000,1505600000,1861700000,1709190000,1674980000,1660940000,1699440000,1730110000
"P61086","UBE2K",1673540000,1717110000,1810430000,1617900000,1952690000,1602580000,1686910000,1853030000,1633640000,1714730000,1647390000,1426110000,1543020000,1436150000,1307990000,1441230000,1370580000,1489300000
"P61088;Q5JXB2","UBE2N;UBE2NL",4.953e+09,5353500000,5980100000,6241300000,6496900000,6251400000,6108600000,6300500000,5929700000,6047300000,5792900000,5.809e+09,6.011e+09,5803500000,5454100000,5746500000,5787900000,5762500000
"P61106","RAB14",3923900000,3724800000,3.556e+09,4006300000,4366100000,3799700000,2694520000,2903400000,3089350000,3204600000,3194700000,3309600000,3504300000,3541200000,3396200000,3533900000,3377700000,3426600000
"P61158;Q9P1U1;Q9C0K3","ACTR3",20522600000,20266800000,19926400000,18560500000,20310900000,18293700000,21249500000,19783400000,19937100000,19609500000,18499400000,17568200000,17368900000,1.592e+10,1.5652e+10,14690900000,14838200000,15769100000
"P61160","ACTR2",5785900000,5229300000,5.086e+09,6034100000,6350400000,5895800000,5121400000,5477800000,5611200000,5034500000,4886900000,4894800000,4576500000,4311600000,4854300000,4483600000,4799900000,4475900000
"P61163","ACTR1A",5594200000,5.473e+09,5.414e+09,5908200000,6271900000,5752600000,5051400000,4971300000,5216200000,5556100000,5365200000,5116900000,5693400000,5417900000,5590100000,6038200000,6236300000,5.922e+09
"P61201","COPS2",2029610000,2036760000,1971650000,1697230000,1826320000,1651090000,1969080000,2023760000,1841100000,1819270000,1945860000,1617940000,1798870000,1717840000,1583860000,1900260000,1670980000,1851160000
"P61221","ABCE1",5025300000,5012800000,4861800000,4755500000,5199500000,4435100000,4376200000,4280300000,4206300000,4317900000,4.222e+09,4182500000,3965200000,3780100000,3953300000,3632100000,3.564e+09,3810600000
"P61224;A6NIZ1","RAP1B",2376130000,2448650000,2093340000,1992750000,2445870000,2057920000,1838710000,2033360000,1971680000,1933760000,1798990000,1707980000,1811620000,1517430000,1591360000,1748110000,1633300000,1779020000
"P61225","RAP2B",237650000,199301000,212060000,293125000,257399000,268191000,342550000,376070000,378470000,372180000,334200000,348700000,320525000,277250000,335401000,256157000,284132000,294695000
"P61244","MAX",56348000,47834000,52175000,59282000,53267000,57711000,61988000,69779000,55454000,56879000,58581000,59874000,57031000,46724000,53138000,40368000,33973300,37014000
"P61247","RPS3A",12227700000,11689200000,10962300000,12660400000,14863700000,11551900000,11182500000,10125400000,10503500000,11758200000,11523200000,9873100000,1.0587e+10,1.0892e+10,10669700000,10111200000,9139600000,10558800000
"P61254","RPL26",5387600000,5216400000,4841900000,4974200000,5695200000,4522100000,4310200000,4.328e+09,3688600000,4190500000,4660500000,3835400000,4717900000,3884300000,3692400000,3931100000,3675100000,4009500000
"P61289","PSME3",2329770000,2030430000,1983990000,1549980000,1771320000,1521260000,1560700000,1551300000,1592120000,1403500000,1429630000,1241370000,1190080000,1020420000,1100230000,892400000,884450000,952450000
"P61313","RPL15",6.138e+09,5497100000,6024800000,7269900000,5.811e+09,6450300000,5048600000,5536600000,5493400000,5058600000,4962300000,5905200000,4410900000,5913500000,5759900000,5135700000,5167900000,4780800000
"P61353","RPL27",6693600000,5922900000,5823100000,6669400000,7.261e+09,6058600000,4733800000,4589700000,4.798e+09,5486300000,5371600000,5260900000,5766200000,5022800000,5656800000,5129800000,5039300000,4917400000
"P61421","ATP6V0D1",374120000,409650000,415380000,421650000,385200000,387770000,401750000,330120000,399890000,334610000,379260000,431150000,416080000,443960000,475590000,440240000,527980000,452070000
"P61513","RPL37A",402100000,179342000,438274000,368400000,485340000,582140000,333703000,404214000,347890000,376480000,531040000,430550000,464640000,501110000,358424000,492960000,569040000,584350000
"P61586","RHOA",3.937e+09,4490600000,4207800000,3204700000,3.506e+09,3315600000,4534700000,4425500000,4001700000,4889800000,4917200000,4243100000,5319900000,4781900000,4249500000,4629600000,4753800000,4712100000
"P61604","HSPE1",7668800000,6382300000,6.721e+09,6671300000,8559200000,6304200000,8106100000,8381900000,6869800000,9811800000,8585700000,7151300000,8996900000,7400700000,7114700000,7837500000,6816600000,8008300000
"P61619;Q9H9S3","SEC61A1;SEC61A2",2405220000,2059030000,1959840000,2274110000,2659170000,2175460000,1914620000,1767650000,1738880000,1682780000,1645150000,1519920000,1470840000,1354730000,1461700000,1449660000,1419150000,1484130000
"P61758","VBP1",1188430000,1146020000,1139320000,1204930000,1215090000,1248230000,932100000,1083990000,1085100000,1036380000,1075790000,1357740000,1155190000,1216960000,1374640000,1256640000,1297340000,1270030000
"P61764","STXBP1",344758000,374830000,361250000,322360000,324202000,273917000,283129000,363900000,323610000,298481000,274523000,248117000,247854000,210927000,202844000,232640000,162265000,247208000
"P61769","B2M",556295000,449230000,494700000,688420000,661740000,647930000,806580000,721300000,799220000,787530000,953780000,819160000,837340000,717330000,706480000,687580000,672890000,595250000
"P61803","DAD1",1297380000,1321240000,1207730000,1266500000,1092970000,1012340000,1.244e+09,1154740000,1255170000,1163080000,1255540000,1061840000,1276370000,1135970000,1163760000,1374380000,1181620000,1380540000
"P61923","COPZ1",1977980000,2236690000,2327830000,1846770000,1862400000,2095970000,1634450000,1660550000,1764240000,1539050000,1453750000,1436360000,1390300000,1399190000,1446520000,1257480000,1427970000,1284550000
"P61960","UFM1",1175470000,1155850000,1214260000,1119520000,1053190000,1075040000,1103370000,1005880000,1043850000,1157810000,1055770000,1130170000,1114020000,948250000,1127730000,1150840000,1036870000,1268810000
"P61962","DCAF7",236910000,201332000,167412000,168633000,232298000,152201000,145648000,148575000,167567000,175319000,158345000,137546000,183088000,150259000,142882000,159645000,116087000,157831000
"P61964","WDR5",283730000,197865000,183881000,299466000,325368000,273660000,474060000,484740000,425920000,539080000,585960000,515960000,332482000,459960000,457870000,317804000,301841000,340660000
"P61966","AP1S1",349243000,356260000,378730000,285757000,304854000,282850000,288150000,302087000,308347000,254321000,236897000,224765000,155860000,75552000,133742000,NA,154053000,228883000
"P61970","NUTF2",1982940000,2305510000,2278550000,3199100000,3123670000,3355100000,3619200000,3108910000,3437900000,3.874e+09,3593700000,4230400000,3638400000,3571600000,3836400000,4173700000,4491500000,4.358e+09
"P61978","HNRNPK",3.1298e+10,31117300000,3.0506e+10,3.2823e+10,3.3426e+10,29664100000,4.164e+10,3.6728e+10,3.7789e+10,3.4804e+10,3.6108e+10,3.1202e+10,3.4277e+10,3.1325e+10,28945300000,28120400000,26484800000,28100800000
"P61981","YWHAG",2250500000,2489260000,7067680000,2525540000,1859250000,3070730000,2761270000,4559160000,2329390000,1833960000,2743300000,5479460000,4208490000,3280140000,2505110000,6664900000,3412540000,4741620000
"P62070","RRAS2",2084490000,1933310000,1706080000,1724660000,1863020000,1528790000,1722940000,1817170000,1812290000,1666350000,1667070000,1265950000,1446640000,1116150000,1282300000,1340140000,1216940000,1258850000
"P62081","RPS7",5336200000,6155500000,4931600000,7619800000,6919900000,7.822e+09,5581300000,5149700000,6.245e+09,5243100000,5.523e+09,6965600000,5220400000,5809500000,6776300000,5545800000,5669100000,5609800000
"P62136","PPP1CA",8.599e+09,8613600000,7951700000,7689600000,8975600000,7255600000,8377900000,8380400000,8160600000,8474600000,8.238e+09,6914300000,7969300000,7423100000,7010400000,6.937e+09,6758200000,7136300000
"P62140","PPP1CB",1277730000,1183980000,1343540000,1177780000,1379680000,1248860000,1271950000,1277020000,1260550000,1414570000,1241620000,1494340000,1249310000,1067320000,1123140000,978110000,894630000,1129190000
"P62158","CALM1",21473800000,29736400000,34077900000,24237700000,21735700000,28171400000,26428900000,25857100000,21485500000,21708400000,27004300000,24272100000,2.6116e+10,2.1873e+10,1.8774e+10,22650600000,21295700000,25679100000
"P62166","NCS1",184368000,239793000,218431000,218080000,121493000,220105000,191793000,194399000,170736000,113750000,116989000,203270000,46908000,162798000,173588000,189899000,142782000,147024000
"P62191","PSMC1",6229600000,6393500000,6.351e+09,6215700000,7011600000,5968100000,6048600000,6168800000,6179500000,6355600000,6083300000,5.542e+09,6989600000,6175400000,5987200000,6652900000,6563500000,6614600000
"P62195","PSMC5",5401300000,4958900000,4.677e+09,5210200000,5782600000,5177100000,4955800000,5002900000,5280700000,5.556e+09,5602300000,4672700000,5803900000,5261700000,5785800000,5965300000,5686600000,5951300000
"P62241","RPS8",3716600000,3998300000,3952700000,4233600000,4070700000,3982400000,3458200000,3487900000,3653600000,3781300000,3.59e+09,3.617e+09,3.24e+09,3695300000,3641300000,3175590000,3209010000,3124910000
"P62244","RPS15A",3.884e+09,4211600000,3644500000,5395800000,5505100000,5659900000,3885700000,3906900000,4.198e+09,3828800000,3709600000,4.438e+09,4013100000,3913800000,4.23e+09,3261100000,3.627e+09,3.34e+09
"P62249","RPS16",6975700000,6822900000,6319500000,6171700000,7788300000,6535600000,5909400000,5562900000,5706800000,5867100000,6222300000,5020900000,5530900000,4949200000,5126600000,5138100000,4.744e+09,5409500000
"P62253","UBE2G1",80008000,61653000,60143000,78314000,76180000,52036000,74227000,40263000,53685000,74626000,84055000,71769000,62975000,27360000,53323000,83420000,22368000,50701000
"P62256","UBE2H",328620000,434710000,448280000,493200000,376340000,510250000,369520000,349220000,390730000,416500000,477200000,444990000,355450000,414710000,409580000,310855000,290853000,267949000
"P62258","YWHAE",26224200000,22683800000,23510800000,2.4486e+10,27875300000,23217800000,2.5237e+10,26094900000,25047500000,26957200000,25418800000,23548400000,26841700000,23938700000,24769300000,26159200000,25913700000,27045700000
"P62263","RPS14",11036600000,11368400000,11442400000,9448100000,10953200000,9.14e+09,8.613e+09,8928500000,8220300000,9439400000,8986800000,7.702e+09,8974500000,7.354e+09,7395100000,7186400000,6.73e+09,7.776e+09
"P62266","RPS23",2738160000,3466500000,3347100000,3327700000,3942500000,3446100000,3011850000,2985970000,2870470000,2465580000,3107820000,2858120000,2870490000,2394120000,2325220000,2726130000,2277160000,3200500000
"P62269","RPS18",12168600000,11408200000,10641700000,11505100000,13074200000,11260300000,10342300000,9.44e+09,9238900000,10583600000,10667700000,8.336e+09,10433300000,8605600000,9316900000,9187800000,8307300000,9769500000
"P62273","RPS29",1587030000,1470110000,1769870000,1215790000,1229900000,1099220000,1774670000,1717790000,1864480000,1889830000,1733040000,1562200000,1.713e+09,1862550000,1538250000,1673620000,1797640000,1563860000
"P62277","RPS13",9881500000,10783300000,10558200000,10769100000,9826600000,9678300000,8631200000,8051400000,8909300000,8904300000,9119800000,7.562e+09,8586500000,7.63e+09,7507400000,7.888e+09,7161500000,7796700000
"P62280","RPS11",10820600000,9980700000,9006700000,9030800000,11261700000,8176400000,8344800000,8487700000,7386800000,8883200000,8220300000,6991300000,8308300000,6575900000,6268900000,6854900000,6677800000,7866600000
"P62304","SNRPE",712450000,677320000,660940000,654400000,156760000,509410000,558500000,651480000,670990000,383170000,625040000,558670000,427300000,479890000,455370000,530150000,470660000,509130000
"P62306","SNRPF",699350000,714510000,698110000,561215000,567790000,571900000,811360000,717240000,710300000,584200000,675530000,497740000,542170000,572770000,480190000,606250000,515850000,354370000
"P62310","LSM3",939900000,855720000,879970000,723340000,734590000,619890000,791540000,7.64e+08,759580000,850070000,774110000,685740000,759290000,587970000,602500000,638780000,598890000,659280000
"P62312","LSM6",168552000,228255000,239836000,284237000,81163000,280642000,301308000,299846000,287899000,286790000,293437000,221710000,327991000,212802000,195810000,272907000,202917000,235658000
"P62314","SNRPD1",1200900000,1537720000,1348830000,1492270000,967030000,1323190000,1437250000,1094410000,1685620000,1265220000,1350970000,1241330000,946230000,1095130000,1000550000,1268330000,1577650000,905060000
"P62316","SNRPD2",2581550000,2151060000,2208520000,2213280000,2252270000,2096430000,2446860000,2500920000,2518060000,2320640000,2265950000,2026720000,2101910000,2021520000,1874260000,1937920000,1729260000,1901390000
"P62318","SNRPD3",2420530000,2160500000,2152740000,1990190000,2264880000,2057220000,2442440000,2582260000,2570620000,2289620000,2501050000,2009930000,2185320000,1990150000,1997960000,1986450000,1918340000,1818760000
"P62328","TMSB4X",25038900000,23728600000,25185900000,4.7728e+10,6.1729e+10,5.4523e+10,4.6863e+10,4.1976e+10,3.9957e+10,4.1376e+10,34612400000,30571600000,3.5468e+10,3.221e+10,28149500000,29511100000,3.2415e+10,24490100000
"P62330","ARF6",823520000,660100000,691940000,787960000,870690000,930300000,872580000,851230000,967580000,830360000,825820000,1018840000,787730000,736330000,820280000,817180000,910440000,801230000
"P62333","PSMC6",4867600000,4581100000,4306300000,4532300000,5332800000,4603300000,5066800000,5281700000,4919700000,5625100000,5611200000,4.856e+09,6384600000,5543200000,5069700000,6229500000,6146400000,6468700000
"P62341","SELT",158691000,61701000,57142000,19397000,193065000,NA,NA,NA,NA,NA,13129000,25349000,47587000,NA,26459000,NA,NA,NA
"P62424","RPL7A",14014700000,13156700000,11792900000,12342300000,13742600000,11652400000,9980700000,10086100000,9.608e+09,11577200000,10578200000,9598100000,10769500000,10370400000,10209300000,8975800000,8002900000,10244700000
"P62487","POLR2G",186608000,175329000,168382000,152654000,161035000,136305000,141415000,151946000,146258000,152488000,169458000,137783000,148216000,133143000,149112000,88550000,158063000,88362000
"P62495","ETF1",2992330000,2914450000,2649070000,2427520000,2965730000,2506650000,2173300000,2331580000,2204060000,2552320000,2479250000,2331910000,2674170000,2251240000,2272650000,2365850000,2321950000,2389660000
"P62633","CNBP",795820000,1029900000,1060860000,618700000,720730000,613010000,925450000,767630000,835970000,909140000,869630000,855940000,934630000,892170000,903080000,811500000,924770000,750250000
"P62701","RPS4X",17472800000,16420500000,15125400000,16746700000,21375400000,14839600000,15796100000,15094600000,14520900000,15644900000,15162700000,1.3364e+10,15141200000,13302200000,12352800000,12709900000,12196700000,13937300000
"P62750","RPL23A",2850050000,2559110000,2400320000,3339700000,3875400000,3161790000,2538230000,2889990000,2183450000,3429200000,2813690000,2133110000,3105960000,2814250000,2581030000,2610330000,2259430000,2532120000
"P62753","RPS6",6859800000,6189300000,6296600000,7530900000,8394300000,7495100000,6184800000,5932500000,6075200000,6198400000,5976400000,6018700000,5596200000,5819900000,5940500000,5409800000,5573800000,5452600000
"P62805","HIST1H4A",33623900000,29968700000,30297900000,3.7247e+10,4.2453e+10,3.8426e+10,4.684e+10,4.9146e+10,4.6235e+10,5.0491e+10,4.7365e+10,3.6374e+10,3.872e+10,3.6043e+10,3.7694e+10,3.3129e+10,3.2138e+10,3.5552e+10
"P62820","RAB1A",5629500000,5089700000,5042800000,5050200000,4818200000,5847800000,2731950000,2812740000,3295500000,3134080000,3339910000,4554600000,3607500000,3974800000,4925600000,4306500000,4853100000,3689100000
"P62826","RAN",7138100000,8.319e+09,7420100000,9842900000,9734300000,10814300000,9238800000,8585500000,10064600000,8039700000,8476900000,9726600000,7131700000,9146800000,9437800000,7959800000,9.098e+09,7063700000
"P62829","RPL23",2977340000,3345300000,3749500000,4075700000,4271200000,3382600000,2945020000,3289400000,3297100000,3166900000,3543300000,2956410000,2875730000,3303300000,3026360000,3043540000,2916490000,3206800000
"P62834","RAP1A",NA,170994000,197667000,242126000,NA,173919000,258248000,265811000,317930000,248006000,156789000,205818000,148916000,158025000,227204000,201388000,226014000,61951000
"P62837;P61077","UBE2D2;UBE2D3",1066870000,794160000,1079630000,1023640000,608350000,858330000,1337110000,956560000,1037890000,1085900000,1222890000,1006970000,1021980000,1310130000,1109470000,929070000,1356560000,1070960000
"P62841","RPS15",2643210000,2320040000,2589860000,2324560000,2915090000,2376230000,2267300000,2133520000,2134280000,2351120000,2067170000,1718510000,2034420000,1848250000,1750650000,1912960000,1463990000,1877500000
"P62847","RPS24",1708710000,1207390000,1153200000,1855360000,2169790000,1928870000,1144780000,1329490000,1276110000,1446230000,1057460000,1324210000,1495130000,1408350000,1550600000,1354120000,1.432e+09,1200020000
"P62851","RPS25",4636200000,4.177e+09,4389200000,4398900000,4221900000,3793600000,4011800000,3877800000,3943500000,4.272e+09,3904900000,3853100000,4464100000,3840100000,3730200000,3516300000,3580500000,3.962e+09
"P62854;Q5JNZ5","RPS26;RPS26P11",2229700000,1513410000,1473160000,2470530000,4145700000,2409020000,2130080000,2654780000,2102960000,3232810000,2830880000,1965250000,2831150000,2314800000,2056200000,2195820000,1862450000,2421120000
"P62857","RPS28",3323500000,3479900000,3.709e+09,3485500000,3457500000,2867170000,2772010000,3321200000,2793720000,2918020000,2805200000,2337650000,2984110000,2459490000,2362800000,2622530000,2540020000,2545320000
"P62861","FAU",442660000,725090000,715900000,686810000,497910000,475090000,475300000,381070000,305149000,485880000,459990000,398770000,908030000,697920000,522890000,685780000,651560000,566170000
"P62873;P16520","GNB1",1294290000,1285110000,1322310000,1212730000,1397370000,1055790000,2476030000,1816820000,2055470000,2237070000,2139660000,1805910000,1656010000,1484820000,1423440000,1761650000,1406830000,1857630000
"P62875","POLR2L",130046000,229829000,151246000,126217000,107240000,NA,NA,100585000,106199000,67841000,105491000,NA,50227000,50306000,NA,44269000,NA,101524000
"P62877","RBX1",101130000,159043000,208207000,64816000,NA,220233000,131807000,26903000,183147000,36717000,NA,120084000,NA,171758000,167545000,106258000,192989000,NA
"P62879","GNB2",3540900000,3239600000,3153600000,3690100000,3427900000,3599900000,4673200000,4971600000,5213900000,5.014e+09,5.191e+09,5052800000,4040500000,3957900000,4364800000,3863500000,3857600000,3619600000
"P62888","RPL30",4272640000,2535230000,2464220000,2615790000,3293510000,1932440000,1990250000,2038690000,2374570000,2549090000,2582080000,1626110000,2957970000,1999530000,2231780000,2668540000,2001110000,2551680000
"Q59GN2;P62891","RPL39P5;RPL39",410150000,104890000,239470000,454150000,103224000,318700000,284836000,120680000,308017000,189995000,266999000,386100000,211470000,800290000,592370000,398570000,459730000,322350000
"P62899","RPL31",2291110000,2464950000,2166740000,2567250000,2946490000,2397910000,2436980000,2254720000,2185430000,2402180000,2222250000,2209240000,2215520000,2164960000,2133220000,1862440000,2237910000,2135120000
"P62906","RPL10A",12780100000,11929600000,11444700000,12821300000,1.5116e+10,11926300000,10715100000,10689800000,10871100000,11264900000,11100400000,9950100000,12629200000,10487500000,1.0073e+10,10549100000,10101200000,10883600000
"P62910","RPL32",5171200000,4540800000,3978200000,5887300000,7135400000,5163200000,4940600000,4557900000,4559300000,5778900000,5241800000,4.289e+09,5.894e+09,4684500000,4677400000,5082800000,4414300000,5245200000
"P62913","RPL11",4.128e+09,4828100000,4548400000,4066400000,3955040000,4078100000,3809700000,3.645e+09,3560600000,3986800000,4.086e+09,3760700000,4024800000,4403800000,4165800000,3745700000,4279400000,3845600000
"P62917","RPL8",7532900000,7634600000,6963100000,8.284e+09,8129400000,7631100000,6.078e+09,6570300000,6999900000,6.759e+09,6921600000,7977200000,6446100000,7.328e+09,7470600000,6.835e+09,7522400000,6738200000
"P62937;P0DN26;A0A0B4J2A2;A0A075B759;Q9Y536;F5H284;P0DN37","PPIA",3.794e+10,3.2749e+10,31951400000,3.88e+10,4.6036e+10,3.6473e+10,4.2719e+10,4.7327e+10,4.1117e+10,4.111e+10,3.7679e+10,31469300000,3.7286e+10,3.3244e+10,3.1219e+10,3.452e+10,3.1568e+10,3.3945e+10
"P62942","FKBP1A",4943800000,4.92e+09,4329600000,6176900000,7805200000,5.181e+09,7011700000,6650900000,6238100000,6974300000,6239100000,4473500000,7960500000,6881200000,5924400000,7456300000,6211100000,7950200000
"P62979;P62987;P0CG47;P0CG48","RPS27A;UBA52;UBB;UBC",11963800000,9534200000,8306300000,1.3338e+10,14192900000,1.078e+10,10660100000,11030800000,11196500000,12129900000,10121700000,7666400000,13562400000,9479100000,7713800000,12309400000,10365900000,12089400000
"P62993","GRB2",549810000,628640000,666900000,728790000,659570000,694920000,846240000,782830000,779550000,920300000,993640000,856920000,1201460000,1154720000,1028350000,1297560000,1168780000,1318320000
"P62995","TRA2B",1377780000,1677330000,1717970000,1517280000,1436540000,1688660000,2159720000,1995210000,2004040000,1850220000,1861600000,1966260000,1492840000,1597570000,1552990000,1393890000,1438530000,1414290000
"P63000;P60763;P15153","RAC1;RAC3;RAC2",6068300000,5319300000,5473300000,5641600000,6586400000,5300400000,5765700000,5352100000,5220600000,4930900000,4789300000,4425400000,4867500000,4122600000,3895600000,4239100000,4059300000,4.35e+09
"P63010","AP2B1",9608600000,8184300000,8208500000,8211900000,8473700000,8067700000,7597800000,7486900000,8024500000,7367500000,7330200000,7256300000,6363400000,6312800000,6650500000,6286800000,6690900000,6523700000
"P63027;P23763","VAMP2",NA,NA,NA,NA,NA,130710000,NA,NA,NA,NA,234390000,276430000,405210000,249590000,375600000,203468000,219830000,NA
"P63092;Q5JWF2;P38405","GNAS",1070630000,947250000,895750000,966550000,1085530000,1060550000,1295230000,1261700000,1331440000,1233960000,1203370000,1351600000,1085910000,1092270000,1186670000,1012330000,1008700000,1010230000
"P63096","GNAI1",39003000,NA,NA,NA,NA,NA,33141000,145481000,131390000,49608000,187033000,58071000,42500000,53151000,177974000,38373000,NA,NA
"P63098;Q96LZ3","PPP3R1",268410000,446530000,491520000,443660000,497050000,587030000,487870000,463020000,426740000,491040000,466140000,568050000,548080000,559630000,524980000,632440000,659330000,590970000
"P63104","YWHAZ",20474800000,21099100000,19708700000,1.896e+10,20269700000,17412200000,19899600000,20094900000,18439900000,16559900000,17429100000,14145800000,16348200000,16031600000,12533300000,16065500000,16890500000,16045100000
"P63151;Q66LE6;Q9Y2T4","PPP2R2A",1360570000,1280980000,1220050000,1246040000,1300690000,1281090000,1363660000,1196920000,1200070000,1381230000,1261850000,1183430000,1401650000,1213750000,1178660000,1310740000,1288990000,1421060000
"P63165","SUMO1",906850000,937350000,914870000,741380000,875810000,739710000,930700000,947310000,827620000,789770000,790850000,608120000,627700000,611420000,555600000,576930000,556890000,591300000
"P63167","DYNLL1",1026180000,789560000,790370000,1026930000,1159550000,1012500000,1053320000,1232850000,1057600000,1356230000,1281880000,1258540000,1315070000,1607670000,1613550000,1303680000,1372680000,1214470000
"P63173","RPL38",3981300000,3953800000,3727200000,3558700000,3928500000,3633100000,2833780000,2655900000,3005300000,3059300000,3085410000,3567800000,2963170000,2889990000,3348500000,3067100000,2863860000,2826770000
"P63208","SKP1",2061150000,2091160000,2335410000,2829930000,2967110000,2522750000,2390050000,2310640000,2325290000,2379350000,2357580000,2427310000,1905490000,2308710000,1894170000,2067940000,2166280000,1796330000
"P63218","GNG5",31827000,25320000,104650000,NA,NA,41868000,32524000,105342000,17255000,NA,38814000,202680000,281070000,50323000,20638000,151530000,41885400,218335000
"P63220","RPS21",5094900000,4213300000,3895600000,4778200000,6278400000,4488800000,4460100000,3.941e+09,3844900000,4444300000,4101600000,3182770000,4520300000,4310900000,3708100000,3919800000,3897300000,3788600000
"P63241;Q6IS14;Q9GZV4","EIF5A;EIF5AL1",13562100000,13662100000,13234800000,1.5505e+10,1.8423e+10,15450100000,15855100000,16321700000,14094500000,1.5058e+10,13888800000,11429900000,15502500000,13385700000,1.4354e+10,14446800000,13482800000,15436400000
"P63244","GNB2L1",12726200000,11217300000,12590800000,15803800000,13990300000,16184400000,10701700000,10513600000,11952900000,11514800000,11919600000,14393600000,11051100000,12449700000,13489200000,11344400000,11862700000,10842900000
"P63279","UBE2I",1672010000,1502360000,1558060000,1796910000,2020850000,1615210000,1932950000,1832860000,1980310000,1726720000,1702940000,1579910000,1304330000,1334640000,1355890000,1177160000,1.114e+09,960900000
"P63316","TNNC1",NA,13903000,3726800,318280000,219013000,217157000,836380000,914380000,1104570000,5097100000,5086100000,5.229e+09,14273100000,15423900000,16457500000,21917300000,24365900000,20800600000
"P67809;Q9Y2T7","YBX1",4.904e+09,4518800000,5240100000,4008700000,4124100000,3137810000,2766460000,2560890000,2634630000,3054180000,2883390000,2445440000,3283820000,2961800000,2720430000,2756660000,2573690000,2874580000
"P67812;P0C7V7","SEC11A",632180000,586490000,591750000,479360000,605200000,528760000,474690000,456770000,479360000,552370000,466760000,457890000,473080000,435360000,430490000,442670000,401250000,496200000
"P67870","CSNK2B",892580000,866330000,889940000,879990000,961690000,823330000,940130000,934530000,925230000,1144630000,979370000,928220000,1087960000,915460000,871710000,935620000,1001080000,1098250000
"P67936;Q2TAC2","TPM4",8089700000,9.117e+09,10231600000,10233900000,11562200000,9714700000,1.0972e+10,10434700000,7741600000,5994900000,5661200000,4157200000,4439900000,2745210000,2629720000,4015600000,3197400000,4697500000
"P68032","ACTC1",4.6218e+10,34275180000,6.807e+10,7.6203e+10,40858040000,7.8409e+10,5.5369e+10,4.9278e+10,6.246e+10,6.1197e+10,6.2243e+10,7.9451e+10,1.0736e+11,1.3287e+11,1.59972e+11,1.66958e+11,1.65302e+11,1.38218e+11
"P68036","UBE2L3",2133150000,2332230000,2312410000,2637320000,2667980000,2465290000,2761070000,2464960000,2565580000,2284990000,2341520000,2286300000,2257250000,2479210000,2251360000,2149630000,2447530000,2081800000
"P68104;Q5VTE0","EEF1A1;EEF1A1P5",1.03622e+11,1.21639e+11,1.15938e+11,1.15558e+11,1.15223e+11,1.13178e+11,9.9563e+10,9.6242e+10,9.2782e+10,9.9756e+10,9.9035e+10,9.3003e+10,1.04758e+11,1.0095e+11,9.856e+10,1.01973e+11,1.0143e+11,1.10634e+11
"P68366","TUBA4A",1392760000,1708900000,1536490000,1533470000,1571470000,1388340000,1619250000,1509790000,1516160000,1379810000,1443110000,1.115e+09,1141700000,1071330000,1057990000,1088880000,1057880000,1085870000
"P68400;Q8NEV1","CSNK2A1;CSNK2A3",1912660000,1878930000,1696400000,2039780000,2103620000,1937910000,2036500000,2000240000,2024450000,1988350000,2128810000,1831550000,1813690000,1766540000,1699290000,1795090000,1713640000,1871370000
"P68402","PAFAH1B2",1132710000,1322350000,1407420000,1469800000,1055900000,1112990000,1421610000,1507290000,1269210000,1206390000,1271140000,1025370000,1122600000,893470000,859570000,1102850000,873460000,1087320000
"P78316","NOP14",NA,NA,NA,21681900,NA,20159200,5076400,NA,NA,NA,NA,17439900,NA,5850100,8636100,NA,NA,NA
"P78318","IGBP1",578040000,511260000,557750000,448130000,518490000,531500000,513360000,515230000,463430000,542790000,591740000,456610000,499430000,455040000,445880000,523470000,413700000,530340000
"P78324;Q5TFQ8;O00241","SIRPA;SIRPB1",528660000,482040000,500470000,717090000,788540000,707920000,369090000,374410000,299596000,185523000,140476000,164105000,70439000,120901000,106174000,171291000,184361000,219049000
"P78330","PSPH",498110000,633950000,557940000,476390000,531570000,466140000,668590000,653670000,5.47e+08,642480000,616580000,515080000,702650000,634970000,619650000,739120000,740970000,779990000
"P78332;P52756","RBM6",66041000,21997000,44220000,61012000,89095000,86771000,72978000,29298000,38332000,49940000,87207000,19961000,24565000,79108000,32859000,35992000,22018000,NA
"P78344","EIF4G2",4220900000,4036200000,4105400000,4334500000,4571500000,4.119e+09,3733400000,3810200000,3694700000,3912700000,3699700000,3443160000,3769300000,3667500000,3.565e+09,3496500000,3262700000,3.494e+09
"P78346","RPP30",443540000,426460000,410490000,332290000,333283000,369780000,434440000,443470000,455570000,446370000,441860000,437300000,397390000,365970000,377490000,355410000,337360000,355990000
"P78347;Q86UP8;Q6EKJ0","GTF2I",1434600000,1251330000,1168730000,1180850000,1182690000,1099870000,1598540000,1580970000,1523150000,1461730000,1520840000,1251100000,1221330000,1007380000,935620000,914700000,823260000,1051880000
"P78356","PIP4K2B",141075000,126560000,94998000,137845000,185132000,154536000,186665000,172375000,198440000,156318000,163124000,198996000,159260000,157392000,136857000,129963000,174822000,140448000
"P78371","CCT2",19752300000,18839900000,19697700000,19421900000,19344100000,20281300000,16154900000,15793700000,16286100000,16764600000,16336400000,18151100000,17870700000,18729300000,18586400000,1.706e+10,17868700000,15986600000
"P78406","RAE1",393460000,486010000,426520000,478870000,332987000,432540000,552750000,478490000,556160000,465010000,477320000,442210000,382610000,432440000,416010000,389250000,362720000,423090000
"P78417","GSTO1",3854800000,3540600000,3580900000,3232600000,3510200000,3074240000,3434500000,3392200000,3410900000,3148040000,3103600000,2977290000,2781950000,2533220000,2561110000,2528270000,2344900000,2431690000
"P78527","PRKDC",25554300000,24817400000,24524700000,26283700000,26359400000,2.4817e+10,3.2386e+10,3.322e+10,3.3908e+10,3.2326e+10,31315200000,30338200000,27403800000,26482100000,26947700000,23126300000,23427500000,23970800000
"P78536","ADAM17",143107000,170922000,145011000,200140000,196749000,186354000,221268000,228245000,242462000,185644000,204658000,184502000,140412000,123484000,177443000,153419000,102339000,164331000
"P78559","MAP1A",5843300000,5582900000,5670300000,6533400000,6395100000,6087500000,11502200000,11390500000,10931900000,15308200000,15073200000,13909800000,21649300000,1.9801e+10,19701900000,25480600000,2.4466e+10,27095400000
"P78560","CRADD",31304000,NA,NA,NA,NA,NA,80520000,37670000,52536000,52995000,41795000,42556000,70977000,NA,NA,47015000,94161000,83713000
"P78563","ADARB1",228711000,217820000,223386000,339860000,330870000,325854000,467590000,414110000,491450000,321346000,347857000,387190000,271213000,252346000,267124000,199680000,174075000,219799000
"P80217","IFI35",56235000,23486000,NA,NA,27306000,22279000,NA,26377000,27079000,78755000,48267000,35893000,59472000,50514000,NA,53787000,NA,23959000
"P80303","NUCB2",733580000,896280000,883750000,810830000,886290000,890490000,790160000,852010000,658790000,722560000,768690000,718650000,906280000,878210000,899840000,935660000,824520000,926330000
"P80723","BASP1",2338150000,2321980000,2918080000,2335900000,2892140000,2533830000,3175300000,3406560000,2682400000,2796350000,2670220000,2366290000,2744750000,2317320000,2015730000,3712200000,2914010000,3356060000
"P82094","TMF1",226352000,215421000,207379000,238624000,223988000,225453000,46548000,49677000,54651000,184655000,216987000,174583000,125313000,202412000,199802000,55736000,119148000,102920000
"P82650","MRPS22",296470000,358560000,338850000,382020000,293853000,364070000,426460000,339290000,477840000,374176000,428860000,543280000,427420000,451770000,432630000,424410000,451280000,433510000
"P82663","MRPS25",101345000,87140000,113754000,35684000,22721000,26405000,69083000,43694000,94804000,85152000,66152000,84903000,73014000,NA,52984000,117205000,80399000,98901000
"P82664","MRPS10",NA,38388000,NA,19708000,NA,47156000,NA,NA,44462000,19892000,58759000,73125000,49090000,33120000,74661000,23231000,29584000,82159000
"P82673","MRPS35",125971000,152086000,139059000,154547000,144454000,78163000,210232000,158561000,194754000,207598000,191653000,113196000,159566000,124329000,170578000,186421000,123916000,159649000
"P82675","MRPS5",51936000,47783000,37665000,95099000,91308000,90634000,81756000,92749000,76426000,102142000,110273000,107078000,135124000,83053000,111485000,120575000,54852000,131134000
"P82909","MRPS36",380640000,334440000,331535000,266103000,448820000,251937000,493130000,480650000,340016000,502430000,518170000,308598000,534400000,364528000,297281000,447960000,360570000,493020000
"P82930","MRPS34",266634000,202624000,179767000,179407000,193185000,190780000,281919000,242697000,272738000,261445000,277444000,225621000,249475000,219833000,197770000,241909000,230292000,280611000
"P82932","MRPS6",195947000,203707000,167218000,174366000,164644000,98835000,281104000,254480000,254970000,224990000,239009000,206573000,233910000,224473000,203378000,264354000,215129000,263295000
"P82933","MRPS9",207203000,206597000,204487000,209095000,207338000,192101000,263284000,243030000,252902000,236012000,253652000,236273000,280676000,253778000,205772000,256363000,223493000,272628000
"P82979","SARNP",2556580000,2358340000,2554330000,2358860000,2451480000,2242790000,3365700000,2982040000,2898370000,2817700000,2879260000,2512680000,2505490000,2404900000,2282060000,2396930000,2279590000,2280900000
"P83110","HTRA3",NA,NA,NA,NA,NA,NA,24445000,NA,49932000,121627000,36825000,36287000,58371000,60341000,49339000,17869000,18244000,NA
"P83111","LACTB",267314000,253997000,249464000,328380000,311410000,273552000,335140000,301652000,333630000,339420000,348990000,349250000,296101000,308030000,281115000,255780000,236634000,273074000
"P83436","COG7",64292000,NA,43117000,43334000,47354000,60864000,41720000,17988000,20900000,21893000,19618000,NA,NA,NA,NA,NA,NA,NA
"P83731","RPL24",3903400000,4156400000,4637300000,4194400000,4274100000,4244100000,3149800000,3099500000,3111220000,3586700000,3275100000,3627900000,4466600000,3981200000,3971600000,4103200000,3866900000,3994700000
"P83916","CBX1",984520000,958190000,1121050000,1137020000,1634550000,1063670000,1120020000,1579800000,1159100000,1286890000,1108030000,971080000,1050230000,788260000,781710000,769690000,727620000,691520000
"P84022","SMAD3",24056000,NA,NA,32617000,NA,NA,NA,NA,NA,65148000,40844000,NA,45781000,46704000,NA,20147000,16650000,45923000
"P84085","ARF5",437140000,533100000,627230000,1007270000,406522000,986650000,944050000,662360000,1026090000,397330000,740280000,1123940000,489590000,728070000,791680000,849830000,735230000,502730000
"P84090","ERH",2155310000,3025820000,2918370000,2934640000,1597413000,2822540000,3900720000,4083500000,3609600000,2812100000,2734700000,2553530000,2607030000,3201220000,2304380000,2793350000,3065250000,2850510000
"P84095","RHOG",1.175e+09,1106660000,1157820000,1143050000,1196120000,1072950000,1139040000,1008880000,965040000,885800000,974490000,859740000,733480000,778290000,718380000,772050000,739500000,7.35e+08
"P84098","RPL19",4810500000,4509900000,4.552e+09,5470100000,5567100000,4.47e+09,4856700000,4354300000,4.351e+09,4479800000,4201500000,3336630000,4945900000,3858300000,3578800000,3591450000,3982300000,4509800000
"P84101","SERF2",22833000,12674000,96189000,NA,NA,11896000,NA,14297000,NA,NA,NA,42896000,6521300,NA,NA,26590000,NA,NA
"P84103","SRSF3",842850000,1200010000,962280000,1319230000,1104840000,1586920000,1437740000,1578660000,1398820000,1170800000,1104970000,1407720000,1033270000,1352580000,1400780000,1215360000,1325180000,823310000
"P84157","MXRA7",281862000,295961000,270420000,365100000,377930000,331170000,308148000,375440000,312261000,353080000,344040000,317628000,375810000,357860000,402790000,425510000,367450000,465930000
"P86791;P86790","CCZ1;CCZ1B",142145000,75419000,NA,90311000,68694000,47721000,NA,NA,NA,62798000,NA,67137000,70612000,160153000,74831000,NA,NA,NA
"P98082","DAB2",2013550000,2084340000,2074740000,1832710000,1892560000,1971270000,1293840000,1394200000,1247700000,1012220000,970020000,1031260000,791390000,828730000,724380000,968060000,967140000,965060000
"P98160","HSPG2",3700900000,3897700000,3771700000,7.536e+09,6499900000,6977600000,4873200000,5166200000,5191100000,6341400000,5797800000,5894200000,8021500000,7784900000,7290700000,10026200000,9804300000,9802900000
"P98170","XIAP",NA,90038000,74284000,57325000,NA,80159000,NA,NA,38519000,NA,NA,120671000,NA,102046000,111727000,NA,115808000,89737000
"P98175","RBM10",317910000,400770000,429940000,459180000,420380000,399220000,502600000,406550000,446590000,416160000,411680000,396630000,357510000,362120000,349860000,299517000,340444000,266725000
"P98179","RBM3",2287160000,2232610000,1606980000,2315950000,3355180000,2480590000,1979840000,2634720000,2.064e+09,2479920000,1905970000,1577310000,2249680000,1684310000,1522310000,1480420000,1405230000,1644360000
"P98194","ATP2C1",NA,NA,38691000,124934000,48247000,78423000,67092000,NA,65629000,43492000,51960000,37563000,40978000,109906000,133259000,114719000,113623000,NA
"Q00059","TFAM",432990000,451780000,429950000,454007000,584920000,450070000,585880000,712170000,529530000,677050000,590430000,436240000,533960000,404497000,304088000,581050000,401756000,508610000
"Q00169","PITPNA",784290000,862330000,908860000,975420000,869710000,968480000,882470000,962800000,953670000,1010520000,948470000,1067640000,922200000,986520000,1036600000,891480000,1034340000,878050000
"Q00325","SLC25A3",1856360000,1747180000,1630310000,2541230000,2872810000,2404430000,2356090000,2271430000,2696540000,2970140000,2804350000,2345290000,2846780000,2445040000,2464380000,2734470000,2678850000,2892350000
"Q00341","HDLBP",11290400000,10891800000,10656900000,10566900000,11303600000,10193500000,7815800000,7706200000,7743100000,7865200000,7546300000,6925300000,7679100000,6996700000,7.065e+09,7854500000,7359100000,7526900000
"Q00403","GTF2B",207369000,272294000,223501000,134363000,218608000,138354000,201781000,245553000,202880000,46686000,205368000,187849000,214465000,62533000,NA,36694000,NA,109409000
"Q00534","CDK6",809540000,814990000,805950000,924920000,954750000,932250000,254608000,298218000,346620000,386200000,394780000,3.82e+08,176232000,271144000,324801000,286990000,246049000,263883000
"Q00535;P50750;Q96Q40","CDK5",192422000,211005000,188417000,206905000,233534000,199346000,328238000,268608000,326370000,358750000,394180000,346480000,326248000,319790000,367670000,327280000,360850000,324590000
"Q00577","PURA",480180000,602190000,532360000,411310000,544900000,427090000,558960000,576540000,556990000,606870000,543480000,563010000,571440000,512010000,501060000,536780000,571690000,583810000
"Q00587","CDC42EP1",397560000,376233000,374910000,526990000,482490000,527170000,398690000,256290000,287190000,144870000,446170000,321380000,572180000,614520000,534990000,423310000,699530000,807210000
"Q00610","CLTC",4.7743e+10,4.6307e+10,4.4728e+10,4.8494e+10,5.075e+10,4.891e+10,4.5582e+10,4.6538e+10,4.7416e+10,4.6128e+10,4.5757e+10,4.4626e+10,3.8643e+10,3.8658e+10,4.0793e+10,3.7401e+10,3.8214e+10,3.716e+10
"Q00613","HSF1",82411000,55746000,86365000,88817000,25990000,81506000,68427000,33017000,65890000,96503000,89664000,93757000,67715000,103897000,104055000,55220000,90923000,105356000
"Q00653","NFKB2",60244000,NA,31799000,73467000,59456000,NA,NA,NA,NA,NA,25250000,NA,63461000,73768000,50119000,42116000,23197000,72357000
"Q00688","FKBP3",2615920000,2858480000,3348200000,3.728e+09,3589800000,3.509e+09,3265500000,3935100000,3.429e+09,3990700000,3828100000,3439300000,4321400000,4148600000,4038300000,4916900000,4.822e+09,4763100000
"Q00765","REEP5",1392620000,1429470000,1369110000,1045940000,1385050000,941360000,1329400000,1306290000,1178880000,1205320000,1031909000,1012570000,1264930000,1385630000,1235020000,1721680000,1835050000,1652990000
"Q00796","SORD",718490000,632880000,634500000,639160000,745680000,5.84e+08,769970000,695660000,703900000,609960000,591540000,497670000,556790000,477550000,442390000,460740000,423960000,517500000
"Q00839","HNRNPU",1.6827e+10,15136400000,13979600000,15359400000,18144300000,1.3314e+10,1.7301e+10,17867400000,1.7285e+10,17997600000,16659400000,12683700000,14575500000,1.2481e+10,11287300000,1.1568e+10,10112200000,12998500000
"Q01082","SPTBN1",3.1354e+10,29808900000,29605900000,3.1962e+10,3.2637e+10,3.1407e+10,3.3995e+10,3.5646e+10,3.3653e+10,3.8021e+10,3.6669e+10,3.4984e+10,3.8184e+10,3.6831e+10,3.5718e+10,3.5451e+10,3.5575e+10,3.8328e+10
"Q01085","TIAL1",585820000,616630000,639050000,654200000,598960000,765270000,652150000,592400000,588420000,557670000,602260000,639850000,509080000,603040000,603360000,502840000,548130000,481650000
"Q01105;P0DME0","SET;SETSIP",3.484e+09,4692600000,5.975e+09,4649900000,4918800000,4799800000,5592600000,5715600000,4863800000,5170600000,5455400000,4898600000,4213500000,3762900000,4112100000,3.849e+09,3059820000,3741700000
"Q01130;Q9BRL6","SRSF2",3.042e+09,2636890000,2755010000,3047970000,3237900000,2721440000,3760100000,3715900000,3595500000,3367600000,3306600000,2951750000,2905770000,2523190000,2586070000,2658210000,2163020000,2549070000
"Q01196","RUNX1",123072000,146879000,142913000,123937000,131335000,128221000,326375000,426700000,416560000,355880000,378360000,307896000,299211000,304073000,263745000,184061000,179460000,151105000
"Q01433","AMPD2",339700000,305950000,334340000,340590000,378020000,318790000,430200000,445640000,434230000,505660000,503350000,482420000,555470000,553600000,513900000,572110000,621040000,625460000
"Q01469;A8MUU1","FABP5",1583940000,1629660000,1737770000,1837810000,1776370000,1710430000,1567060000,1943200000,1858090000,1594340000,1722190000,1811120000,1233530000,1333480000,1457010000,1079170000,1212080000,1031810000
"Q01484","ANK2",555540000,276610000,415250000,455920000,231239000,197991000,436810000,346483000,389910000,554250000,597930000,420040000,627080000,487130000,519070000,531200000,511590000,516390000
"Q01518","CAP1",18383400000,16671500000,1.5636e+10,14622900000,16881800000,14013100000,14338700000,13635500000,11583300000,12052600000,11737300000,9.559e+09,9404300000,8930600000,8128100000,7857500000,7546700000,9055200000
"Q01581","HMGCS1",243116000,230719000,221126000,NA,227138000,112590000,NA,NA,NA,200642000,248507000,77776000,425660000,411230000,464200000,653530000,620980000,682730000
"Q01628;P13164;Q01629","IFITM3;IFITM1;IFITM2",NA,313781000,176524000,77682000,NA,66407000,NA,NA,NA,92791000,NA,163119000,NA,NA,NA,NA,NA,NA
"Q01650;Q9UM01","SLC7A5",1545150000,1458210000,1380490000,1790790000,2015370000,1583860000,1497290000,1.47e+09,1428330000,1380570000,1213700000,991020000,1428960000,1251640000,1137420000,1496230000,1471890000,1651380000
"Q01658","DR1",273612000,298181000,365280000,333877000,285982000,340580000,268170000,433890000,358065000,320033000,110040000,476740000,155713000,312819000,334040000,281234000,287865000,183057000
"Q01780","EXOSC10",761660000,743530000,700860000,573180000,704220000,619560000,521830000,530060000,572890000,603080000,507190000,478420000,520320000,408940000,424660000,433830000,386760000,448780000
"Q01804","OTUD4",268639000,240568000,215399000,277553000,284265000,218095000,285784000,257355000,267594000,326801000,296245000,256234000,342344000,368730000,290772000,341654000,346601000,351142000
"Q01813","PFKP",6.609e+09,6.596e+09,6205300000,6542900000,6585400000,5.942e+09,5.083e+09,5306400000,5367100000,4438500000,4561700000,4365200000,3585100000,3200900000,3448600000,3197800000,3129500000,3181300000
"Q01844","EWSR1",1012510000,955250000,1053310000,1211910000,952980000,1209010000,1256560000,1396570000,1370790000,1394650000,1314480000,1427410000,1142520000,1414720000,1314690000,1045290000,1170110000,940050000
"Q01970","PLCB3",3784100000,3833700000,3710800000,3709200000,3867100000,3.447e+09,2981660000,2910730000,2731910000,2806640000,2755530000,2572280000,2496190000,2392520000,2508480000,2224310000,2232690000,2249930000
"Q01995","TAGLN",23175300000,23347600000,24978900000,20993700000,20788600000,20675200000,14282900000,15326300000,14457400000,11166900000,1.0589e+10,9786700000,11084300000,11958100000,11864400000,18259700000,21077200000,19690700000
"Q02040","AKAP17A",254360000,416590000,229090000,266870000,263980000,442470000,46951000,4.37e+08,237275000,383740000,209130000,597780000,191113000,158310000,410880000,326960000,412274000,193570000
"Q02045","MYL5",NA,NA,NA,NA,NA,NA,NA,NA,NA,71742000,26192000,NA,118042000,112553000,107114000,65205000,66679000,93071000
"Q02127","DHODH",NA,NA,NA,NA,30633000,NA,28914000,NA,29676000,79640000,25385000,NA,58390000,NA,NA,28683000,NA,NA
"Q02218","OGDH",2040060000,2011100000,1984600000,1885900000,2056670000,1827830000,2219400000,2270370000,2206260000,2825410000,2705430000,2436220000,3023450000,2833190000,2933980000,3041540000,3021260000,3174100000
"Q02241","KIF23",165600000,183319000,246688000,185987000,127990000,183858000,NA,NA,NA,NA,NA,NA,NA,NA,NA,NA,NA,NA
"Q02252","ALDH6A1",50356000,3.7e+07,NA,NA,65410000,NA,238496000,157506000,230139000,314250000,326770000,254819000,302415000,316119000,331236000,247680000,273181000,331340000
"Q02318","CYP27A1",NA,NA,NA,NA,NA,NA,161306000,143776000,139431000,128130000,157198000,144802000,132643000,116421000,90139000,80203000,46695000,111773000
"Q02447","SP3",19992000,65311000,60489000,16523000,15657000,21466100,40203000,58706000,50193000,23545000,27827000,20347000,19794000,25777000,18165200,NA,10370000,NA
"Q02539","HIST1H1A",99947000,168207000,197070000,166728000,74393000,98861000,175812000,160303000,185987000,96035000,110445000,64568000,43123000,49981000,35908000,NA,NA,NA
"Q02543","RPL18A",3.739e+09,3402600000,3.691e+09,4057600000,3399700000,3940700000,2863400000,2853490000,3165400000,2991720000,2866760000,3324900000,3021360000,3414400000,3396400000,3173300000,3246700000,2873840000
"Q02641;O00305;Q08289","CACNB1",NA,NA,NA,NA,NA,NA,NA,NA,NA,NA,90567000,NA,444620000,454480000,433470000,760300000,616390000,647540000
"Q02750","MAP2K1",1920330000,1870750000,1720410000,1371940000,1976960000,1348940000,1188970000,1237920000,1091380000,1134440000,995340000,7.15e+08,945690000,780600000,757780000,833150000,780630000,988750000
"Q02790","FKBP4",1792150000,1.812e+09,1514580000,1751020000,1959550000,1613120000,1612610000,1518780000,1636280000,1996730000,1942910000,1569460000,2040810000,1637420000,1762870000,1850770000,1747310000,1954290000
"Q02809","PLOD1",5411800000,5.36e+09,5280200000,6324500000,6476900000,6136400000,4663100000,4549900000,4704400000,3714300000,3510300000,3274610000,3392100000,3197700000,3392600000,3401700000,3370800000,3465500000
"Q02818","NUCB1",3.786e+09,3607300000,3771400000,3515800000,4010700000,3420610000,3049190000,3005010000,2636380000,3145600000,3.139e+09,2891420000,3488600000,3330100000,3.178e+09,3492100000,3190900000,3703900000
"Q02878","RPL6",19563500000,18600900000,17615700000,18348900000,20268400000,16963300000,1.4883e+10,15150800000,14432700000,15691500000,15078400000,1.3137e+10,16210800000,15669200000,14093100000,14729500000,13742900000,14856100000
"Q02880","TOP2B",1664970000,1595760000,1479700000,1870020000,1875500000,1719470000,2288690000,2292820000,2379290000,2139320000,2137090000,2030640000,1802720000,1654660000,1639230000,1456900000,1319700000,1446820000
"Q02952","AKAP12",17821300000,16412300000,17143700000,11082100000,12805600000,10209500000,8538300000,8367200000,7067800000,5.946e+09,5770100000,4802400000,3367600000,3345200000,2960660000,2362930000,2181690000,2618270000
"Q02978","SLC25A11",1796130000,1776320000,1691720000,2080770000,2004750000,2310050000,2328680000,2353250000,2662770000,2757010000,2812990000,2634470000,2790010000,2739620000,2867370000,2900240000,2881540000,2979460000
"Q03001","DST",8595300000,8266800000,8012600000,8676300000,9.025e+09,8220700000,7304900000,7284800000,7127300000,11102300000,1.0937e+10,10337500000,11820500000,11101800000,11281600000,9457800000,9249700000,9653500000
"Q03135","CAV1",7649200000,9783500000,9395500000,9403900000,7923900000,9016200000,6241400000,6415700000,6899200000,5530700000,5480500000,5833400000,3421500000,3818700000,4.15e+09,2609790000,2896120000,2979140000
"Q03154","ACY1",461790000,472980000,463540000,525640000,539980000,505170000,711790000,601370000,660620000,637010000,649270000,555830000,617570000,609380000,545920000,629080000,608230000,594990000
"Q03169","TNFAIP2",125812000,127192000,63577000,217299000,225013000,176913000,731440000,712930000,761270000,1014290000,927900000,1177450000,698270000,868360000,896220000,338930000,364590000,342081000
"Q03252","LMNB2",7120900000,6245300000,6318200000,6608900000,7026300000,6.075e+09,9661200000,9509500000,8791700000,9326700000,8926800000,7937900000,8227200000,7557700000,6842500000,6903300000,6677300000,7.364e+09
"Q03426","MVK",127830000,83740000,142776000,155656000,157882000,127614000,151853000,115435000,140703000,163515000,156855000,135147000,252835000,232307000,241529000,500850000,410010000,426230000
"Q03518","TAP1",NA,NA,NA,72934000,39900000,27027000,103142000,40605000,NA,129157000,110303000,38879000,97715000,69038000,86720000,35670000,NA,47457000
"Q03701","CEBPZ",268965000,233126000,247372000,318807000,257564000,394080000,399320000,250573000,335560000,287777000,315033000,333728000,284970000,595650000,275598000,537290000,317791000,377667000
"Q04206","RELA",534110000,478040000,478080000,413760000,446150000,402990000,400950000,423250000,397480000,392410000,427430000,371310000,396520000,349790000,360100000,354100000,352187000,354700000
"Q04323","UBXN1",1442810000,1187240000,1354710000,1226880000,1337220000,1256070000,1261790000,1243650000,1233400000,1358760000,1401470000,1154070000,1328630000,1138210000,1042690000,1230950000,1006840000,1226060000
"Q04446","GBE1",7290100000,6984700000,6685600000,8869500000,7961500000,8504300000,8327100000,8336500000,8785700000,7852400000,7633200000,7334900000,6389100000,6566300000,6.515e+09,6500300000,7153900000,6805200000
"Q04721;P46531","NOTCH2",222946000,247880000,271052000,182352000,214425000,60559000,79851000,49264000,NA,NA,NA,NA,NA,NA,NA,NA,NA,NA
"Q04726","TLE3",32213000,15435000,31926000,33279000,52601000,NA,NA,14794000,NA,61132000,39962000,36367000,63349000,55660000,NA,29964000,15084000,NA
"Q04760","GLO1",3233600000,3275800000,3155560000,3470600000,3992800000,3204980000,3662800000,3905500000,3512100000,3623300000,3529500000,2788360000,3238320000,3078550000,3003110000,3457900000,3258600000,3398900000
"Q04828;P52895","AKR1C1;AKR1C2",1405350000,1499640000,1460630000,1384130000,1453610000,1386030000,2913010000,2893120000,2987710000,2971490000,3293940000,2876860000,2295470000,2187150000,2178300000,2104530000,2014600000,2091200000
"Q04837","SSBP1",1537420000,1685450000,1606410000,1552570000,1595550000,1532650000,1889360000,1923680000,1958780000,2249850000,2177480000,2336370000,2085730000,2355490000,2304950000,2152200000,2418170000,2043560000
"Q04917","YWHAH",4304200000,4238900000,4254100000,3348900000,3523200000,3425800000,3840700000,3572300000,3312400000,2846070000,3136490000,2815430000,2516850000,2500510000,2304420000,2379800000,2537460000,2497160000
"Q04941","PLP2",486160000,416290000,213800000,520130000,311320000,209690000,NA,700880000,813540000,270060000,NA,500880000,244810000,939140000,270300000,NA,646740000,NA
"Q05048","CSTF1",348100000,452900000,355170000,351750000,394590000,374570000,460350000,415080000,422430000,435270000,469020000,447580000,420630000,420810000,338480000,349927000,316767000,333627000
"Q05086","UBE3A",662480000,518490000,510080000,535100000,513350000,480170000,518180000,438090000,396800000,625320000,586700000,450560000,582110000,547720000,560460000,600640000,505020000,566670000
"Q05209","PTPN12",1598460000,1578440000,1516790000,1574500000,1799570000,1572290000,1336650000,1436420000,1256670000,1207130000,1134930000,1089400000,993080000,930810000,938170000,756470000,746980000,845020000
"Q05397","PTK2",451540000,393031000,437027000,347897000,486580000,192335000,400110000,332204000,447685000,345480000,261157000,205038000,376307000,365120000,263129000,432375000,357477000,324239000
"Q05519","SRSF11",1021730000,936940000,945940000,831800000,845080000,832560000,930250000,1066410000,905590000,962810000,876040000,733210000,779480000,712720000,695170000,580250000,610270000,674090000
"Q05639","EEF1A2",742180000,660530000,930220000,469680000,384960000,419240000,524440000,555240000,815380000,269810000,535380000,523560000,355260000,622940000,737900000,767580000,852370000,650130000
"Q05682","CALD1",16778100000,16118900000,1.7343e+10,15902800000,17319800000,16626600000,15663600000,15475200000,14057600000,14405400000,14444700000,12565800000,14321800000,13113300000,12419400000,14783800000,15296400000,15681800000
"Q05932","FPGS",NA,NA,NA,24682000,19541000,23462000,NA,NA,NA,NA,NA,25616000,20410000,57947000,81151000,NA,NA,NA
"Q06124","PTPN11",834950000,898690000,869090000,1022520000,914600000,959140000,1051610000,939210000,1013650000,949700000,977380000,1008250000,1049980000,941860000,996600000,1108400000,1125480000,1039760000
"Q06190","PPP2R3A",124075000,92146000,NA,NA,NA,NA,NA,52210000,NA,NA,NA,NA,154990000,NA,53372000,106850000,NA,NA
"Q06203","PPAT",183485000,110441000,208240000,192757000,167202000,137537000,140694000,115924000,75029000,106872000,NA,53791000,96205000,NA,NA,42550000,NA,118969000
"Q06210","GFPT1",5399800000,5351900000,5264700000,5211400000,5168300000,5126200000,3.128e+09,3139210000,3535800000,3169700000,3199360000,3334500000,3818800000,3873700000,4.261e+09,4445100000,4534300000,4283300000
"Q06265","EXOSC9",139868000,158338000,145554000,147980000,135785000,151668000,83563000,121451000,112067000,108009000,111864000,117506000,74357000,97314000,61957000,31681000,NA,97545000
"Q06323","PSME1",3573800000,3472700000,3721700000,4843900000,4791900000,4814100000,5611300000,6131200000,5746100000,7052400000,6586800000,6447600000,6847400000,6804500000,7004900000,6750700000,6538500000,6381600000
"Q06330","RBPJ",83702000,NA,126628000,123405000,37344000,113556000,30341000,NA,97990000,28606000,67333000,NA,22936000,27532000,NA,NA,17851000,NA
"Q06546","GABPA",243827000,268917000,270356000,232784000,226867000,204522000,295574000,264312000,248068000,230146000,197789000,207600000,167422000,99553000,93739000,160778000,108089000,150554000
"Q06587","RING1",127996000,131001000,150719000,131691000,115739000,132522000,139603000,149291000,135723000,129849000,142871000,140146000,108452000,66322000,87631000,49073000,93788000,64987000
"Q06787","FMR1",257947000,304289000,307038000,326217000,245045000,259193000,276605000,357878000,370290000,270341000,262828000,302503000,219478000,241030000,241004000,214921000,247526000,221401000
"Q06830","PRDX1",24109200000,20953400000,22518300000,20632100000,22916500000,22314900000,25983900000,26279100000,23622700000,26116200000,25626100000,23609300000,3.1129e+10,3.0566e+10,27062200000,3.3498e+10,3.3101e+10,3.4746e+10
"Q07020","RPL18",14052400000,13668500000,12649100000,13812800000,15621500000,12227100000,11820300000,1.2687e+10,10589500000,13792500000,12914800000,10621300000,13013500000,10370400000,10559100000,9927200000,9.329e+09,11585800000
"Q07021","C1QBP",1708650000,1758710000,2068550000,1884520000,1810980000,1880710000,2301950000,2525920000,2163640000,2628160000,2574350000,2163680000,2285740000,2088280000,2332260000,2566390000,2080090000,2161770000
"Q07065","CKAP4",2.2836e+10,22892300000,23853200000,2.3964e+10,24408200000,2.3138e+10,21517300000,21523400000,20013700000,19226300000,18766300000,17983300000,17007100000,16228500000,16463300000,15746400000,14901600000,15831200000
"Q07157","TJP1",3631800000,3411900000,3387100000,3397100000,3682400000,3441800000,2427140000,2677650000,2362520000,2347210000,2278100000,2018810000,2484770000,2174220000,2043270000,2312280000,2148790000,2485240000
"Q07352","ZFP36L1",437350000,428310000,461630000,499910000,378950000,437280000,304768000,334620000,302913000,210223000,223088000,228829000,274211000,219147000,202015000,173772000,245221000,210525000
"Q07666;Q5VWX1","KHDRBS1",2427110000,2779260000,2601230000,2987450000,2742720000,2421760000,2863970000,2988100000,3184740000,2636960000,2625290000,2145850000,2721230000,2794810000,2467610000,2199220000,2283200000,2270150000
"Q07812","BAX",1459850000,1346150000,1352840000,1260960000,1408940000,1267900000,1531270000,1622020000,1429190000,1433910000,1321390000,1030260000,1170600000,943020000,927230000,972040000,947190000,1088940000
"Q07817","BCL2L1",180793000,195964000,181878000,149389000,205323000,165249000,114338000,37941000,67013000,114101000,101164000,31229000,55087000,53508000,50527000,46080000,23055000,75737000
"Q07866","KLC1",4031900000,3771700000,3752100000,3343500000,4165300000,3310900000,3147170000,3373300000,2949730000,4177700000,4200600000,3446100000,5898200000,5125200000,5040500000,5909200000,5755600000,6474200000
"Q07954","LRP1",11245300000,11044700000,10994700000,12727400000,13486600000,12963500000,13520400000,13028600000,12586400000,9.131e+09,8839500000,8039200000,6456200000,5816500000,6025200000,6375600000,6317100000,6742400000
"Q07955","SRSF1",4443500000,5204500000,5475800000,5.503e+09,5159800000,5316700000,6828500000,7256300000,6364900000,6463800000,6196200000,5983700000,5689600000,5177600000,5144400000,5299300000,4846500000,5032100000
"Q07960","ARHGAP1",5.026e+09,5219700000,4850300000,5046600000,5259600000,5100100000,3417300000,3389600000,3436600000,3143800000,3202300000,3464400000,3182350000,3273900000,3347100000,3598700000,3.668e+09,3476500000
"Q08117","AES",92189000,108271000,99342000,105159000,113336000,89064000,69766000,58202000,87594000,110354000,92056000,51841000,72492000,NA,24409000,56130000,20941000,23026000
"Q08170","SRSF4",105282000,36336000,56734000,109796000,81805000,89375000,68452000,44674000,143245000,NA,100470000,126698000,103718000,111118000,123269000,79642000,87162000,81401000
"Q08209","PPP3CA",710430000,813530000,803820000,246206000,419427000,353180000,419550000,356830000,351331000,244369100,415621000,352960000,344476000,430870000,318645000,630166000,481110000,493900000
"Q08211","DHX9",11459600000,10988600000,10135900000,11979900000,12584600000,10913200000,12226900000,12047100000,12799600000,12831600000,12844100000,11772900000,1.2193e+10,11457600000,11710300000,11108300000,10928300000,11271300000
"Q08257","CRYZ",965890000,1039880000,1062640000,1222450000,951910000,1139530000,1286300000,1093670000,1389500000,1119160000,1232990000,1392500000,1043700000,1304330000,1264140000,1083200000,1278510000,1122720000
"Q08378","GOLGA3",1616050000,1437940000,1484650000,1470800000,1612900000,1427620000,1425940000,1326960000,1298180000,1528580000,1443620000,1377980000,1870190000,1719290000,1634140000,1930850000,1843650000,2054420000
"Q08379","GOLGA2",582890000,581440000,601440000,517720000,661630000,499180000,396680000,458760000,387400000,564200000,574930000,531880000,724540000,637980000,678880000,812290000,754130000,843720000
"Q08380","LGALS3BP",259917000,219324000,245654000,283446000,301679000,214982000,433730000,405920000,399910000,450920000,439840000,320900000,358783000,286081000,226544000,284096000,241797000,262972000
"Q08431","MFGE8",63157000,27805000,112506000,141410000,113053000,89969000,92455000,89866000,90715000,136200000,34817000,125509000,217876000,162222000,226131000,306075000,296716000,332380000
"Q08623","HDHD1",NA,NA,NA,33389000,24984000,NA,35667000,NA,35378000,NA,NA,NA,40170000,NA,56422000,NA,70411000,32717000
"Q08752","PPID",549560000,509430000,512430000,473900000,527730000,452550000,482560000,500010000,456820000,495520000,518020000,490760000,485530000,472590000,431780000,449550000,541760000,499320000
"Q08945","SSRP1",2620600000,2607790000,2673510000,2337220000,2574200000,2225920000,2840760000,2612740000,2646120000,2500540000,2406070000,2241140000,1957080000,1847930000,1807920000,1.264e+09,1205020000,1355150000
"Q08AD1","CAMSAP2",46533200,81598000,87055000,30720400,26692400,45109000,34687000,45504000,43035000,16668000,25742300,36417100,25105000,34043600,27481800,18716400,37189000,25529800
"Q08AF3;Q68D06;Q7Z7L1","SLFN5",219077000,213626000,207114000,381770000,262302000,277046000,270744000,286762000,318890000,233235000,263189000,277566000,239242000,345460000,333273000,316236000,396200000,298460000
"Q08AM6","VAC14",41320000,72722000,56589000,153680000,110370000,82673000,173561000,180829000,215267000,116801000,108084000,151247000,108514000,86313000,127858000,177550000,156792000,128003000
"Q08J23","NSUN2",1056620000,1063390000,1147770000,1065440000,1015970000,1085880000,1017730000,901810000,1025200000,945760000,884130000,1090850000,860900000,1009330000,997280000,816590000,846530000,754350000
"Q09028","RBBP4",3174720000,2906410000,2832930000,3079910000,3.574e+09,3134400000,3102930000,2921270000,3029690000,2893830000,2875260000,2762190000,2713600000,2508370000,2405370000,1913910000,1888410000,1978940000
"Q09161","NCBP1",1801880000,1691860000,1587040000,1747590000,1765110000,1640510000,1759320000,1745220000,1800520000,1773890000,1733870000,1754850000,1386080000,1465130000,1463360000,1172570000,1223210000,1216800000
"Q09666","AHNAK",2.33421e+11,2.1749e+11,2.19524e+11,2.16297e+11,2.322e+11,1.94774e+11,2.21221e+11,2.20679e+11,2.07479e+11,1.99142e+11,1.91061e+11,1.66992e+11,1.4441e+11,1.30695e+11,1.24262e+11,1.06144e+11,1.01026e+11,1.12772e+11
"Q0D2I5","IFFO1",NA,NA,NA,NA,NA,NA,29693000,NA,NA,40548000,96207000,95009000,180901000,163888000,242547000,89904000,45246000,102133000
"Q0VAK6","LMOD3",NA,NA,38470000,NA,NA,NA,152344000,108360000,47647000,375070000,360594000,304072000,423540000,437310000,385240000,367050000,283911000,278928000
"Q0VDF9","HSPA14",270938000,266874000,259216000,207128000,225993000,246752000,270415000,248996000,220124000,233585000,2.48e+08,229595000,271276000,264855000,259064000,248790000,238804000,247381000
"Q0VDG4","SCRN3",146154000,132552000,142260000,153672000,122770000,161506000,163899000,152113000,191061000,170057000,178660000,202184000,167871000,222017000,251904000,215106000,243299000,191639000
"Q0ZGT2","NEXN",4913400000,5073400000,5155200000,5432100000,5461700000,5431500000,6053600000,5.934e+09,5574200000,6.645e+09,6549400000,6037900000,9067400000,8490600000,8.114e+09,9903600000,10121800000,10709200000
"Q10469","MGAT2",74333000,68985000,68464000,92847000,77965000,55045000,49734000,38884000,53270000,71454000,64183000,40862000,93647000,20762000,50877000,111378000,22658000,81703000
"Q10471","GALNT2",888840000,977660000,902750000,953390000,892840000,1007220000,819030000,768240000,769800000,776200000,773370000,827880000,905290000,1076360000,1114880000,1053510000,1260990000,1116830000
"Q10472","GALNT1",180798000,162996000,173176000,176155000,188348000,173251000,36746000,84405000,70377000,64273000,116274000,43919000,39077000,NA,28897000,NA,31089000,51645000
"Q10567","AP1B1",1433200000,1573390000,1589820000,1475450000,1518120000,1364080000,1452310000,1268690000,1441210000,1315470000,1333330000,1290050000,1160460000,1232850000,1257190000,1010990000,1091810000,1081210000
"Q10570","CPSF1",231122000,259327000,244668000,206440000,243576000,184910000,256051000,225928000,220060000,249210000,218290000,198952000,193906000,179853000,162635000,168685000,150727000,205027000
"Q10713","PMPCA",872140000,817250000,873940000,907500000,843560000,771090000,1091870000,942290000,1028180000,1068990000,1.062e+09,905860000,889290000,954480000,889500000,966890000,768980000,989830000
"Q12765","SCRN1",3026910000,2992420000,2945990000,2726590000,3409200000,3076760000,3145900000,3411600000,2.922e+09,3393700000,3274400000,3228700000,3139500000,2796780000,2982930000,2676730000,2858960000,2821980000
"Q12768","KIAA0196",531510000,511880000,508780000,527280000,567680000,593560000,603860000,552360000,646470000,586950000,563450000,719830000,582440000,591350000,612320000,561340000,563790000,524110000
"Q12769","NUP160",514270000,444010000,360550000,439250000,398340000,456400000,585450000,557790000,566460000,548020000,603960000,584240000,475670000,441880000,468160000,439600000,351638000,376470000
"Q12788","TBL3",241472000,250761000,292719000,262010000,219856000,269537000,275268000,230824000,248963000,206593000,245293000,253849000,253317000,226527000,299559000,159953000,200141000,213877000
"Q12789","GTF3C1",101805000,149633000,166694000,94228000,44871000,162690000,176215000,155230000,192498000,60539000,186801000,159057000,90078000,114215000,136477000,85249000,80912000,138688000
"Q12792","TWF1",3037030000,3017280000,3139800000,2860790000,2671260000,2779540000,2421720000,2287560000,2560400000,1973470000,1892570000,2035090000,1446990000,1601650000,1612400000,1178370000,1142270000,1157250000
"Q12797","ASPH",2659290000,2394270000,2686600000,2220430000,2576410000,2344040000,2402280000,2270220000,2196390000,1848980000,1882620000,1736050000,1656620000,1533090000,1659850000,1464880000,1357230000,1483810000
"Q12800","TFCP2",391650000,405950000,358530000,402110000,414020000,421840000,475880000,452830000,468710000,691640000,750740000,754690000,850130000,802320000,954360000,741980000,672440000,677880000
"Q12802","AKAP13",270760000,258584000,214071000,176557000,211319000,259987000,230972000,265801000,267014000,278121000,309572000,257705000,310827000,308980000,279079000,299273000,288469000,321344000
"Q12840","KIF5A",NA,NA,146190000,NA,139600000,NA,95880000,NA,NA,283170000,NA,NA,NA,NA,NA,NA,178830000,3.32e+08
"Q12841","FSTL1",141986000,210008000,254859000,244395000,NA,245024000,213299000,214689000,104967000,209591000,169114000,35029000,89052000,NA,49665000,192397000,38315000,175807000
"Q12846","STX4",391670000,390220000,345700000,397310000,412540000,395360000,544560000,420260000,479450000,449990000,502650000,438200000,426020000,432930000,411990000,364010000,373400000,354990000
"Q12849","GRSF1",1149600000,1121570000,1162540000,1101920000,1165770000,1100660000,771120000,778530000,787120000,1010580000,969870000,1028350000,1129080000,1083740000,1181610000,940130000,919200000,949110000
"Q12873","CHD3",44211000,45645000,36197000,57575000,87442000,72465000,101618000,143954000,106641000,127096000,122120000,90488000,93501000,93056000,82240000,41182000,48812000,78555000
"Q12874","SF3A3",1898780000,2020020000,2014540000,1942580000,1871970000,1950530000,2114770000,2011580000,1977630000,1947060000,1775510000,1804620000,1695190000,1673310000,1728680000,1449980000,1440320000,1272250000
"Q12884","FAP",37728000,29758000,74551000,28480000,34932000,63150000,124648000,122337000,85509000,54210000,92255000,32462000,64468000,100062000,NA,65827000,65661000,35207000
"Q12888","TP53BP1",1750490000,1665350000,1684540000,1781660000,1782350000,1641040000,2628940000,2685130000,2548440000,2897520000,2772810000,2402730000,2915690000,2752510000,2565240000,2673660000,2700500000,3038460000
"Q12899","TRIM26",100399000,92757000,65136000,103838000,97809000,57129000,125589000,88175000,95425000,93893000,77843000,53034000,50985000,28167000,44985000,22562000,46284000,71025000
"Q12904","AIMP1",3621400000,3289700000,3246900000,3309700000,3536700000,3286300000,3409100000,3330400000,3223100000,3631100000,3559500000,3330800000,3636900000,3376600000,3606700000,3573900000,3524300000,3549800000
"Q12905","ILF2",6298400000,6205200000,6192500000,6682700000,6100900000,6433200000,6745200000,6490300000,7664300000,6750300000,6630100000,7005600000,5905700000,6227900000,6614500000,5195100000,5525400000,5178700000
"Q12906","ILF3",13402200000,13076600000,13617200000,14591900000,13542500000,13459700000,17504400000,17003700000,1.8076e+10,16918400000,16705600000,14505500000,14255800000,15090100000,14276100000,1.2875e+10,12827400000,13062300000
"Q12907","LMAN2",2341370000,2440090000,2298400000,2818610000,2630150000,2744200000,2746900000,2681130000,2947520000,2697870000,2587570000,2632910000,2847790000,2796020000,2854700000,2728590000,2.772e+09,2737100000
"Q12926;P26378;Q14576","ELAVL2;ELAVL4",219578000,189083000,162462000,233952000,275470000,233963000,369490000,401720000,400780000,632830000,675990000,546010000,1.042e+09,985890000,949190000,1015560000,930730000,995550000
"Q12929","EPS8",3780500000,3573700000,3412400000,3.38e+09,4009500000,3315100000,2655240000,2572350000,2551210000,1997790000,2003320000,1796100000,1493280000,1374840000,1474390000,1328530000,1313570000,1377230000
"Q12931","TRAP1",1212140000,1179420000,1297830000,1156730000,1228500000,1206080000,1121010000,1103080000,1179450000,1230500000,1253410000,1225920000,1373060000,1335660000,1411230000,1508770000,1392010000,1420940000
"Q12955","ANK3",129380000,109188000,102919000,76336000,102066000,102862000,148082000,163268000,131229000,120547000,119427000,114977000,134271000,150103000,118299000,177811000,97723000,131251000
"Q12959","DLG1",469580000,519240000,537660000,544520000,524870000,501890000,549840000,528720000,530200000,453690000,508850000,563230000,509570000,441320000,538330000,484550000,485230000,421310000
"Q12962","TAF10",150489000,97046000,49903000,42083000,147849000,NA,36352000,40178000,NA,NA,NA,NA,75650000,NA,NA,NA,NA,NA
"Q12965;O00160","MYO1E",538450000,493800000,479750000,517150000,539250000,509390000,287434000,321540000,330852000,301887000,307857000,331710000,258928000,286842000,330360000,360990000,322258000,358710000
"Q12972","PPP1R8",592850000,583350000,570070000,477460000,558070000,443780000,6.24e+08,623860000,617150000,621720000,599820000,480320000,476930000,383713000,485870000,429980000,375170000,399080000
"Q12974;Q93096","PTP4A2",424520000,365290000,353260000,349670000,421770000,327260000,302302000,320970000,312066000,323278000,299040000,299584000,290524000,260727000,222089000,262132000,216383000,231137000
"Q12979","ABR",432310000,374830000,417390000,377170000,412790000,350200000,359600000,374250000,354600000,361200000,357050000,331110000,398150000,358270000,371530000,393420000,352580000,328450000
"Q12982;Q86WG3","BNIP2;ATCAY",NA,NA,NA,108347000,35423000,85740000,NA,41525000,113784000,245511000,215322000,238913000,255899000,318243000,296907000,258040000,305377000,231319000
"Q12988","HSPB3",56711000,35975000,NA,86327000,80659000,121027000,186797000,62054000,174862000,446960000,403260000,332742000,639770000,503260000,525740000,811560000,625900000,690920000
"Q12996","CSTF3",111104000,144153000,86718000,112661000,164758000,140401000,167244000,123300000,60472000,160036000,135867000,139783000,55079000,133168000,133710000,79209000,131283000,138315000
"Q13011","ECH1",1124050000,964820000,983860000,1187730000,1177500000,1055010000,1829480000,1777590000,1725160000,2301780000,2303120000,1957710000,2247180000,2020980000,2135330000,2117910000,2060580000,2173190000
"Q13015","MLLT11",90401000,95389000,46996000,109112000,82556000,148264000,25531000,NA,51585000,25699000,15807000,180018000,74212000,136521000,147454000,116047000,179194000,236091000
"Q13023","AKAP6",NA,NA,NA,NA,NA,NA,NA,NA,NA,8619600,35845000,29027000,NA,40740000,59778000,16168000,63580000,46239000
"Q13033","STRN3",567200000,624150000,592940000,592400000,496070000,597890000,727510000,758440000,788010000,1243350000,1154660000,953600000,1346810000,1165250000,1123950000,1166850000,1143200000,1254960000
"Q13042","CDC16",64530000,47599000,84670000,53856000,55999000,89411000,41288000,19238000,39518000,45359000,22059000,NA,22910000,47586000,52338000,NA,52094000,18838000
"Q13045","FLII",3362100000,3233600000,3152660000,3162400000,3394100000,3141590000,2313450000,2370770000,2360930000,2506860000,2469460000,2461520000,2810770000,2507570000,2600590000,2818300000,2699990000,3034070000
"Q13049","TRIM32",291464000,244048000,318623000,240556000,280974000,227603000,124709000,156642000,147268000,139054000,143765000,41256000,155344000,109283000,170224000,132229000,NA,135491000
"Q13057","COASY",680890000,670380000,688100000,789070000,794760000,752340000,816390000,816700000,866910000,878060000,860190000,861960000,917840000,874270000,715660000,813340000,811490000,877330000
"Q13084","MRPL28",231356000,219819000,176584000,173072000,217689000,160461000,299389000,283935000,233624000,276579000,254790000,201694000,262938000,221372000,193272000,202685000,214755000,312144000
"Q13085","ACACA",348780000,400830000,413070000,307479000,345540000,300868000,255056000,246985000,241238000,278137000,245169000,257660000,401420000,376650000,322663000,423060000,414890000,427810000
"Q13098","GPS1",1297110000,1152300000,1217730000,1273880000,1164570000,1215490000,1189440000,1285190000,1278160000,1266120000,1371740000,1308030000,1342850000,1352730000,1377520000,1376800000,1309080000,1302860000
"Q13107","USP4",NA,68644000,52470000,15795000,51989000,49289000,26531000,NA,NA,109417000,NA,77443000,32991000,18995000,20013000,NA,NA,NA
"Q13123","IK",328563000,347760000,334680000,337560000,316822000,336140000,396470000,349790000,379910000,327300000,353990000,324890000,325635000,368775000,314134000,321550000,266182000,266179000
"Q13126","MTAP",2030110000,1960480000,1922020000,1852010000,2018780000,1772590000,1953950000,1939140000,1950650000,2081280000,2033090000,1821750000,1853510000,1729770000,1724300000,1830480000,1813210000,1832470000
"Q13131","PRKAA1",604140000,584440000,572670000,636120000,639520000,666800000,633140000,579410000,6.09e+08,663580000,666760000,691220000,720470000,730070000,733260000,704940000,713360000,683500000
"Q13136;O75145","PPFIA1",111485000,203188000,174328000,187242000,187971000,182349000,179771000,179128000,121325000,170918000,159769000,196646000,169306000,110970000,126657000,152310000,152127000,68258000
"Q13144","EIF2B5",289318000,319435000,306030000,298738000,330463000,317438000,326335000,321869000,299491000,340210000,354220000,317232000,343700000,301066000,373650000,342820000,363610000,372200000
"Q13148","TARDBP",836010000,832390000,719490000,1033760000,948800000,1096940000,1198200000,1047470000,1250410000,1023450000,1051630000,1199930000,812970000,1077210000,1151550000,850480000,965380000,848350000
"Q13151","HNRNPA0",6.971e+09,8023800000,8047200000,6557100000,6224800000,7.245e+09,7486300000,7789700000,7446500000,7806200000,7676400000,8091700000,6773700000,6791900000,6973100000,6023400000,5943400000,5483200000
"Q13153","PAK1",98927000,75904000,73986000,132178000,104701000,40695000,153096000,166619000,133824000,141253000,136743000,NA,178130000,119867000,44804000,83018000,52304000,133434000
"Q13155","AIMP2",2109510000,2000190000,2306820000,2032460000,2081810000,1821090000,1815730000,2198080000,2039370000,1975290000,1982770000,1719800000,2260430000,2045970000,1856480000,1923680000,2029870000,2159500000
"Q13158","FADD",105594000,60317000,92076000,44436000,56272000,47747000,42951000,16282000,20567000,48720000,NA,20290000,NA,NA,17845000,NA,NA,NA
"Q13162","PRDX4",3987700000,3899700000,4.262e+09,4312300000,4483300000,4133100000,3878300000,4193400000,4054400000,3941700000,3968100000,3636100000,3705600000,3690700000,3678200000,3.688e+09,3493200000,3679800000
"Q13177","PAK2",3364500000,3274300000,3168690000,3085940000,3.583e+09,3177800000,2795500000,3095710000,2718530000,2869960000,2718730000,2759180000,2817990000,2443380000,2528790000,2340760000,2358270000,2323580000
"Q13185","CBX3",3076590000,3469500000,3.609e+09,3856600000,3951200000,3892300000,3669100000,4086600000,3629200000,3416500000,3331800000,3211200000,2724270000,2994680000,3180470000,2728840000,2351590000,2523090000
"Q13188","STK3",48058000,36935000,128134000,112771000,65549000,137617000,102167000,111810000,137809000,149987000,167742000,199240000,214319000,221678000,243650000,196436000,189273000,168447000
"Q13190","STX5",420410000,380190000,363890000,388960000,414550000,364762000,322854000,357460000,341070000,359330000,341089000,431730000,389370000,306672000,395560000,387950000,371890000,369080000
"Q13191","CBLB",15260200,14198600,8713200,16945000,16448400,9944700,22158100,18057000,19047400,8431400,16137700,6913900,7989900,11111000,6052000,11299300,8140700,4838600
"Q13200","PSMD2",13887500000,1.2812e+10,1.2741e+10,13345200000,13838100000,12880700000,11622600000,11744200000,12088700000,12317500000,12316300000,10993200000,12956600000,12569600000,12030900000,12433500000,12317100000,12992700000
"Q13203","MYBPH",488930000,324390000,419522000,435860000,470160000,462120000,1085790000,1279440000,1.281e+09,5242600000,4901400000,4838300000,8216100000,7624700000,8052600000,6983300000,6.149e+09,7113200000
"Q13206","DDX10",14875000,64975000,44581000,36882000,30696000,NA,NA,11930000,33128000,NA,NA,42001000,NA,NA,NA,7410700,NA,NA
"Q13217","DNAJC3",487200000,605690000,553860000,625750000,612550000,605010000,660960000,578170000,600930000,585610000,539730000,546160000,663580000,699270000,679420000,683990000,696490000,670990000
"Q13228","SELENBP1",36438000,115597000,83885000,129360000,138553000,86593000,223763000,233300000,227578000,284226000,268433000,276660000,221799000,205470000,213973000,190497000,162927000,172848000
"Q13232","NME3",126075000,105670000,104864000,144053000,136948000,133935000,196300000,160326000,190002000,243895000,265466000,212568000,226158000,242773000,236210000,2.21e+08,253800000,125018000
"Q13242","SRSF9",1247690000,1342290000,1481630000,1210310000,1085590000,1046500000,1146720000,1097820000,968600000,874450000,892490000,724700000,641300000,672120000,490480000,487770000,499460000,525050000
"Q13243","SRSF5",509400000,534330000,578630000,494340000,417250000,511850000,560430000,542890000,644780000,523040000,590920000,596780000,394860000,480920000,497780000,426180000,380930000,369080000
"Q13247","SRSF6",1698970000,1845260000,1861950000,1381080000,1748420000,1481410000,1610080000,1.704e+09,1491980000,1465720000,1592360000,1473850000,1449120000,1159230000,1162490000,1392550000,1023570000,1187520000
"Q13257","MAD2L1",315223000,295324000,244135000,187980000,256490000,209323000,125193000,147940000,125945000,61264000,25285000,30245000,NA,NA,28074000,NA,NA,NA
"Q13263","TRIM28",10027400000,9017300000,9254500000,8819900000,9821800000,8278300000,10401300000,10989900000,10543800000,10455400000,9940900000,8782100000,8657900000,8171100000,7695500000,6930700000,6382600000,6875200000
"Q13283","G3BP1",4004100000,3.716e+09,3876400000,3090800000,3469900000,2991290000,2345820000,2391420000,2441470000,2505420000,2451420000,2384220000,2190720000,2110900000,2226890000,1912050000,1753190000,2255950000
"Q13308","PTK7",291498000,242045000,149061000,439780000,506100000,446980000,613020000,702530000,586720000,699210000,606820000,620560000,715850000,619440000,743230000,850100000,999530000,1115440000
"Q13309","SKP2",18938000,55862000,58373000,57371000,NA,39029000,NA,NA,15728000,NA,NA,NA,NA,NA,NA,NA,NA,NA
"Q13310;P0CB38","PABPC4",2763860000,2956930000,2847010000,2984220000,2980250000,2842280000,2296950000,2228180000,2276770000,2502710000,2606240000,2255660000,2848170000,2413010000,2614580000,2553230000,2547900000,2442080000
"Q13325","IFIT5",320251000,449200000,443270000,499060000,514500000,534310000,442490000,458970000,477310000,370410000,346033000,479010000,322660000,341080000,316564000,342740000,317040000,295248000
"Q13326","SGCG",NA,NA,NA,NA,NA,NA,NA,NA,NA,NA,NA,20335000,259221000,232677000,260920000,477730000,483170000,501720000
"Q13330;Q9BTC8","MTA1",341010000,314749000,307483000,359320000,327572000,338500000,352190000,326550000,356010000,381060000,413180000,381490000,336211000,348440000,315435000,226107000,261832000,238147000
"Q13347","EIF3I",2897580000,2629940000,2754510000,2492220000,2733880000,2776640000,2267860000,2293570000,2353280000,2400360000,2409160000,2271970000,2480560000,2209310000,2348930000,2147750000,2198710000,2358060000
"Q13356","PPIL2",NA,NA,28758000,NA,NA,NA,NA,NA,32525000,NA,31240000,30582000,NA,28528000,26081000,25547000,25245000,NA
"Q13363","CTBP1",1356110000,1406130000,1413730000,1381670000,1312420000,1545560000,1710430000,1785360000,1661630000,1781870000,1721730000,1820610000,1571390000,1829720000,1693230000,1525810000,1590660000,1603430000
"Q13404","UBE2V1",1030640000,1012530000,1079250000,970290000,994070000,946920000,1025900000,991110000,1001680000,976180000,992030000,994040000,995180000,944660000,944470000,967890000,946320000,876230000
"Q13405","MRPL49",301590000,332180000,364900000,266393000,298990000,274264000,345700000,357560000,313652000,362110000,356730000,337370000,348680000,321920000,314450000,336170000,294864000,326376000
"Q13409","DYNC1I2",2493270000,2786440000,2900080000,2899100000,2693950000,2791010000,2840810000,2444290000,2830530000,2307710000,2529470000,2905010000,2325980000,2482210000,2492500000,2600550000,2681860000,2354230000
"Q13418","ILK",4839500000,4883900000,4657400000,4397100000,4897900000,4211800000,4402300000,4.431e+09,4408500000,4037600000,3846300000,3773300000,4009900000,3630200000,3749300000,4255300000,4162500000,4329300000
"Q13423","NNT",1794390000,1845870000,1810950000,1903960000,1981400000,1868180000,2855080000,2737070000,2728950000,3206800000,3069040000,2814730000,3129100000,2874510000,2997160000,3212060000,3134420000,3384200000
"Q13425","SNTB2",179055000,183302000,180230000,189509000,172573000,208414000,194327000,160528000,168432000,146883000,159793000,152880000,119443000,124252000,122374000,119459000,106036000,113806000
"Q13426","XRCC4",123385000,192111000,183734000,158625000,135620000,142571000,201338000,188195000,176586000,141960000,181885000,159883000,165212000,161841000,182636000,191760000,191782000,205164000
"Q13427","PPIG",214693000,195309000,191071000,175976000,141140000,194613000,243035000,266963000,218663000,273316000,222487000,226089000,155128000,231591000,196815000,186213000,213278000,173624000
"Q13428","TCOF1",457380000,415840000,436660000,354690000,413400000,366534000,518240000,584020000,483340000,536580000,542820000,446310000,484100000,521890000,509070000,358030000,382039000,437930000
"Q13435","SF3B2",3948700000,3516200000,3427700000,3312400000,3578800000,3035020000,3713500000,3736800000,3338900000,3607100000,3506400000,2946360000,3160120000,2824600000,2780720000,2520330000,2292840000,2557040000
"Q13439","GOLGA4",472540000,473850000,442630000,463880000,5.38e+08,443790000,515730000,413500000,409590000,493720000,517100000,463260000,589990000,511460000,486720000,545970000,504160000,589380000
"Q13442","PDAP1",1942640000,1918470000,2082470000,2241640000,2186920000,2045580000,2326520000,2313590000,2111640000,2103010000,2059560000,1916960000,2106140000,2138920000,2097030000,2239630000,2232070000,2184570000
"Q13443","ADAM9",282514000,309491000,291862000,223838000,138225000,292700000,176836000,180044000,105406000,NA,59703000,33834000,NA,81055000,62440000,NA,NA,NA
"Q13445","TMED1",90417000,46925000,103603000,80928000,75315000,40837000,94154000,74326000,67448000,106948000,111761000,NA,130192000,113838000,94909000,94012000,118278000,87151000
"Q13451","FKBP5",5.346e+09,4419400000,4363900000,6328300000,7036900000,5.675e+09,5684200000,5897700000,5727900000,4597400000,4319100000,3849500000,3278900000,3098400000,2757090000,2567640000,2129660000,2459930000
"Q13459","MYO9B",119866000,141701000,192196000,174126000,161138000,134251000,275532000,207154000,179600000,133141000,166387000,134867000,133580000,79211000,106399000,81290000,79505000,147230000
"Q13464","ROCK1",628950000,663310000,667670000,524770000,481570000,564910000,588190000,646200000,667850000,526710000,616640000,511920000,478520000,361710000,314640000,396170000,425020000,471960000
"Q13485;Q12772","SMAD4",218308000,NA,57558000,93947000,NA,NA,NA,NA,61474000,90720000,NA,282838000,92773000,122470000,92761000,323670000,114740000,100960000
"Q13488","TCIRG1",144262000,141653000,124426000,115607000,133713000,56039000,112655000,116152000,112530000,105510000,105480000,43887000,59828000,84715000,62840000,28467000,23579000,23226000
"Q13492;O60641","PICALM",2296340000,2454160000,2395070000,2258390000,2377970000,2255090000,1595730000,1514110000,1548010000,1344220000,1465260000,1361770000,1261110000,1167800000,1119770000,1.107e+09,1053060000,1214110000
"Q13501","SQSTM1",1271010000,1285130000,1289500000,1029720000,1114240000,1070790000,1440070000,1505770000,1310770000,1201700000,1172430000,1083150000,1155020000,1091630000,1041250000,1138120000,1016160000,1172990000
"Q13505","MTX1",184442000,147583000,155115000,104895000,83994000,148884000,141683000,149174000,167199000,84928000,153753000,156571000,NA,74924000,44725000,NA,32632000,NA
"Q13509","TUBB3",783450000,639400000,661610000,930340000,1020110000,1404920000,772010000,818400000,903410000,851940000,715370000,1046100000,619840000,867560000,1343770000,634300000,846010000,696620000
"Q13510","ASAH1",444220000,683480000,576120000,774570000,637290000,797550000,1567300000,1627560000,1619060000,2549310000,2560380000,2689280000,3385300000,3601300000,3761100000,4211900000,4378500000,4134200000
"Q13523","PRPF4B",764130000,619200000,634170000,636960000,633590000,644240000,855820000,659560000,736400000,622080000,759430000,578320000,626510000,629610000,693810000,660160000,615490000,601640000
"Q13526;O15428","PIN1",880580000,784210000,819490000,838470000,1069110000,881280000,800640000,888780000,855620000,1057820000,925840000,918580000,1059620000,986360000,947390000,1139980000,1177010000,1103950000
"Q13555","CAMK2G",131973000,157762000,165484000,176080000,164432000,185479000,124412000,240440000,161463000,223937000,186478000,224128000,297781000,330300000,348100000,426340000,468430000,438150000
"Q13557","CAMK2D",2887840000,2727610000,2816360000,3289100000,3338600000,3076580000,3911500000,3608600000,3752900000,4236700000,4138500000,3836900000,5163400000,5031100000,5001300000,6037700000,5899100000,5947200000
"Q13561","DCTN2",9277500000,8600400000,8960900000,7808500000,7803300000,7567600000,7292200000,7320900000,6888400000,7295100000,7169800000,6.367e+09,7498700000,6.86e+09,6717400000,7.699e+09,7524500000,7745300000
"Q13563","PKD2",101319000,72501000,142562000,76793000,84458000,76079000,104183000,81405000,34974000,NA,24221000,58625000,42486000,NA,NA,37917000,NA,NA
"Q13564","NAE1",937470000,1080500000,834110000,987490000,1004790000,997690000,1108930000,1173470000,1177760000,1087240000,1074570000,1181410000,978010000,1032770000,1186760000,870970000,948010000,966360000
"Q13573","SNW1",856770000,841560000,884920000,740290000,789090000,744480000,1057180000,965300000,930630000,944130000,923780000,785860000,812920000,730920000,723230000,640970000,671190000,732720000
"Q13574","DGKZ",35335000,27485000,21962000,20907400,22856000,33659500,15828000,39976000,20526000,49447800,39517000,48461400,49381000,46560000,30801000,31450000,40608000,18651000
"Q13586","STIM1",170296000,119162000,81529000,150363000,121792000,121399000,209023000,199365000,195377000,227328000,211512000,209675000,311286000,315103000,290410000,366593000,304177000,433740000
"Q13595","TRA2A",396940000,450470000,399470000,394120000,450160000,399010000,530570000,471470000,528300000,460840000,472140000,430900000,359400000,362290000,383510000,346210000,384810000,336230000
"Q13596","SNX1",2126580000,1899880000,1967790000,1994960000,2319880000,2148230000,2092360000,2.354e+09,2124610000,2102320000,2107690000,1970960000,1830500000,1736640000,1804290000,1702850000,1684610000,1686980000
"Q13601","KRR1",279920000,209062000,210789000,176320000,234999000,203714000,82518000,237026000,126900000,229092000,168939000,92364000,232564000,170220000,178778000,151241000,73805000,78254000
"Q13610","PWP1",173598000,293740000,283829000,240683000,220588000,229296000,NA,NA,NA,76387000,NA,178353000,NA,109051000,176657000,NA,50662000,NA
"Q13614","MTMR2",6615100,10879000,16683000,NA,NA,NA,13901100,9032500,10068000,NA,9223500,11234000,23115000,NA,NA,10992000,22386500,11670000
"Q13616","CUL1",728790000,732010000,593370000,585630000,743220000,642100000,761190000,666990000,666700000,790630000,745500000,617680000,656560000,550180000,548580000,592600000,610200000,609140000
"Q13617","CUL2",482250000,429070000,509370000,477230000,551250000,469630000,610470000,533210000,523470000,505110000,550440000,525940000,482570000,457940000,448660000,553210000,493530000,495230000
"Q13618","CUL3",880300000,857900000,767540000,948520000,1031870000,855010000,951850000,969150000,1005510000,1060410000,1093700000,1001070000,1022160000,1096620000,1029660000,1095020000,1150930000,989550000
"Q13619","CUL4A",554500000,494970000,504450000,556270000,576530000,591700000,439100000,462220000,482830000,452800000,468070000,548330000,461720000,430500000,471370000,384870000,503920000,415020000
"Q13620","CUL4B",1116080000,1096020000,1019380000,1086210000,1086890000,1087290000,1008150000,993690000,1028710000,906300000,915650000,884090000,814150000,753970000,794210000,702950000,718120000,763290000
"Q13627;Q9Y463","DYRK1A",NA,NA,NA,NA,NA,NA,NA,NA,29590000,51314000,NA,NA,27058000,NA,NA,36312000,51024000,54830000
"Q13630","TSTA3",187789000,227571000,205650000,190274000,140459000,201809000,167380000,186317000,182583000,112919000,188358000,190236000,198706000,210391000,240128000,204208000,223656000,209407000
"Q13637;P57729","RAB32",422110000,443480000,401110000,324644000,379370000,409140000,198655000,221410000,201840000,207602000,220405000,160297000,81973000,188076000,225845000,222456000,220036000,251080000
"Q13642","FHL1",2510910000,2126840000,2019410000,1741550000,2328670000,1889400000,2466280000,2547030000,2583640000,3465600000,3417100000,3080900000,4454400000,4299200000,4.558e+09,5564400000,5538600000,5650600000
"Q13643","FHL3",1134080000,1056030000,1029280000,1087770000,1478100000,1059750000,1947990000,1903530000,1669020000,2342510000,2318760000,1872260000,2510420000,2273010000,2019640000,2141180000,2113760000,2392530000
"Q13683","ITGA7",2466760000,2426200000,2318100000,5057900000,5014600000,4707200000,8232100000,8239200000,8372600000,10884500000,10686100000,9537400000,10229400000,9965900000,9.184e+09,7970600000,7082100000,8367700000
"Q13685","AAMP",104911000,NA,115419000,148099000,68702000,104605000,53440000,65016000,175788000,123156000,198371000,84537000,NA,55163000,NA,54731000,49036000,NA
"Q13698;Q13936","CACNA1S",NA,NA,NA,NA,NA,NA,NA,NA,NA,NA,NA,NA,81997000,49673000,78102000,46452000,100127000,92136000
"Q13724","MOGS",820300000,752110000,786530000,792930000,771940000,807340000,892380000,763450000,856510000,801590000,832660000,865980000,834200000,850390000,965870000,920820000,879140000,882460000
"Q13740","ALCAM",1812390000,2023440000,2278060000,1700430000,1669700000,1509440000,1558840000,1556100000,1389820000,978520000,1066440000,868110000,460010000,408400000,424040000,346320000,307592000,377770000
"Q13769","THOC5",NA,85271000,56500000,44126000,68868000,NA,97770000,126049000,85206000,26754000,97578000,NA,34224000,23928000,NA,NA,NA,53308000
"Q13813","SPTAN1",3.826e+10,3.5258e+10,3.6998e+10,4.0259e+10,3.9302e+10,3.9436e+10,4.3711e+10,4.2965e+10,4.008e+10,4.5996e+10,4.4681e+10,4.2678e+10,4.5801e+10,4.5159e+10,4.3492e+10,4.4768e+10,4.2343e+10,4.5314e+10
"Q13823","GNL2",77853000,33690000,161196000,66978000,119354000,98562000,NA,NA,NA,NA,95993000,63320000,NA,NA,43491000,NA,29580000,NA
"Q13838","DDX39B",10030900000,8.625e+09,8529200000,9569400000,10316600000,9579500000,11866100000,11205900000,11766600000,12445300000,1.1727e+10,10581400000,12111200000,11700900000,11918900000,11208900000,10843100000,11375300000
"Q13867","BLMH",919130000,943310000,955470000,1027900000,1008870000,881850000,1134690000,1174210000,1101050000,1176140000,1130830000,1022130000,1273590000,1221490000,1274270000,1277880000,1242390000,1269020000
"Q13868","EXOSC2",284942000,274663000,256099000,298074000,311835000,299642000,250860000,268289000,299178000,238453000,224541000,288724000,195356000,201595000,219517000,185754000,213651000,200908000
"Q13884","SNTB1",NA,NA,51311000,193137000,271821000,122335000,1200820000,1330350000,1263380000,2295380000,2068640000,1942770000,3204650000,2922020000,2630440000,3261040000,2843930000,3145270000
"Q13887","KLF5",17421000,NA,NA,NA,NA,NA,15408000,NA,NA,58743000,46533000,25510000,89778000,28800000,36961000,16470000,NA,36240000
"Q13895","BYSL",707700000,579470000,561820000,559340000,557170000,484490000,476110000,449530000,432800000,519720000,488370000,454710000,381420000,395710000,343290000,334416000,309206000,396430000
"Q13905","RAPGEF1",NA,NA,NA,46271000,49108000,131562000,183550000,190048000,220167000,310390000,320889000,285644000,335610000,392910000,395650000,332020000,375270000,323967000
"Q13907","IDI1",479570000,484840000,460190000,380080000,314809000,337590000,305229000,313224000,329720000,386060000,390300000,412920000,1233970000,1244240000,1292300000,1680810000,1673860000,1811230000
"Q13951","CBFB",884700000,868270000,819040000,695030000,864240000,862420000,704990000,823490000,675670000,630340000,659400000,768150000,324100000,458340000,500750000,361070000,315834000,376597000
"Q14008","CKAP5",3449100000,3.523e+09,3392900000,3587700000,3.641e+09,3405100000,2941800000,2898810000,2874420000,2834030000,2876670000,2484160000,2791770000,2691800000,2804540000,2768670000,2649050000,2648310000
"Q14011","CIRBP",856190000,1214270000,1354300000,1211360000,1196980000,1235570000,1571440000,1558970000,1456970000,1522190000,1883070000,2013510000,1944570000,2425230000,2168830000,1831160000,1991350000,1889750000
"Q14012","CAMK1",56033000,45647000,37043000,11125000,43429000,12858000,NA,22043700,9458200,9507500,11562000,NA,NA,NA,NA,NA,NA,NA
"Q14019","COTL1",3835700000,4081300000,4018400000,3896800000,3607400000,3534500000,3765300000,3725700000,3918900000,3090200000,3198400000,3198880000,2132190000,2386190000,2184370000,1926440000,2166010000,2034600000
"Q14061","COX17",185065000,299697000,258510000,198026000,176339000,139951000,185777000,242430000,250432000,294658000,291168000,170397000,337520000,291676000,243108000,231610000,369010000,381620000
"Q14103","HNRNPD",7277400000,7826800000,8099200000,8495600000,9370300000,8466600000,11406300000,11867800000,11454900000,11269700000,10584500000,9.967e+09,10024500000,9963300000,8829500000,10175500000,9422400000,9323700000
"Q14108","SCARB2",642500000,743100000,738670000,757880000,749710000,838160000,853180000,981650000,916510000,850160000,820220000,929710000,847680000,800210000,899220000,883030000,930130000,819600000
"Q14112","NID2",NA,NA,47341000,49488000,153859000,94342000,NA,27825000,33722000,188671000,217798000,175384000,203954000,207423000,233300000,220403000,130092000,144087000
"Q14118","DAG1",362210000,296044000,320323000,700240000,568040000,596180000,1073560000,1006880000,858020000,1758710000,1718840000,1445620000,1656650000,1487050000,1505620000,1471800000,1199600000,1524400000
"Q14119","VEZF1",NA,7095900,8372600,NA,NA,3489200,9826000,9401600,5572100,NA,4207200,NA,3115200,1506700,2201900,NA,2823200,3287600
"Q14137","BOP1",498760000,506310000,502520000,371080000,361180000,382920000,398830000,386850000,400680000,433550000,430140000,393410000,397780000,365600000,382060000,303918000,277543000,331760000
"Q14139","UBE4A",51115000,147170000,103405000,179292000,138865000,122453000,173766000,186606000,171072000,186712000,200014000,150938000,NA,152812000,156472000,147779000,147611000,50832000
"Q14151","SAFB2",2376980000,2343950000,2586820000,2315810000,2501180000,2.374e+09,3024210000,3143400000,2951930000,2905630000,2790910000,2492240000,2631910000,2568580000,2402870000,2060200000,2173730000,2284080000
"Q14152","EIF3A",13633800000,12767300000,12386600000,13069500000,13109100000,12241200000,10920400000,1.0592e+10,1.1009e+10,11526600000,1.2101e+10,1.055e+10,11880200000,11111700000,11054100000,11072400000,10740300000,11421300000
"Q14155","ARHGEF7",241241000,212509000,235434000,264519000,200994000,291278000,393370000,276466000,355438000,286836000,332238000,447760000,368791000,427620000,441970000,331562000,427380000,325026000
"Q14157","UBAP2L",3817700000,3645200000,3542200000,3418500000,3511800000,3103200000,2634570000,2729800000,2781640000,2981800000,2977920000,2882570000,3039320000,3224300000,3047090000,2721140000,2760480000,2941540000
"Q14160","SCRIB",904670000,940940000,995410000,939870000,861230000,947530000,1127720000,1116160000,1002510000,1141270000,1101160000,1164470000,1304620000,1246400000,1250370000,1250410000,1213630000,1184840000
"Q14161","GIT2",751030000,808680000,811990000,866290000,865860000,837650000,1018550000,959890000,974050000,1134740000,1066820000,1066140000,1037720000,1061360000,1025150000,1045200000,934470000,921060000
"Q14165","MLEC",1198110000,1189550000,1135750000,1202100000,1401710000,1258340000,1218950000,1287240000,1300590000,1351250000,1276350000,1164220000,1435910000,1398480000,1346540000,1361540000,1472800000,1465550000
"Q14166","TTLL12",980830000,1020430000,1025590000,808780000,912100000,711490000,824870000,825180000,880120000,947640000,842130000,825730000,850460000,765070000,813150000,787290000,770200000,759960000
"Q14181","POLA2",102800000,55186000,89340000,135689000,91097000,149709000,NA,15684000,14694000,NA,NA,NA,NA,NA,NA,NA,NA,NA
"Q14185","DOCK1",23519000,9569700,26969100,10050000,10307000,33570000,25255000,23980000,29659000,32560300,22935000,35951000,21669000,8639700,19358500,35236000,28490500,21220900
"Q14192","FHL2",5.49e+09,4949300000,4499500000,6198100000,7148200000,5689100000,4.942e+09,4628700000,4440200000,3652400000,3490100000,3179700000,3045820000,2786120000,2792770000,2801660000,2770470000,3037830000
"Q14194;Q14117","CRMP1",1132150000,1261260000,1246280000,1329480000,1618580000,1365510000,1524180000,1553940000,1510260000,1583930000,1525810000,1545110000,1676930000,1579220000,1592760000,1946880000,1986960000,1968710000
"Q14195","DPYSL3",526390000,547730000,628990000,580020000,529470000,491400000,661380000,632800000,578470000,587140000,628420000,555690000,555610000,628720000,586750000,723140000,735440000,759870000
"Q14197","ICT1",27499000,28281000,24700000,25444000,25878000,91754000,85466000,61715000,71339000,69525000,59008000,45222000,27585000,109819000,108386000,56224000,105513000,26085000
"Q14203","DCTN1",6631400000,6750200000,6391700000,6234900000,6713100000,6178400000,6390700000,6309200000,6085200000,6190900000,6119200000,5547200000,6088100000,5661800000,5804900000,6035200000,5915400000,6029300000
"Q14204","DYNC1H1",5.1689e+10,4.9154e+10,4.7755e+10,5.0764e+10,5.3334e+10,4.9334e+10,4.9484e+10,4.8875e+10,4.9554e+10,4.9367e+10,4.7974e+10,4.6693e+10,4.9994e+10,4.7981e+10,4.9346e+10,5.4416e+10,5.3933e+10,5.4186e+10
"Q14232","EIF2B1",842620000,787250000,807200000,831940000,925910000,768670000,897860000,859880000,887500000,931800000,889780000,728230000,1017790000,722760000,778090000,910530000,791960000,991150000
"Q14240","EIF4A2",3318800000,3235300000,2864410000,3911100000,4268500000,3656800000,3716400000,3520700000,3738600000,5483400000,5.221e+09,4542500000,5647300000,5.031e+09,4969200000,5035100000,4764700000,5416100000
"Q14241","TCEB3",83094000,83585000,96963000,91989000,99020000,89307000,89289000,99883000,62088000,93722000,98272000,105429000,69927000,53541000,64995000,16275600,41172000,21027200
"Q14247","CTTN",7227500000,6686100000,6.687e+09,5832700000,6777500000,5719400000,6781800000,6901200000,6391700000,5971700000,5831300000,5466100000,5066900000,4679700000,4384900000,4200600000,4415400000,4418100000
"Q14249","ENDOG",10587000,NA,NA,NA,NA,28424000,54993000,NA,NA,20500000,36928000,23806000,52236000,34647000,50317000,26122000,38523000,36969000
"Q14254","FLOT2",573390000,658140000,601490000,634530000,646260000,670370000,620820000,707440000,644230000,695360000,612640000,706590000,646290000,601330000,687480000,581560000,636080000,611130000
"Q14257","RCN2",966780000,1022270000,1025460000,1063780000,1196880000,1284090000,1054810000,1029670000,997970000,1128570000,1060800000,1185990000,837140000,814900000,839490000,657720000,741550000,698380000
"Q14258","TRIM25",3316120000,3309800000,3191700000,3138900000,3262500000,2843740000,3081200000,3028010000,2940860000,2925970000,2839870000,2595530000,2400820000,2044070000,2014510000,1891520000,1702390000,1930890000
"Q14315","FLNC",8.2456e+10,8.3702e+10,8.1498e+10,1.02819e+11,1.0298e+11,1.0171e+11,1.51969e+11,1.46829e+11,1.49591e+11,1.99689e+11,1.94132e+11,1.81319e+11,2.27214e+11,2.25596e+11,2.14708e+11,2.29836e+11,2.29356e+11,2.37385e+11
"Q14318","FKBP8",926250000,840660000,783100000,898150000,1037350000,824960000,683410000,705430000,788090000,669810000,737250000,622060000,674500000,681800000,664100000,698280000,692090000,555360000
"Q14320;Q9Y247","FAM50A",1359080000,1267230000,1196870000,1022320000,1201510000,940780000,921770000,880040000,795710000,874200000,904460000,660930000,756600000,676610000,642650000,728230000,679350000,729700000
"Q14324","MYBPC2",NA,NA,NA,NA,NA,NA,NA,NA,NA,NA,NA,NA,156467000,81621000,163852000,184505000,181987000,176347000
"Q14344","GNA13",275458000,238562000,267044000,265216000,258558000,199491000,292433000,346530000,309138000,314013000,274487000,263557000,268762000,242930000,222487000,155990000,210842000,257400000
"Q14353","GAMT",526720000,456130000,440290000,563570000,572690000,530800000,577440000,621380000,613700000,952650000,856270000,953070000,1175480000,1147030000,1096230000,1172860000,1154260000,1194790000
"Q14376","GALE",547780000,445620000,412030000,406200000,432800000,367130000,388640000,402340000,400390000,380140000,382880000,328870000,352800000,313212000,322611000,323710000,279944000,335690000
"Q14444","CAPRIN1",2657030000,2350660000,2569870000,2173630000,1896040000,2179620000,1258600000,1261060000,1352080000,1206240000,1331390000,1354680000,1167730000,1240120000,1251600000,1137940000,1046820000,908780000
"Q14498;Q86U06","RBM39",1311090000,1366540000,1474410000,1239360000,1291150000,1238500000,1397910000,1323710000,1402850000,1262880000,1274880000,1252020000,1054200000,1126580000,1053300000,1018440000,983460000,919360000
"Q14517","FAT1",479850000,492380000,452470000,335385000,475840000,377560000,225440000,86213000,72666000,55499000,45500000,120220000,191545000,188203000,202016000,267062000,272326000,276685000
"Q14524","SCN5A",13677000,NA,20167000,19098600,41103000,16499100,NA,9110300,NA,17709700,9881800,13028100,33430000,8607600,28995900,30804000,22547000,34406600
"Q14554","PDIA5",256685000,255585000,339160000,278491000,257468000,308124000,324541000,321226000,295339000,231980000,274476000,319394000,345569000,300976000,252965000,288820000,300048000,322265000
"Q14558","PRPSAP1",283897000,330500000,338709000,289973000,268633000,327900000,308756000,313570000,290909000,256509000,262812000,272135000,241852000,277151000,255573000,232480000,228324000,257666000
"Q14566","MCM6",3137400000,3459900000,3339400000,2760410000,2818610000,2610450000,1730850000,1871250000,1845170000,1071680000,956040000,890020000,491360000,379320000,378080000,144071000,143786000,207212000
"Q14644","RASA3",83241000,NA,NA,29293000,54031000,NA,47594000,NA,NA,35847000,NA,57362000,NA,29590000,NA,NA,55722000,NA
"Q14653","IRF3",179105000,174762000,166884000,37716000,49058000,95517000,133068000,138636000,105720000,44240000,38627000,53362000,NA,26341000,46492000,NA,61853000,41958000
"Q14669","TRIP12",823370000,813160000,802610000,811630000,867650000,850220000,667350000,698340000,732240000,884900000,838540000,895730000,979970000,895900000,925290000,669280000,662250000,636320000
"Q14671","PUM1",258384000,317604000,297239000,305881000,247843000,266158000,190261000,157086000,253001000,257666000,212909000,180791000,67796000,160889000,177657000,223839000,112067000,73550000
"Q14676","MDC1",424130000,377310000,377190000,575510000,557456000,486240000,302287000,341440000,290119000,177697000,191870000,184366000,123881000,203366000,151584000,31160000,87361000,96570000
"Q14677","CLINT1",1170390000,1066380000,986050000,1211010000,1149680000,1086620000,1076550000,975090000,1013550000,920300000,1012530000,736460000,935360000,967190000,877030000,795120000,776550000,887380000
"Q14678","KANK1",172781000,NA,NA,125883000,31595000,NA,35830000,48098000,44491000,55720000,96241000,111841000,91630000,62607000,81050000,NA,NA,NA
"Q14683","SMC1A",1593370000,1627290000,1497780000,1507560000,1520780000,1465690000,1673230000,1641980000,1683800000,1480850000,1495520000,1327710000,1160380000,1204750000,1183300000,987340000,996450000,1008080000
"Q14684","RRP1B",92251000,41528000,138478000,148237000,189187000,133446000,162154000,214146000,195767000,187367000,192865000,151259000,157940000,135707000,133950000,122011000,36057000,123302000
"Q14690","PDCD11",895970000,813920000,797570000,767770000,808530000,825770000,935960000,805650000,870960000,892620000,913440000,960220000,837200000,873590000,739950000,587820000,598280000,712640000
"Q14692","BMS1",181984000,155735000,157453000,78858000,137500000,120314000,142460000,108301000,121299000,134811000,144374000,148081000,82690000,83142000,146629000,108581000,42300000,34052000
"Q14694","USP10",804720000,852810000,836630000,802300000,796760000,736460000,561680000,495330000,519360000,509730000,475060000,566770000,521410000,471860000,519820000,408520000,406890000,344037000
"Q14696","MESDC2",1105360000,991110000,924650000,1029850000,1053790000,898200000,1028420000,1025130000,1056220000,946730000,913200000,996620000,886820000,979410000,1007290000,1064690000,1050420000,970420000
"Q14697","GANAB",20725500000,20541900000,20158700000,2.4255e+10,24583700000,23770300000,2.1794e+10,21927400000,22642900000,21820400000,21330400000,21746700000,20182500000,20473400000,2.1035e+10,19882900000,19581100000,19782100000
"Q14699;Q52LD8","RFTN1",1011450000,979840000,983190000,1262790000,1243830000,1138970000,1283650000,1155280000,1190740000,1171220000,1133770000,1007140000,943910000,896650000,897310000,760370000,756630000,842630000
"Q14728","MFSD10",196256000,172086000,60562000,157371000,172292000,107632000,182623000,176407000,118857000,121602000,184994000,92899000,104335000,NA,39584000,56752000,NA,154290000
"Q14738","PPP2R5D",1313530000,1368330000,1357630000,1566130000,1.543e+09,1419340000,1680340000,1660780000,1850200000,1461430000,1472400000,1354690000,1350830000,1250910000,1277840000,1239340000,1249200000,1344850000
"Q14739","LBR",498510000,547220000,521850000,452250000,499210000,414300000,424430000,417140000,399470000,366230000,364074000,347440000,277568000,260135000,261714000,244184000,211045000,234533000
"Q14746","COG2",169340000,153963000,172355000,185381000,103562000,162746000,168853000,171119000,140544000,164201000,180870000,147861000,172142000,201133000,181936000,187340000,177273000,179023000
"Q14764","MVP",15611800000,15323700000,14955500000,17251300000,16012900000,16539200000,13305400000,1.2696e+10,13517300000,14513600000,1.4654e+10,14716600000,16831400000,1.661e+10,17815200000,18179600000,17788300000,17755400000
"Q14767","LTBP2",190304000,134859000,114823000,209377000,257270000,231213000,NA,NA,61671000,NA,NA,NA,89022000,94907000,75455000,213870000,201047000,296717000
"Q14789","GOLGB1",1023480000,911320000,1007860000,903940000,1081380000,912670000,922470000,874900000,738940000,897820000,879230000,828520000,1176370000,1025680000,966870000,1161020000,1052260000,1292540000
"Q147X3","NAA30",150148000,126449000,124757000,111951000,29945000,110354000,134617000,141275000,159541000,120897000,110384000,89357000,114216000,164285000,155156000,181672000,194313000,207967000
"Q14814","MEF2D",67882000,112893000,137290000,76799000,NA,65158000,56251000,69843000,97359000,113473000,114980000,212256000,225336000,108184000,106718000,177598000,117089000,147973000
"Q14839;Q8TDI0","CHD4",2088320000,1916050000,1892130000,1839910000,1992570000,1827770000,1822180000,1960080000,1759870000,1790220000,1636160000,1707040000,1.421e+09,1421750000,1455340000,1233240000,1348630000,1207160000
"Q14847","LASP1",13110600000,12852100000,12774700000,11077300000,14000400000,11541200000,13971900000,14396700000,11898700000,1.2239e+10,1.1947e+10,8577100000,9513300000,7835700000,7050900000,7671400000,7489800000,8214300000
"Q14914","PTGR1",1381330000,1318070000,1181830000,1670800000,1565430000,1727080000,1553370000,1585230000,1721100000,1536740000,1600440000,1926810000,1406230000,1364660000,1588340000,1488050000,1581690000,1351140000
"Q14919","DRAP1",287395000,194408000,370650000,339804000,217664000,425370000,184583000,263471000,303642000,236567000,260916000,377390000,208852000,396430000,490910000,310709000,368220000,209590000
"Q14966","ZNF638",189418000,96819000,176437000,105567000,189583000,157547000,194254000,121977000,192255000,184767000,111566000,116405000,43402000,NA,65048000,109878000,130122000,57447000
"Q14974","KPNB1",15148500000,13416100000,12988800000,13630200000,14891300000,13942800000,11680600000,12425400000,11679600000,11441900000,10986700000,10975600000,11524200000,1.1654e+10,11014700000,10365900000,10408700000,10415100000
"Q14978","NOLC1",1062840000,793760000,871230000,830160000,842150000,798760000,464500000,758490000,786520000,859740000,757050000,721670000,516260000,765780000,590790000,567040000,587030000,340370000
"Q14980","NUMA1",7393300000,6953500000,6664600000,7192300000,7569300000,6661400000,11145300000,11040600000,10473200000,10555300000,10294600000,9363100000,7544900000,7142400000,6472500000,5544300000,5024200000,5765300000
"Q14997","PSME4",237458000,250957000,225768000,228930000,222684000,197690000,175122000,167439000,179786000,101026000,158494000,165700000,156321000,153783000,166318000,164194000,145970000,152514000
"Q14999","CUL7",201030000,244166000,182379000,217817000,254712000,154221000,258202000,265225000,248606000,367890000,272767000,226334000,472140000,362800000,386790000,429520000,438080000,452130000
"Q14C86","GAPVD1",1020800000,1018860000,883660000,941780000,994860000,881620000,965530000,857080000,915240000,939070000,919380000,826840000,1015450000,929360000,929330000,1010870000,981110000,1023110000
"Q14CX7","NAA25",58168000,144523000,136110000,126758000,121131000,61947000,108366000,114518000,113733000,129115000,118354000,88491000,123841000,136092000,137285000,143925000,138489000,130140000
"Q15003","NCAPH",540120000,542770000,579480000,481690000,505910000,431780000,287801000,328693000,246915000,195937000,249900000,170850000,174088000,38388000,29877000,NA,101030000,NA
"Q15004","KIAA0101",144052000,108862000,117905000,108459000,131105000,102125000,NA,NA,NA,NA,NA,NA,NA,NA,NA,NA,NA,NA
"Q15005","SPCS2",1394470000,1223770000,1235130000,1491020000,1493820000,1282440000,1231570000,1129530000,1323630000,1191790000,1238310000,1088620000,1347230000,1181250000,1173980000,1259260000,1218730000,1173970000
"Q15006","EMC2",384840000,291593000,331631000,318184000,351980000,311351000,329272000,351930000,335600000,346305000,349360000,334790000,393070000,347300000,346530000,345420000,388100000,343620000
"Q15007","WTAP",14072000,NA,20225000,NA,NA,NA,NA,9080900,NA,NA,5791600,14554000,NA,NA,NA,14537000,NA,NA
"Q15008","PSMD6",4133300000,3.641e+09,3508500000,4027400000,4211200000,3945500000,3.927e+09,3923500000,4.049e+09,4287200000,4233100000,3787500000,4324500000,4448600000,4.435e+09,4.297e+09,4065100000,4629900000
"Q15014","MORF4L2",104695000,121709000,142488000,116410000,38167000,78511000,35362000,99480000,NA,NA,102484000,35175000,30482000,27733000,NA,27628000,NA,NA
"Q15018","FAM175B",144638000,193163000,218204000,179441000,156256000,119359000,199513000,203984000,169250000,112245000,183267000,78797000,204987000,194772000,63606000,211597000,144729000,198364000
"Q15019","SEPT2",6629900000,7338300000,6937200000,7266100000,8006800000,6991200000,9053800000,8696400000,8392700000,8048800000,8070100000,7251700000,6.918e+09,6612900000,6669700000,6.547e+09,6254600000,6409900000
"Q15020","SART3",767080000,824890000,811870000,863650000,839370000,793260000,1067300000,1049730000,1069270000,1168440000,1213400000,1077720000,989960000,1021790000,1016710000,1033560000,1023650000,1024720000
"Q15021","NCAPD2",1707100000,1707750000,1951470000,1577780000,1551950000,1707160000,859620000,800320000,848050000,402580000,325052000,274257000,95757000,80336000,86818000,24970000,60896000,69537000
"Q15024","EXOSC7",363120000,391680000,376760000,363004000,362800000,309245000,388840000,358270000,411920000,241080000,277001000,278886000,265302000,218288000,233333000,227352000,130466000,240698000
"Q15029","EFTUD2",5342300000,5552700000,5379300000,5.268e+09,5462200000,5409400000,5.699e+09,5633200000,5.8e+09,5854900000,5737600000,5826500000,5106500000,5350500000,5482700000,4675100000,4962700000,4705700000
"Q15031","LARS2",24811100,11440000,74632000,32508400,12460000,23747900,29164200,10664000,11383000,32054000,15395600,24583000,13009000,20194000,NA,13788000,20559700,NA
"Q15035","TRAM2",154728000,140955000,100625000,50883000,99679000,136445000,45159000,80787000,52449000,73650000,48325000,21336000,24133000,NA,18373000,NA,NA,42592000
"Q15036","SNX17",443410000,421730000,444730000,453410000,463360000,450670000,357120000,388960000,359480000,426050000,416360000,436520000,309765000,318300000,355480000,260225000,321490000,287906000
"Q15042","RAB3GAP1",915160000,870640000,894640000,878530000,880490000,892260000,581110000,659720000,704160000,672110000,649160000,706120000,713960000,758670000,783160000,654540000,749680000,630380000
"Q15046","KARS",4024500000,3912700000,3558200000,3753100000,4237400000,3750600000,3244100000,3.346e+09,3130800000,3.53e+09,3471400000,3228400000,3303300000,3098500000,3.317e+09,3139040000,2925340000,3083230000
"Q15050","RRS1",314647000,254991000,296784000,305283000,266044000,231606000,272701000,297213000,266615000,339211000,278182000,206980000,339714000,263994000,227353000,211648000,261804000,279751000
"Q15052","ARHGEF6",589440000,607050000,608430000,751890000,800150000,689620000,1157160000,1244150000,1134240000,1562480000,1353410000,1184970000,1594220000,1400930000,1210210000,1227830000,1174220000,1408400000
"Q15056","EIF4H",3235800000,2922610000,2891460000,2876500000,3260130000,2711480000,2970550000,3231600000,2717080000,3284700000,2948180000,2285820000,3123800000,2330980000,2156730000,2747670000,2265170000,2618390000
"Q15057","ACAP2",137575000,77618000,136302000,130344000,124439000,128289000,125939000,125994000,131732000,71985000,109394000,111127000,29967000,NA,33399000,NA,NA,29488000
"Q15059","BRD3",177128000,NA,287446000,188388000,296693000,96152000,489490000,458480000,443750000,507040000,381300000,408600000,309347000,297528000,311639000,93246000,70495000,171911000
"Q15061","WDR43",159781000,251721000,202729000,251165000,147182000,221176000,157807000,183402000,NA,238481000,148862000,160337000,69431000,40257000,212370000,110388000,54481000,221159000
"Q15067","ACOX1",1015510000,844010000,889020000,871420000,943090000,877810000,898390000,867290000,953650000,939670000,988190000,938550000,966090000,943190000,978820000,1123160000,1122570000,1045050000
"Q15070","OXA1L",150336000,117821000,107348000,119214000,124299000,134225000,65648000,107044000,106044000,150386000,125220000,150219000,164528000,135309000,119209000,92355000,48241000,237949000
"Q15075","EEA1",2094910000,2018610000,2133080000,2225350000,2270390000,2079810000,2388590000,2382140000,2271140000,2346200000,2372230000,2059550000,2404580000,2183100000,2076670000,2.424e+09,2168240000,2494870000
"Q15084","PDIA6",9319300000,8815400000,9124200000,8327100000,8751800000,9507900000,8531900000,8393400000,7672700000,8824700000,8839200000,7968300000,12731100000,12194400000,12644200000,12337200000,13596700000,13400100000
"Q15102","PAFAH1B3",620410000,487190000,619020000,584490000,511020000,690960000,498420000,432680000,561510000,373560000,409810000,681330000,290240000,443710000,422380000,264012000,362001000,253127000
"Q15121","PEA15",2082350000,2531470000,2262270000,2420460000,2405460000,2885630000,2147280000,2437590000,2067860000,2074190000,2275510000,2428250000,2269310000,2067650000,2375540000,3085300000,3083010000,3.464e+09
"Q15125","EBP",124770000,155965000,143335000,138212000,85921000,117313000,115247000,131778000,116756000,100302000,105862000,111497000,160286000,96502000,71284000,154115000,92039000,152277000
"Q15126","PMVK",595850000,624670000,668680000,549520000,577570000,488340000,582760000,622800000,677970000,573600000,607260000,636760000,584640000,610970000,658230000,697710000,708520000,676890000
"Q15139;Q00532;Q92772;Q9BZL6;Q9NRP7","PRKD1",231051000,208980000,192297000,257398000,261108000,261758000,279413000,276117000,257722000,283444000,276430000,343844000,188813000,208304000,227098000,184529000,118060000,170966000
"Q15147","PLCB4",1188040000,1031270000,1237030000,822900000,744070000,729520000,555280000,522800000,532700000,247858000,251246000,243427000,97901000,100386000,64297000,31544000,92937000,65806000
"Q15149","PLEC",8.8482e+10,8.5803e+10,8.4304e+10,9.4919e+10,9.4964e+10,8.9549e+10,1.11026e+11,1.08707e+11,1.13563e+11,1.3298e+11,1.34628e+11,1.2194e+11,1.44864e+11,1.37683e+11,1.37925e+11,1.50151e+11,1.45662e+11,1.53614e+11
"Q15154","PCM1",353480000,305952000,274524000,258953000,347580000,261635000,332205000,345330000,307576000,320060000,358861000,259998000,394280000,316446000,256161000,254929000,194942000,319819000
"Q15155","NOMO1",1866040000,1856210000,1797840000,1712150000,1772730000,1846870000,1527980000,1627150000,1562440000,1466180000,1483600000,1534160000,1510570000,1.48e+09,1615160000,1377460000,1515210000,1435680000
"Q15165","PON2",952320000,1046430000,1114270000,1294160000,1293070000,1548370000,1312650000,1145870000,1345470000,1394390000,1136560000,1304340000,899080000,1131390000,1118330000,939670000,885370000,834870000
"Q15181","PPA1",4.606e+09,4143200000,3.966e+09,4.629e+09,4766100000,4987800000,4250400000,4.466e+09,4445100000,4284200000,4086100000,4581500000,4070700000,4401700000,4553500000,4044900000,4330100000,4008600000
"Q15185","PTGES3",2329640000,2342170000,1928160000,2203490000,2448660000,2536140000,2436080000,2754290000,2300840000,2585180000,2505910000,2660950000,2738830000,2828840000,2459310000,2892140000,2604130000,2661520000
"Q15208","STK38",357730000,381300000,360526000,334840000,324521000,333054000,412890000,426710000,365150000,389230000,394680000,341840000,381380000,346340000,349800000,349130000,344430000,355770000
"Q15233","NONO",11711400000,10659500000,1.0209e+10,1.0494e+10,12489700000,10074800000,11637300000,11477200000,1.0939e+10,1.2436e+10,11374900000,9557700000,10996200000,9075200000,8923500000,8541700000,8328200000,9287800000
"Q15257","PPP2R4",802050000,674780000,622040000,752620000,770860000,612350000,874120000,810010000,803440000,814630000,797890000,702570000,785980000,723740000,685410000,742060000,604840000,711740000
"Q15269","PWP2",355490000,382880000,344850000,326680000,324030000,359200000,307789000,308815000,361640000,314320000,345430000,397340000,291447000,289007000,338547000,243448000,262452000,238593000
"Q15274","QPRT",NA,NA,NA,NA,NA,282910000,NA,116960000,381100000,285660000,417720000,374092000,574140000,473030000,209672000,207490000,860170000,365480000
"Q15276","RABEP1",115677000,209614000,227728000,259122000,236309000,246481000,188826000,147890000,198089000,203530000,222010000,254649000,246355000,220147000,246659000,214200000,216425000,252314000
"Q15283","RASA2",51696000,NA,112521000,45144000,39889000,NA,NA,50135000,NA,NA,NA,NA,NA,49373000,37949000,NA,NA,NA
"Q15286","RAB35",434850000,372300000,363460000,383620000,423638000,356752000,371840000,438010000,339747000,357474000,375170000,415596000,249968000,252839000,281228000,262275000,275083000,305894000
"Q15287","RNPS1",779230000,692800000,727950000,879660000,985790000,764300000,892770000,851250000,851090000,879530000,788240000,795420000,730970000,801160000,746270000,641620000,698180000,663780000
"Q15291","RBBP5",82876000,NA,31486000,NA,37967000,34957000,NA,50489000,84709000,72748000,97280000,71928000,35603000,NA,NA,NA,NA,36720000
"Q15293","RCN1",4992900000,5124200000,4878200000,6006100000,7133400000,5947600000,5712600000,6.101e+09,5259400000,5274500000,5016700000,4799900000,5099100000,4399200000,4577600000,5847500000,5.705e+09,5952800000
"Q15311","RALBP1",52311000,36378000,29954000,40146000,59058000,29914500,65672000,52099000,31251000,63562000,52042000,NA,38166000,48485000,39820000,46197000,30842600,47532000
"Q15326","ZMYND11",NA,149901000,NA,131710000,NA,157147000,63528000,NA,96675000,NA,50965000,109610000,NA,110002000,91999000,52552000,104915000,NA
"Q15327","ANKRD1",89288000,NA,50502000,NA,NA,NA,NA,NA,NA,414080000,415750000,369700000,613600000,613390000,596960000,482510000,533600000,493150000
"Q15334","LLGL1",NA,102001000,37563000,150747000,NA,54896000,62138000,NA,152794000,NA,NA,52254000,NA,NA,104995000,NA,NA,NA
"Q15363","TMED2",1041740000,870080000,938180000,1086820000,881180000,1269480000,7.8e+08,783760000,1021250000,960700000,816840000,1250510000,990860000,1191980000,1500840000,1111450000,1289890000,1109620000
"Q15365","PCBP1",9242200000,8.012e+09,8681100000,9467300000,8178400000,8562400000,9719200000,10266900000,9681100000,1.0482e+10,10218200000,9764100000,10068300000,10363800000,9894600000,9388100000,9493900000,9889400000
"Q15366","PCBP2",8023100000,7714500000,7792300000,7325300000,8729400000,7358100000,8229600000,7607800000,7950900000,7413700000,7358300000,7313500000,7540700000,6629400000,6776800000,5794300000,6324800000,6043600000
"Q15369","TCEB1",2984500000,2820780000,2723660000,2532610000,2603720000,2431770000,2590390000,2800990000,2272710000,2156830000,2255370000,1986460000,2641490000,2322750000,1996490000,2175290000,2030090000,2251180000
"Q15370","TCEB2",4847800000,4906100000,4835800000,4463600000,4870700000,4402800000,4126900000,4.435e+09,3904400000,4373900000,4028900000,3491800000,4.156e+09,3848700000,3703700000,3841100000,3821200000,3920800000
"Q15382","RHEB",522340000,528600000,567170000,477650000,516400000,376090000,241120000,308449000,217769000,221608000,250459000,196738000,221035000,184388000,36941000,191228000,163425000,206826000
"Q15386","UBE3C",218569000,189550000,178966000,178461000,221649000,151167000,108160000,128432000,163024000,56413000,138943000,186016000,172512000,155791000,174196000,163035000,54105000,162011000
"Q15388","TOMM20",NA,NA,NA,NA,NA,82889000,NA,125990000,138250000,131650000,122370000,354470000,120680000,NA,88950000,65109000,NA,125230000
"Q15393","SF3B3",4714600000,4.947e+09,4728300000,4800800000,4701900000,5035500000,4606700000,4472700000,5056900000,4560900000,4560600000,4795900000,3906900000,4123600000,4516200000,3455700000,3647300000,3646900000
"Q15397","KIAA0020",281408000,252433000,253688000,372770000,311946000,351690000,277774000,253107000,319980000,288632000,264263000,301526000,255830000,262273000,273909000,238952000,211923000,201006000
"Q15398","DLGAP5",222051000,193413000,149164000,114960000,80343000,66476000,NA,NA,NA,NA,NA,NA,NA,NA,NA,NA,NA,NA
"Q15404","RSU1",1311890000,1307450000,1347090000,1206430000,1185990000,1263330000,1607200000,1519670000,1528680000,1442520000,1490690000,1413960000,1323990000,1199330000,1321400000,1309050000,1358050000,1376990000
"Q15417;P51911","CNN3",11533300000,12414100000,11700300000,11972300000,13321800000,12024900000,9774200000,10277300000,9983800000,9633100000,9134800000,9.93e+09,8804500000,8338500000,8687900000,8103800000,8698800000,8566900000
"Q15424","SAFB",542960000,569510000,622040000,541880000,565170000,471220000,770880000,689440000,596130000,673390000,774500000,640810000,681920000,519140000,507100000,510230000,507370000,556470000
"Q15427","SF3B4",NA,454780000,62086000,369900000,NA,407060000,90616000,230630000,391390000,NA,240300000,473450000,220250000,362250000,431520000,194672000,308217000,263252000
"Q15428","SF3A2",155029000,160549000,166395000,162704000,176792000,213764000,164026000,177243000,190101000,100512000,181294000,192401000,130362000,129795000,172174000,157554000,107506000,109807000
"Q15434","RBMS2",447670000,394886000,376620000,347737000,294993000,170940000,242236000,195299000,149052000,100020000,190116000,110781000,47301000,44597000,NA,53002000,87555000,90566000
"Q15435","PPP1R7",1141160000,1152340000,1164240000,1152460000,1210200000,1153880000,1279620000,1166400000,1246070000,1169120000,1168140000,1170650000,1339570000,1337510000,1379160000,1464400000,1518370000,1496510000
"Q15436","SEC23A",5556100000,4843700000,4736900000,5466700000,6.107e+09,5.272e+09,5058300000,5440200000,5335200000,5332600000,5134300000,4552700000,5476400000,4699700000,4900900000,5586300000,5.548e+09,5597900000
"Q15437","SEC23B",640720000,610410000,582500000,649730000,566150000,559510000,251996000,291929000,285577000,392190000,400200000,386130000,481890000,445680000,437160000,349510000,361470000,406050000
"Q15459","SF3A1",3830200000,3702400000,3706200000,3404600000,3772400000,3.401e+09,3916300000,3962400000,3.774e+09,3695200000,3649900000,3367400000,3515500000,3200400000,3273500000,2859390000,2765580000,3057400000
"Q15477","SKIV2L",1168600000,1022070000,1100900000,1081790000,1110360000,919630000,1025790000,1048180000,1014900000,1125370000,1113460000,970680000,1059540000,912400000,922660000,963620000,926380000,1005990000
"Q15532","SS18",62719000,NA,NA,112856000,53489000,37619000,209708000,26125000,53087000,143716000,76590000,97070000,42649000,43339000,NA,24887000,78219000,38631000
"Q15555","MAPRE2",331621000,440750000,444930000,328460000,429420000,437870000,311883000,286304000,281208000,291045000,272880000,166013000,225472000,155555000,120428000,208615000,196304000,240503000
"Q15582","TGFBI",218421000,263563000,234704000,235006000,292326000,222577000,148517000,203785000,176997000,163989000,155162000,133293000,170833000,193577000,163302000,137513000,122281000,134207000
"Q15599","SLC9A3R2",327016000,349675000,369290000,298559000,262850000,306526000,360050000,276436000,323390000,269202000,311652000,279641000,290937000,275093000,285468000,145226000,220919000,190177000
"Q15628","TRADD",56925000,50977000,32644000,21248000,75083000,35630000,65887000,69177000,38097000,24738000,49959000,29778000,33594000,NA,NA,NA,NA,13344000
"Q15629","TRAM1",320765000,403680000,395860000,359640000,367380000,414340000,242267000,162053000,260262000,218384000,207468000,238855000,48654000,142006000,195769000,109589000,172996000,131665000
"Q15631","TSN",3047180000,2977800000,2862870000,2934060000,2999380000,3204600000,3.449e+09,3218700000,3233200000,3048200000,3049750000,3569800000,2790360000,2746710000,3052490000,2450990000,2591700000,2472710000
"Q15637","SF1",2110330000,1992240000,2083700000,2090150000,1969390000,2152210000,2322750000,2181340000,2221010000,1.976e+09,2060590000,2020750000,1587110000,1833010000,1573740000,1511390000,1654950000,1579220000
"Q15642","TRIP10",336160000,319415000,303681000,336230000,416380000,307941000,339410000,332127000,315755000,344390000,278412000,238160000,263987000,229410000,273201000,257911000,251373000,250196000
"Q15643","TRIP11",287015000,267794000,282688000,301235000,270111000,309570000,118817000,142304000,121467000,194582000,103131000,71849000,191684000,204072000,199966000,195880000,128397000,199064000
"Q15645","TRIP13",494550000,401720000,388840000,388900000,407200000,395750000,284063000,300239000,314539000,144012000,255574000,236591000,186946000,180205000,163595000,23603000,NA,NA
"Q15648","MED1",9360700,NA,23991000,NA,NA,13816000,8888000,9204800,9344000,NA,8140900,15442000,NA,8707800,NA,NA,NA,NA
"Q15650","TRIP4",183740000,147429000,122082000,172308000,53884000,116476000,51427000,152846000,104417000,NA,45143000,51553000,41092000,48905000,NA,NA,73977000,47563000
"Q15653","NFKBIB",60883000,20374000,66867000,20019000,43436000,NA,44382000,43127000,18235000,51259000,45219000,17285000,82128000,40951000,50436000,51811900,NA,29929000
"Q15654","TRIP6",1956070000,2018100000,2016320000,2029900000,1914370000,1765220000,1798780000,1784870000,1797990000,1758070000,1767420000,1704330000,1.288e+09,1512710000,1418960000,1161670000,1186440000,1166150000
"Q15678","PTPN14",94262000,102499000,96857000,164673000,76916000,103009000,41456000,33504000,33259000,NA,NA,NA,NA,27046000,NA,NA,NA,34976000
"Q15691","MAPRE1",5727200000,5709200000,5746900000,5137800000,5710600000,5085700000,5425400000,5276500000,5093700000,5.968e+09,5.671e+09,5460600000,6282700000,6.005e+09,5625900000,5791400000,5772300000,5682200000
"Q15717","ELAVL1",3331300000,3.36e+09,3245100000,2931430000,3027580000,2753330000,3.145e+09,3231400000,3187600000,3053060000,2983550000,2645200000,2458980000,2243430000,2193570000,2032620000,1935200000,2134260000
"Q15738","NSDHL",685160000,669680000,663780000,556020000,601930000,690690000,482270000,454170000,545050000,522170000,548420000,589500000,659260000,667570000,820180000,773270000,718180000,722610000
"Q15746","MYLK",166754000,208055000,195117000,254829000,213541000,216026000,300792000,305136000,283475000,308285000,298099000,284109000,237256000,196571000,224746000,215873000,194482000,226943000
"Q15750","TAB1",160852000,210186000,194473000,184937000,180200000,189850000,186623000,175823000,180471000,155123000,174339000,148227000,123983000,136800000,154168000,124583000,138129000,129572000
"Q15751","HERC1",10174500,9474700,6169000,15517300,8837700,9784800,4060100,NA,15036800,7616800,7400100,5430500,11557900,15423000,10404000,10857500,9589000,12070400
"Q15758","SLC1A5",735380000,720080000,769650000,552370000,506700000,595010000,369600000,405910000,421980000,320420000,328520000,407350000,377370000,409640000,479700000,517460000,561720000,550140000
"Q15773","MLF2",122404000,32709000,80348000,86430000,37312000,116579000,NA,37804000,NA,24914000,25274000,32334000,24641000,71092000,70260000,NA,NA,32951000
"Q15785","TOMM34",589570000,596220000,641670000,421540000,450630000,492320000,371700000,412890000,389950000,325320000,340960000,406630000,289589000,272527000,302989000,220690000,253416000,234077000
"Q15796","SMAD2",358460000,292812000,357780000,306128000,261243000,342270000,246684000,224416000,278947000,257635000,286663000,284189000,265772000,277895000,173835000,140786000,232168000,237318000
"Q15797","SMAD1",402830000,208874000,108210000,249970000,419430000,249870000,489850000,519810000,527740000,557690000,482060000,420470000,475170000,148760000,374591000,273180000,288450000,481700000
"Q15813","TBCE",662720000,662670000,621730000,632810000,713020000,652500000,669600000,606040000,598040000,541300000,569610000,556220000,540130000,483900000,555720000,550040000,493740000,590240000
"Q15814","TBCC",62278000,154196000,157713000,158890000,106183000,148762000,182321000,185385000,178764000,189087000,190667000,213043000,182608000,159868000,185013000,169835000,162013000,154386000
"Q15819","UBE2V2",2427980000,2061650000,2252190000,2512860000,2543250000,2687950000,2706010000,2511420000,2596620000,2104970000,2125240000,2058370000,1815680000,2050730000,2168420000,1947960000,1854030000,1669370000
"Q15836","VAMP3",1419030000,1011600000,1234900000,1489910000,1629250000,1452360000,1232570000,1212440000,1102320000,1061950000,1190130000,1145940000,1376190000,1125260000,1093030000,1285930000,1286610000,1139870000
"Q15843","NEDD8",2033220000,2699740000,3213990000,3936600000,2886110000,4801400000,2766850000,2502080000,3927500000,2430120000,2413200000,4984200000,2352090000,3904600000,4978700000,3401380000,4331900000,3119530000
"Q15847","ADIRF",969300000,780030000,1007970000,971450000,927140000,917210000,945030000,944860000,869400000,888450000,879120000,781820000,557980000,602570000,416780000,592410000,540060000,566370000
"Q15904","ATP6AP1",24694000,68469000,90992000,NA,NA,40861000,NA,25730000,NA,38091000,34562000,72669000,32978000,76648000,43283000,75382000,88924000,75595000
"Q15907;P62491","RAB11B;RAB11A",4.761e+09,4748300000,4694600000,3818100000,4135400000,4212800000,3387800000,3452500000,3458600000,3185700000,3530200000,3462100000,3467400000,3474800000,3389300000,3.537e+09,3.537e+09,3.37e+09
"Q15942","ZYX",13161500000,14318400000,14018600000,11963200000,14516900000,12357900000,11372800000,1.0982e+10,10508200000,9384200000,9142400000,8430400000,7.621e+09,7610600000,7072600000,7540500000,7608600000,7599900000
"Q16082","HSPB2",584860000,628730000,647380000,786420000,865290000,780310000,1202430000,1141560000,1075640000,2605590000,2472630000,1945440000,4352300000,4074500000,3709600000,5057900000,4512800000,5058200000
"Q16134","ETFDH",66549000,105775000,85067000,70511000,105224000,67374000,162080000,130559000,160918000,178155000,166167000,140541000,142818000,141148000,143631000,141415000,156280000,191899000
"Q16181;Q6ZU15","SEPT7",4179500000,3909200000,3839800000,4054500000,4355400000,4217900000,5429600000,5349700000,5237900000,5324900000,4996600000,5360100000,4632500000,4546600000,4887500000,4269400000,4944300000,4870100000
"Q16186","ADRM1",914040000,862950000,894790000,697260000,646720000,635730000,674260000,674930000,710680000,620570000,698660000,600970000,745800000,628980000,674490000,826730000,713470000,806400000
"Q16204","CCDC6",408310000,363280000,386040000,369190000,390730000,312941000,320138000,383340000,367490000,356858000,393770000,343028000,445830000,303149000,333270000,407970000,331090000,386800000
"Q16222","UAP1",4196400000,4261500000,3.946e+09,4164800000,4513600000,4124700000,2020660000,1962830000,2120470000,1357550000,1456640000,1500100000,983670000,978310000,998550000,937750000,1023600000,840760000
"Q16270","IGFBP7",314731000,276422000,367520000,253442000,292282000,239420000,99942000,104076000,102771000,114292000,132708000,140105000,179069000,149164000,222531000,301133000,244316000,274243000
"Q16363","LAMA4",NA,NA,NA,NA,NA,NA,NA,NA,NA,16918000,27765000,55735000,54206000,58260000,20800000,NA,NA,42864000
"Q16401","PSMD5",1913460000,1968970000,1888450000,1849400000,1742840000,1596990000,2134200000,2006260000,1962420000,2150460000,2184790000,1865630000,1929560000,1774430000,1776840000,1805070000,1689280000,1690220000
"Q16512","PKN1",148252000,138990000,165770000,140672000,148251000,140208000,110616000,150041000,132718000,124317000,139222000,125632000,133784000,110243000,84709000,118801000,110647000,139251000
"Q16513","PKN2",848010000,838070000,857750000,701760000,688820000,757080000,532830000,636720000,629110000,510570000,549220000,540300000,335080000,326485000,277984000,256886000,247802000,250971000
"Q16527","CSRP2",2069220000,1831200000,1849570000,3001510000,2973200000,2462770000,4165800000,3999200000,3774400000,3954600000,3724700000,3269820000,2680040000,2628400000,2310330000,2365100000,2527240000,2779260000
"Q16531","DDB1",4378200000,4340500000,4214200000,4431700000,4965400000,4440800000,5176100000,5428200000,5.611e+09,5724900000,5921200000,5695600000,5197500000,4759800000,5.234e+09,4950900000,4793600000,5006300000
"Q16537;Q15173","PPP2R5E",656110000,579330000,586880000,535130000,630870000,516930000,452190000,472800000,461370000,490610000,449160000,445640000,430550000,430490000,435250000,427180000,382100000,428870000
"Q16539","MAPK14",621330000,516240000,586350000,659330000,641820000,527650000,751530000,602140000,546710000,715310000,694090000,590450000,628240000,595390000,582190000,478740000,496140000,512670000
"Q16540","MRPL23",NA,193363000,145778000,145773000,65464000,120583000,174072000,167344000,163125000,200346000,107552000,167378000,121899000,161526000,190896000,176352000,163900000,113797000
"Q16543","CDC37",3563500000,3.163e+09,3080670000,3186600000,3204800000,3018180000,2986870000,2986060000,2785640000,2862050000,2791970000,2589950000,2530130000,2492180000,2540710000,2355810000,2336130000,2682840000
"Q16555","DPYSL2",10618200000,10381300000,10465800000,10826500000,10323600000,10631300000,11599400000,11933800000,11928800000,1.1147e+10,1.0747e+10,10454600000,9160700000,8924700000,9186600000,8829200000,9038300000,9217500000
"Q16563","SYPL1",225710000,228052000,111620000,284680000,294776000,314460000,310119000,380660000,308148000,297773000,330134000,262726000,251619000,271498000,257534000,151899000,237241000,268965000
"Q16576","RBBP7",2783700000,2621030000,2498750000,2519210000,2862730000,2418330000,2679250000,2766140000,2282390000,2.224e+09,2112170000,2019620000,1752370000,1623670000,1526660000,1487730000,1281320000,1368380000
"Q16585","SGCB",65214000,98425000,42242000,216532000,289330000,192209000,314929000,185222000,314968000,379850000,330442000,324261000,567280000,485950000,447450000,740460000,652800000,766840000
"Q16586","SGCA",NA,NA,NA,34879000,25065000,NA,180729000,174633000,150692000,164205000,164914000,153282000,282577000,315974000,303767000,581170000,461040000,461800000
"Q16595","FXN",26545000,29004000,NA,NA,33853000,42960000,NA,64278000,NA,NA,40531000,NA,NA,NA,31836000,NA,NA,NA
"Q16610","ECM1",238543000,195068000,213550000,190478000,200734000,211192000,134387000,159529000,125524000,36742000,95229000,NA,NA,NA,NA,NA,70843000,NA
"Q16629","SRSF7",3777900000,4184100000,3608500000,4021600000,4709300000,3.898e+09,5091300000,5004200000,4535400000,5011800000,4646800000,4063100000,4393400000,3779500000,3847200000,3585700000,3081170000,3508400000
"Q16630","CPSF6",1985970000,1950010000,1914010000,1917170000,2155180000,1752130000,2713780000,2426420000,2373490000,2308910000,2273390000,2053060000,2116350000,1760190000,1601680000,1637590000,1568380000,1694510000
"Q16637","SMN1",135545000,121733000,135639000,154117000,133917000,160839000,122898000,108363000,82017000,136805000,141699000,148151000,129618000,147822000,144976000,131248000,83664000,124469000
"Q16643","DBN1",13719900000,1.2277e+10,12880500000,12173700000,14174600000,12756200000,12288600000,12959900000,12008100000,14832700000,14789300000,13748900000,1.5931e+10,14478900000,14204600000,13428700000,13610600000,1.4597e+10
"Q16644","MAPKAPK3",48243000,61056000,109208000,81003000,31239000,89715000,36178000,47654000,55715000,23361000,53069000,28242000,18500000,47783000,NA,NA,16209000,NA
"Q16656","NRF1",18153000,NA,NA,13700000,14670000,10855000,NA,NA,18326000,62676000,19375000,NA,NA,NA,NA,NA,NA,NA
"Q16658","FSCN1",14657700000,12864800000,13391900000,13439900000,1.5008e+10,13580600000,1.4534e+10,13911300000,1.4371e+10,14801300000,14804600000,14398300000,10261400000,10429800000,10405600000,8377400000,8231200000,8579200000
"Q16666","IFI16",791650000,859740000,822980000,957090000,1031730000,1036600000,1439780000,1366550000,1407480000,1129880000,1161450000,1167730000,870070000,953960000,889520000,819780000,865590000,763760000
"Q16698","DECR1",1390720000,1346930000,1474290000,1668510000,1572600000,1520730000,2174730000,2161170000,2276450000,2476290000,2378450000,2169140000,2134420000,2068750000,2058050000,1960190000,1940130000,2031220000
"Q16706","MAN2A1",1190660000,1160350000,1176500000,1192580000,1199610000,1196980000,863880000,835640000,942110000,839840000,940420000,1012570000,761900000,783820000,873840000,603200000,661800000,573270000
"Q16718","NDUFA5",477080000,487370000,426940000,428170000,429320000,533250000,598500000,676650000,561850000,667550000,717190000,634090000,655020000,662890000,730110000,752730000,624700000,694520000
"Q16720","ATP2B3",106480000,111860000,196034000,114970000,372660000,150900000,265920000,119980000,127380000,225330000,125790000,NA,195970000,85498000,NA,278711000,NA,95596000
"Q16740","CLPP",326910000,297479000,282645000,304542000,378980000,268450000,396930000,390160000,363030000,373310000,380920000,307288000,342036000,334650000,283466000,316967000,301386000,325986000
"Q16762","TST",NA,NA,NA,52799000,NA,55175000,119275000,69152000,NA,NA,225668000,61256000,NA,62794000,NA,142123000,NA,NA
"Q16763","UBE2S",124471000,110732000,90035000,56824000,104955000,26514000,NA,NA,NA,NA,NA,NA,NA,NA,NA,NA,NA,NA
"Q16774","GUK1",447210000,681500000,789470000,699350000,729020000,763960000,812390000,787740000,775960000,857540000,838630000,735990000,917240000,840580000,946940000,947040000,949230000,925410000
"Q16775","HAGH",297339000,278310000,328927000,312576000,356260000,314277000,431540000,462310000,497520000,559930000,576220000,452200000,761590000,715520000,629140000,871100000,852180000,1040700000
"Q16795","NDUFA9",814370000,854570000,848030000,961670000,801510000,930020000,1224550000,1094980000,1115610000,1214040000,1212980000,1211440000,1189690000,1088450000,1209080000,1207970000,1259230000,1322480000
"Q16799","RTN1",363030000,278636000,322832000,315921000,353620000,295819000,232364000,278859000,259295000,232650000,281853000,218772000,NA,150524000,83868000,109280000,95347000,133370000
"Q16822;P35558","PCK2",295002000,278849000,266518000,306492000,323952000,318675000,347820000,320938000,299793000,400790000,375460000,332350000,496660000,462520000,529490000,684950000,801430000,714910000
"Q16836","HADH",1066030000,1074170000,989890000,1252840000,1254850000,1215410000,1479500000,1442540000,1515370000,1943570000,1634060000,1609490000,1881950000,1894780000,1958310000,2300750000,2099700000,2387660000
"Q16850","CYP51A1",122650000,218880000,191823000,205826000,95443000,212911000,148315000,124716000,135584000,113911000,103204000,150503000,105539000,114177000,70577000,97688000,161030000,97747000
"Q16851","UGP2",9199800000,8756700000,8806800000,1.0135e+10,9909700000,9821500000,9397600000,9251600000,9204600000,8295900000,8236400000,7544400000,7.533e+09,7306100000,6903300000,7722800000,7899800000,7452700000
"Q16864","ATP6V1F",556640000,642040000,508230000,497480000,550080000,452330000,486530000,385912000,405550000,443410000,577720000,431490000,503200000,445890000,430580000,475610000,413650000,473910000
"Q16878","CDO1",455620000,213860000,311520000,604180000,225180000,NA,180190000,418010000,208200000,423190000,477070000,NA,442660000,255350000,NA,NA,428130000,438290000
"Q16881","TXNRD1",6732400000,6984200000,6659600000,4844400000,4.987e+09,5172600000,5015200000,4728400000,4981100000,4473900000,4629400000,4967700000,3558300000,3.615e+09,3942900000,3508400000,3542200000,3204500000
"Q16891","IMMT",5774600000,5.635e+09,5225300000,5139100000,5617800000,4765900000,7319900000,6746200000,6462500000,7324500000,7.106e+09,6068800000,7029300000,6382600000,6359300000,6380700000,6233700000,6849700000
"Q18PE1","DOK7",18250000,NA,NA,15696000,NA,NA,NA,23952000,NA,24644000,41285000,84011000,72529000,99149000,52376000,69471000,62349000,80732000
"Q1ED39","KNOP1",15488000,NA,15957000,50674000,19673000,18170000,15519000,NA,26932000,25445000,10960000,NA,11592000,NA,NA,23848000,NA,12188000
"Q1KMD3","HNRNPUL2",3457400000,3449800000,3024380000,3.403e+09,3634700000,3409800000,4668300000,4663700000,4361900000,4.461e+09,4.368e+09,3962600000,3.898e+09,3602800000,3766300000,3643700000,3325600000,3888100000
"Q24JP5","TMEM132A",18590000,NA,NA,24822000,NA,23476000,27943000,32703000,NA,76629000,70901000,75895000,96063000,76131000,78087000,128981000,76134000,119596000
"Q27J81","INF2",2621450000,2581110000,2553740000,2741170000,2768750000,2678670000,2230320000,2097190000,2141060000,2724880000,2755680000,2735120000,3525100000,3.328e+09,3558700000,4085300000,3961100000,3901800000
"Q29RF7","PDS5A",474920000,506610000,451920000,427320000,518320000,397740000,557850000,443570000,441390000,423500000,382870000,298527000,295577000,256199000,205372000,218618000,154411000,200258000
"Q2M1P5","KIF7",4450900,8977000,NA,NA,6891900,4795000,3627000,1638700,NA,1134400,NA,NA,NA,NA,NA,NA,NA,999890
"Q2M2I8","AAK1",379880000,345530000,317180000,318217000,287628000,308545000,292880000,289755000,286323000,281463000,254550000,333165000,284642000,202205000,301900000,271590000,155681000,275831000
"Q2M389","KIAA1033",475100000,477830000,477510000,483430000,510440000,531720000,444320000,488930000,494610000,488290000,510710000,549510000,480350000,452420000,477850000,549850000,436730000,503510000
"Q2NKX8","ERCC6L",38887000,130461000,171794000,123128000,116661000,127398000,NA,NA,34320000,NA,NA,NA,NA,NA,NA,NA,NA,NA
"Q2NL82","TSR1",271373000,227929000,244992000,284248000,308857000,254178000,194734000,178919000,208111000,182557000,172173000,195798000,172561000,124391000,91781000,99496000,103412000,132212000
"Q2PZI1","DPY19L1",215457000,222009000,162564000,179436000,275728000,182948000,159509000,125888000,151290000,162503000,146253000,153605000,44676000,32969000,84827000,80395000,43604000,137393000
"Q2TAY7","SMU1",1164080000,1093780000,1038400000,1085230000,1088040000,1056190000,1098270000,1160340000,1212890000,1137130000,1184960000,1264610000,1022090000,966580000,1064910000,922020000,877940000,850120000
"Q2TBA0","KLHL40",NA,NA,NA,NA,NA,NA,22638000,NA,NA,259944000,220441000,180990000,714890000,784800000,778710000,1067720000,1096800000,950500000
"Q2TAA2","IAH1",489790000,464210000,441750000,504140000,463360000,428870000,551480000,584930000,623780000,538230000,591920000,460450000,499690000,480950000,421010000,490660000,446680000,472640000
"Q32MZ4","LRRFIP1",4123800000,3664900000,3792500000,3552400000,3683500000,2772680000,1883500000,2074240000,1485150000,1.572e+09,1491560000,1325720000,1484690000,1282240000,1086760000,1323330000,1147760000,1403450000
"Q32P28","LEPRE1",2320610000,2205460000,2122950000,2138430000,2423630000,2092360000,1917990000,1938460000,1759560000,1865800000,1634810000,1487090000,1715480000,1453080000,1470890000,1506830000,1359550000,1650670000
"Q32P41","TRMT5",63933000,68271000,74850000,26245000,NA,57416000,45518000,76725000,73104000,50572700,63331000,35414000,46174000,57422000,49514000,NA,24500000,23308000
"Q32P44","EML3",119845000,141076000,129840000,155060000,127723000,139322000,145624000,135121000,125937000,128840000,100912000,66179000,60214000,72944000,73445000,37456000,67931000,71270000
"Q3KQU3;Q14244","MAP7D1",1072880000,977880000,997530000,998550000,982260000,953550000,969670000,913760000,908510000,1195580000,1042880000,1030390000,1449250000,1295860000,1277030000,1175030000,1214780000,1290180000
"Q3KQV9","UAP1L1",NA,39280000,NA,NA,NA,NA,98293000,141419000,101982000,150026000,159078000,172587000,117658000,173665000,206093000,188515000,205739000,188647000
"Q3LXA3","DAK",201042000,129480000,226126000,319366000,220519000,322210000,383750000,370770000,393510000,382320000,403020000,534650000,423610000,450120000,525290000,399620000,461040000,333300000
"Q3MHD2","LSM12",270740000,263235000,390379000,340528000,NA,4.68e+08,288004000,120420000,209140000,196661000,265116000,467860000,119670000,285133000,453110000,352504000,306280000,281523000
"Q3SY69","ALDH1L2",36965000,49094000,40331000,NA,67907000,34475000,74127000,51977000,NA,114134000,34753000,44014000,122631000,116839000,162122000,191698000,200308000,223271000
"Q3V6T2","CCDC88A",362040000,321577000,368160000,305513000,383420000,270041000,290831000,342054000,258095000,312027000,318753000,211631000,199764000,209595000,215253000,265361000,233396000,272192000
"Q3YEC7","RABL6",132642000,139959000,137248000,139859000,125569000,147537000,116547000,111625000,118922000,117163000,122090000,140198000,112747000,112654000,126525000,120851000,113784000,108325000
"Q3ZCM7","TUBB8",18331600000,2.3033e+10,22567900000,27137100000,3.2395e+10,25674300000,29512200000,27786500000,27636300000,2.724e+10,28977300000,23885300000,26546200000,21720400000,24143500000,26098800000,24022800000,27837200000
"Q3ZCQ8","TIMM50",458970000,445260000,459310000,404790000,355830000,405390000,4.15e+08,409460000,388380000,442790000,407790000,493650000,375420000,455620000,462650000,395410000,428560000,367330000
"Q49A26","GLYR1",81432000,69333000,73197000,80550000,99293000,77772000,113975000,134075000,123888000,104907000,122766000,100117000,98160000,82293000,67978000,67267000,45282000,81770000
"Q49AR2","C5orf22",26673000,66889000,NA,46096000,52447000,80130000,49924000,54511000,54057000,49010000,52018000,20229000,NA,NA,17818000,NA,NA,NA
"Q4G0F5","VPS26B",253669000,250288000,211741000,246332000,337468000,254177000,245349000,246697000,263368000,316389000,290690000,225915000,225117000,215498000,199403000,212569000,168890000,233003000
"Q4G0J3","LARP7",101400000,NA,47237000,156137000,175324000,185054000,197605000,174911000,199663000,179103000,154874000,106804000,167052000,148039000,47595000,96450000,124260000,96783000
"Q4G148","GXYLT1",75042000,61526000,67207000,67990000,57987000,24044000,41081000,45693000,38448000,42596000,25192000,NA,26843000,NA,NA,16484000,NA,27714000
"Q4G176","ACSF3",NA,NA,NA,NA,NA,NA,45849000,39608000,45423000,69429000,69422000,89007000,69317000,43942000,81386000,73224000,42760000,45609000
"Q4J6C6","PREPL",279504000,181856000,119956300,194939000,91575200,167715000,521820000,306865000,540850000,1650670000,1614580000,1960100000,3.612e+09,3831500000,4.643e+09,3239900000,3215800000,2890180000
"Q4KMP7","TBC1D10B",232873000,231590000,223147000,262998000,274361000,264116000,279286000,269538000,263276000,266533000,291479000,270863000,269316000,238617000,254516000,224859000,228301000,248253000
"Q4KMQ2","ANO6",NA,NA,NA,NA,27261000,30076000,NA,NA,44178000,33901000,NA,71396000,37690000,55950000,120482000,NA,NA,NA
"Q4V328","GRIPAP1",400780000,439280000,398930000,389880000,384570000,397490000,454700000,419240000,407520000,432450000,412850000,394110000,436860000,451370000,423130000,423340000,445580000,492990000
"Q52LJ0","FAM98B",894440000,952670000,1015840000,912390000,907060000,844950000,1123880000,1355520000,1184260000,1.203e+09,1252670000,1124350000,1094190000,1193150000,1117620000,975030000,1050050000,1050510000
"Q52LW3","ARHGAP29",261571000,250957000,265317000,172492000,158607000,164762000,90400000,52245000,161261000,NA,69336000,NA,NA,NA,43231000,NA,NA,NA
"Q53EL6","PDCD4",242769000,302416000,365870000,665110000,624360000,608920000,2441370000,2536750000,2374190000,1659800000,1660850000,1703480000,704540000,629590000,654650000,333067000,409760000,269282000
"Q53EP0","FNDC3B",313577000,233877000,251354000,283140000,342730000,266799000,90400000,141291000,137819000,202591000,179320000,161167000,254419000,150285000,249598000,218788000,244663000,126701000
"Q53EZ4","CEP55",239039000,305331000,255101000,132664000,185366000,199795000,114099000,89494000,115517000,49226000,NA,NA,NA,NA,NA,NA,NA,NA
"Q53F19","C17orf85",NA,78733000,24375000,22376000,49506000,22651000,NA,55578000,23344000,72054000,26583000,46532000,26373000,25544000,22276000,NA,24360000,NA
"Q53FA7","TP53I3",1316960000,1246530000,1223710000,1254660000,1041020000,1185990000,1265820000,1289520000,1280200000,1200950000,1217520000,1204900000,1152960000,1171460000,1171090000,1264600000,1333830000,1134320000
"Q53GG5","PDLIM3",1963690000,1698230000,1781680000,2903820000,3413800000,3196200000,4609500000,4878100000,4475600000,7117100000,6800900000,5937900000,8690600000,9922300000,10050900000,10771400000,10455500000,11510600000
"Q53GQ0","HSD17B12",2108970000,1848710000,1780920000,2156180000,2453040000,1913600000,1958310000,1951590000,1858290000,2299630000,2266260000,1.995e+09,2579780000,2168500000,2215770000,2843090000,2633230000,2785600000
"Q53GS9","USP39",515760000,558530000,597480000,490610000,475330000,602650000,621390000,555740000,608610000,486220000,501620000,642120000,451330000,550240000,434700000,374130000,446160000,382290000
"Q53H12","AGK",435190000,428230000,408050000,395350000,460200000,383300000,578320000,581250000,478360000,691800000,736890000,625800000,641780000,511190000,492910000,625340000,552820000,583020000
"Q53H82","LACTB2",244178000,255315000,270068000,299581000,262255000,248755000,270883000,258906000,231502000,184560000,166396000,176465000,116912000,214429000,178046000,211202000,192147000,215786000
"Q53H96","PYCRL",289595000,326140000,315635000,316451000,390710000,306868000,357570000,395910000,337060000,409270000,370150000,318796000,333395000,321397000,307871000,298527000,343600000,291921000
"Q53HC9","TSSC1",91469000,51164000,89810000,62290000,104127000,21091000,39595000,71931000,27398000,91275000,78293000,33985000,114760000,26352000,NA,NA,NA,78811000
"Q53QV2","LBH",NA,261862000,253236000,260862000,272801000,310880000,390440000,303798000,328779000,248630000,231113000,246946000,218356000,145022000,165063000,291006000,271838000,202344000
"Q53T59","HS1BP3",43855000,NA,NA,35151000,92157000,NA,112620000,125385000,160982000,131976000,134633000,69219000,126346000,129673000,21414000,144124000,161202000,155301000
"Q562R1","ACTBL2",12046150000,22910500000,6146170000,251946370000,6676030000,1.2758e+10,5666500000,290250000,9885180000,22004870000,8404180000,NA,NA,9556500000,NA,150890000,NA,NA
"Q567U6","CCDC93",157501000,91204000,156146000,126175000,158549000,116662000,146618000,158340000,153413000,95011000,146913000,132230000,122778000,148639000,130526000,141328000,137791000,169377000
"Q56VL3","OCIAD2",34419000,31139000,NA,NA,84407000,NA,73947000,96756000,31459000,95277000,104291000,84237000,52639000,51823000,NA,13140000,NA,NA
"Q5BJH7","YIF1B",443140000,500320000,538470000,600790000,738110000,458910000,315085000,425310000,420810000,449190000,316699000,340461000,309589000,272717000,319676000,275404000,261621000,246593000
"Q5BKX8","MURC",127647000,57582000,56467000,205020000,158221000,184172000,352160000,374070000,446580000,1148410000,1020980000,969380000,1868570000,1403520000,1679710000,2058540000,2031570000,2352230000
"Q5BKZ1","ZNF326",271544000,233396000,241850000,234047000,224471000,195544000,273873000,257172000,263218000,228357000,232868000,199984000,212261000,175617000,171987000,123874000,187580000,186076000
"Q5EB52","MEST",88531000,222867000,123994000,217414000,218444000,258528000,235507000,111042000,204825000,140518000,159010000,159262000,199360000,NA,NA,210112000,160243000,149810000
"Q5EBL4","RILPL1",202426000,212522000,186422000,171919000,195718000,178774000,182547000,150068000,147141000,158269000,150019000,144192000,155571000,144492000,146001000,167214000,147866000,202908000
"Q5GJ75","TNFAIP8L3",477620000,419590000,462860000,538650000,585460000,564150000,488260000,492120000,534660000,405070000,324320000,441090000,336920000,408960000,430050000,441970000,493400000,406070000
"Q5GLZ8","HERC4",1570490000,1559260000,1504980000,1708970000,1588960000,1539160000,1678780000,1764500000,1709230000,1638610000,1595370000,1476190000,1214740000,1339280000,1342950000,1210490000,1205890000,1151540000
"Q5H8A4","PIGG",35216100,21016000,39558000,21761000,26842700,16443400,19880600,6900700,30340600,16391000,23632300,16889200,15053900,20206400,26500900,16585400,NA,9171700
"Q5H9R7","PPP6R3",682870000,745370000,714130000,672420000,756640000,727630000,622560000,718890000,634470000,674790000,698290000,621300000,690480000,672760000,637600000,598860000,593510000,661690000
"Q5HYI7","MTX3",50479000,39397000,17262000,NA,83329000,NA,142242000,117585000,132522000,238699000,196608000,50128000,185979000,156862000,88752000,240980000,179531000,284716000
"Q5HYI8","RABL3",128670000,103938000,116262000,128904000,129658000,51298000,57577000,133380000,144716000,125444000,108662000,137656000,128716000,135730000,149181000,91599000,143499000,135006000
"Q5J8M3","EMC4",167755000,190661000,160183000,176343000,131599000,157383000,183674000,104883000,172191000,173388000,181884000,161255000,176305000,193788000,173825000,201849000,216843000,193479000
"Q5JPI3","C3orf38",NA,34364000,44742000,NA,NA,20817000,NA,21929000,18644000,NA,NA,15751000,NA,NA,NA,NA,NA,NA
"Q5JRA6","MIA3",510850000,428390000,398620000,427690000,529340000,417940000,481460000,490040000,444470000,510710000,527070000,418340000,575190000,514740000,451110000,564230000,517040000,481640000
"Q5JRX3","PITRM1",2523370000,2517860000,2418810000,2160310000,2221940000,2043720000,2687570000,2546550000,2538160000,2452890000,2592280000,2479180000,2065240000,2139050000,2177100000,1829570000,1880590000,1861330000
"Q5JSH3","WDR44",243192000,246665000,217740000,214247000,256169000,208784000,252662000,171683000,160852000,203587000,235715000,200068000,173964000,181681000,191174000,144401000,187233000,149088000
"Q5JSZ5","PRRC2B",74447000,135070000,190977000,94513000,NA,136959000,79402000,75732000,80159000,32762000,77014000,108861000,68791000,122049000,64403000,84037000,98299000,105768000
"Q5JTD0","TJAP1",117650000,40842000,100371000,118001000,95520000,54925000,NA,74491000,48571000,87355000,52504000,NA,75867000,NA,NA,72412000,51298000,49845000
"Q5JTH9","RRP12",716430000,762920000,702460000,781810000,775260000,696340000,851370000,882570000,865320000,992160000,893880000,806210000,811540000,828430000,804890000,838480000,666300000,824740000
"Q5JTV8","TOR1AIP1",893500000,911210000,1040530000,834320000,893240000,795090000,1059170000,1093890000,1010870000,1071730000,1036280000,933490000,883910000,865100000,824360000,808320000,773140000,844580000
"Q5JVF3","PCID2",156801000,160813000,88716000,149088000,145313000,33074000,167065000,154014000,164408000,153036000,143078000,153547000,141620000,102963000,148504000,127889000,158378000,136787000
"Q5K651","SAMD9",178644000,153990000,186047000,183631000,181535000,159758000,176148000,211237000,195468000,93511000,143995000,120328000,NA,110497000,114832000,108995000,76780000,19751000
"Q5NDL2","EOGT",174769000,127322000,148435000,107199000,164022000,116309000,85511000,142890000,96686000,110935000,134306000,96400000,112167000,44985900,60213000,127359000,86239000,122706000
"Q5PRF9","SAMD4B",92655000,102175000,105241000,104187000,89494000,119887000,90815000,74910000,87719000,85664000,90595000,89290000,84335000,84485000,115904000,86659000,94434000,72624000
"Q5QJ74","TBCEL",171284000,66616000,NA,179142000,189985000,101300000,240715000,186992000,59563000,241135000,168800000,74636000,147812000,183030000,71602000,156866000,81906000,202728000
"Q5QJE6","DNTTIP2",103912000,90193000,34663000,58781000,26521000,60964000,107724000,28963000,NA,NA,33766000,NA,NA,24638000,NA,NA,NA,NA
"Q5R3I4","TTC38",17211000,11627000,NA,31413000,30798000,12308000,55319000,63328000,NA,59018000,55975000,18146000,30306000,NA,NA,15324000,10731000,NA
"Q5RI15","COX20",335531000,324140000,348150000,280619000,328601000,68603000,388450000,336780000,265781000,294390000,311126000,217246000,242586000,198685000,196342000,229494000,175303000,193799000
"Q5RKV6","EXOSC6",516800000,397970000,400360000,430610000,297781000,428470000,343360000,348430000,398300000,318100000,295775000,404200000,252888000,325760000,366350000,250864000,261519000,198040000
"Q5SNT2","TMEM201",24602000,29405300,37410000,34273600,28107800,22517500,57285000,61922000,47197000,53781000,50434000,46212000,51550000,50426000,27444000,51449000,46149000,54088000
"Q5SRE5","NUP188",187221000,258176000,276559000,187465000,155441000,262179000,265217000,253428000,207376000,150804000,204589000,218212000,169234000,144377000,146076000,150138000,134154000,158791000
"Q5SRE7","PHYHD1",NA,NA,NA,NA,116361000,NA,56486000,90111000,NA,139144000,123323000,45717000,106447000,111400000,NA,69840000,105737000,66837000
"Q5SSJ5","HP1BP3",3215300000,3202500000,3198500000,3.449e+09,3250100000,3087880000,4912300000,5014800000,4644400000,4848300000,4403200000,3.686e+09,3495800000,3165800000,3096820000,2828690000,2709910000,2900210000
"Q5SW79;Q96L14","CEP170",1564220000,1476980000,1458460000,1308400000,1630510000,1189240000,1326420000,1355700000,1165820000,1279770000,1216510000,955810000,1388950000,1216110000,1103180000,1312530000,1326970000,1730930000
"Q5SY16","NOL9",130289000,116113000,95123000,146281000,69935000,132654000,188664000,170569000,204061000,141739000,151692000,137624000,86857000,155517000,145411000,125493000,98312000,44469000
"Q5T0F9","CC2D1B",46840000,81093000,107337000,51892800,28487000,65465000,71565200,75635000,55989000,51605000,64224000,71514000,62503000,72964000,43759100,59999000,76736000,74436000
"Q5T0N5","FNBP1L",39595000,NA,26307000,32416000,36738000,NA,54028000,33863000,72052000,31715000,65230000,39572000,28793000,NA,NA,29903000,NA,24094000
"Q9Y6H1;Q5T1J5","CHCHD2;CHCHD2P9",360120000,320080000,344170000,259644000,359520000,261309000,358210000,427330000,333110000,546530000,464249000,421400000,676850000,555870000,505830000,160110000,445680000,434850000
"Q5T1M5","FKBP15",820470000,762400000,685350000,669640000,864280000,644770000,708860000,703090000,664490000,771300000,697420000,660370000,611550000,571090000,576300000,598530000,525080000,645790000
"Q5T200","ZC3H13",1416700000,4148700000,NA,2757400000,1362100000,3566200000,2214200000,2234700000,977240000,2650600000,2844400000,386270000,1219200000,1201200000,2469600000,1282800000,2574900000,NA
"Q5T280","C9orf114",39877000,NA,NA,NA,54108000,9038600,23357000,NA,NA,14733000,43652000,NA,26623000,NA,10019000,NA,NA,NA
"Q5T2E6","C10orf76",146818000,38711000,42076000,124386000,165849000,53249000,137782000,124754000,177089000,182537000,162685000,199088000,111186000,98603000,64104000,133720000,142158000,169130000
"Q5T481","RBM20",NA,NA,NA,NA,NA,NA,NA,NA,5903900,12611400,4787700,10076900,12374100,19615800,14346300,17584300,18773600,12799600
"Q5T4B2","CERCAM",10809000,11389000,NA,13863000,NA,25246000,NA,13994000,NA,NA,NA,NA,NA,8720900,NA,17312000,12743000,15685000
"Q5T4S7","UBR4",3476300000,3570500000,3426700000,3342400000,3394800000,3313300000,3204800000,3230100000,3105400000,3325900000,3247700000,3184900000,3544100000,3.395e+09,3515900000,3601100000,3560600000,3713200000
"Q5T5C0","STXBP5",68741000,60326000,64188000,71029000,79226000,42261000,69421000,61596000,60720000,58144000,52253000,30204000,65867000,43028200,48574000,44938000,64337000,69780000
"Q5T6F2","UBAP2",132640000,151627000,99968000,32147000,114155000,72438000,26993000,66023000,NA,25431000,20317000,NA,NA,NA,26974000,38647000,35844000,NA
"Q5T6V5","C9orf64",71407000,68917000,81257000,118394000,102619000,94381000,141616000,127463000,128494000,124357000,114767000,109630000,85510000,111166000,61549000,104753000,78521000,139486000
"Q5T8D3","ACBD5",161918000,146899000,122433000,136275000,164629000,150609000,150627000,171918000,131765000,142059000,125206000,153991000,86832000,142811000,52321000,140786000,NA,134763000
"Q5T8P6","RBM26",276207000,255314000,234657000,254744000,318012000,281995000,410450000,447450000,424350000,380810000,363300000,298664000,458680000,298854000,339312000,305173000,319200000,379530000
"Q5T9A4","ATAD3B",195868000,94797000,88244000,NA,75061000,73732000,NA,NA,94876000,NA,71678000,81978000,74843000,NA,NA,NA,NA,NA
"Q5TAQ9","DCAF8",126302000,123193000,109371000,155809000,145246000,120747000,160115000,170832000,166735000,219500000,204547000,170221000,190015000,182807000,182530000,122462000,159339000,188022000
"Q5TBB1","RNASEH2B",24907000,53912000,39355000,43263000,35536100,25149000,45350000,50862000,40348000,32953300,30721000,25361000,10563200,9846400,7796000,21715200,15478500,NA
"Q5TC84","OGFRL1",89173000,84050000,71170000,69611000,93341000,81620000,NA,NA,NA,48618000,20346000,NA,19452000,NA,NA,NA,NA,NA
"Q5TCZ1","SH3PXD2A",66381000,43333000,31529000,74172000,79559000,76265000,111091000,91124000,101559000,127423000,137759000,100156000,157434000,167474000,119089000,149116000,153179000,145581000
"Q5TDH0;Q8WTU0","DDI2",87815000,NA,48650000,113730000,80320000,NA,NA,105074000,97658000,139084000,82751000,165130000,204104000,129168000,190964000,177244000,172894000,194075000
"Q5TFE4","NT5DC1",236717000,304160000,299103000,222083000,165668000,256771000,365900000,332755000,287196000,171950000,198801000,211494000,219994000,215554000,161984000,182769000,211134000,170932000
"Q5TGY3","AHDC1",42231000,46908000,54570000,39392000,44035800,41188000,63913000,56948000,51066000,56313000,55044000,63182000,39796000,36531700,32629000,23274000,32996400,53115000
"Q5U5X0","LYRM7",141667000,155927000,179097000,183179000,136642000,139412000,122918000,64571000,124194000,71557000,108801000,117843000,101146000,125547000,136898000,144344000,158293000,132619000
"Q5UIP0","RIF1",48916000,135082000,155340000,162475000,117505000,153474000,57180000,32854000,NA,30827000,31645000,34271000,NA,NA,NA,NA,NA,NA
"Q5VIR6","VPS53",91041000,83829000,81191000,62828000,93154000,58037000,53593000,46086000,NA,77067000,80894000,81576000,64222000,81441000,87988000,54793000,92403000,69464000
"Q5VSL9","STRIP1",67375000,85318000,50186000,20190000,72663000,21517000,47576000,40725000,20410000,75303000,51952000,29433000,83831000,84193000,89061000,89035000,87518000,87578000
"Q5VST9","OBSCN",475467000,450800000,529164000,246662000,667490000,256865000,404820000,608260000,373946000,236335000,230086000,272786000,1364090000,1180560000,1426180000,3066660000,3331810000,3.461e+09
"Q5VT25","CDC42BPA",198469000,216664000,234370000,189094000,158875000,201034000,191600000,199278000,151906000,100264000,107819000,190432000,166886000,172557000,164615000,103996000,88729000,105118000
"Q5VT52","RPRD2",NA,15247000,25035000,14567000,NA,32230000,NA,NA,12265000,NA,NA,82094000,NA,NA,69496000,NA,NA,NA
"Q5VTR2","RNF20",209727000,163108000,155628000,165514000,159359000,145056000,158568000,79196000,153814000,77579000,118247000,106586000,74896000,30763000,30007000,38012000,65884000,117396000
"Q5VTT5","MYOM3",NA,NA,NA,NA,NA,NA,NA,86286000,NA,118830000,NA,NA,314180000,331838000,364240000,398880000,310937000,274287000
"Q5VU43","PDE4DIP",397210000,350130000,374115000,418840000,436860000,458700000,419400000,350870000,443220000,363890000,332180000,309828000,286155000,308790000,415740000,191644000,265470000,268878000
"Q5VW32","BROX",376190000,375140000,203715000,358910000,408190000,299053000,386590000,362690000,369060000,440160000,333410000,370740000,318269000,299148000,297297000,213790000,202333000,243799000
"Q5VW36","FOCAD",107013000,125304000,86518000,173193000,138546000,160905000,137864000,129024000,148691000,109340000,115782000,139931000,136249000,146646000,190364000,153105000,157572000,204614000
"Q5VWP3","MLIP",NA,NA,NA,NA,NA,NA,73916000,68514000,29664000,110409000,107026000,92598000,136557000,112301000,120286000,153015000,127086000,145643000
"Q5VYK3","ECM29",2052730000,1980020000,1954560000,1969790000,2039140000,1860700000,1984780000,1984920000,1949320000,2149220000,2122150000,2128780000,2421600000,2.349e+09,2400510000,2456610000,2556980000,2683760000
"Q5VYS8","ZCCHC6",NA,41154000,39721000,NA,NA,20642000,NA,NA,NA,23470000,NA,15272000,NA,NA,10658000,NA,NA,NA
"Q5VZP5","DUSP27",NA,NA,76124000,213348000,185722000,171442000,223687000,237121000,221700000,492750000,435890000,388400000,770550000,852850000,662420000,749050000,826780000,704670000
"Q5W0V3","FAM160B1",469180000,485570000,435360000,398870000,468170000,422120000,235902000,209359000,239057000,215778000,205283000,176131000,217651000,200436000,152634000,188198000,189307000,104704000
"Q5XKP0","QIL1",100228000,89292000,92040000,80008000,105135000,125822000,111665000,87661000,135913000,117835000,106197000,157457000,102821000,124214000,148780000,99488000,131499000,96425000
"Q5ZPR3","CD276",NA,NA,36187000,NA,1.46e+08,191747000,NA,90769000,68455000,245517000,281036000,313137000,377510000,461330000,514200000,463860000,393910000,376690000
"Q63HN8","RNF213",103502000,105948000,62442000,106223000,91496000,91611000,90777000,87429000,95491000,81364000,77275000,93121000,91447000,86633000,72784000,51273000,68481000,90571000
"Q63HR2","TNS2",80865000,144909000,88232000,76973000,43038000,NA,29981000,NA,32353000,NA,NA,NA,NA,NA,NA,NA,NA,NA
"Q63ZY3","KANK2",2431520000,2183470000,2142520000,2466180000,2589810000,2412490000,2744660000,2754850000,2679160000,2641570000,2664950000,2548780000,2110680000,2001680000,1959190000,1926990000,1931070000,1935320000
"Q641Q2","FAM21A",1043450000,975600000,976960000,1035380000,1006800000,914480000,993210000,1022600000,1011900000,1033320000,963130000,1058730000,934580000,912890000,929740000,845780000,921200000,920740000
"Q643R3","LPCAT4",41067000,NA,18132000,16909000,35981000,35749000,19082000,17303000,NA,35087000,18047000,NA,55244000,14368000,24934000,31746000,NA,15581000
"Q658P3","STEAP3",160513000,199728000,210123000,230038000,173598000,NA,420780000,370650000,410790000,299613000,324980000,290512000,65256000,232436000,205825000,241090000,178402000,72460000
"Q66K14","TBC1D9B",50466000,27868000,83097000,85693000,54744000,94731000,58305000,25757000,55792000,69545000,60125000,91052000,67036000,98853000,92633000,89775000,83655000,92303000
"Q66K74","MAP1S",504490000,458190000,476860000,436950000,438170000,386090000,585750000,478010000,501710000,490630000,472060000,477370000,560380000,447980000,469870000,543550000,473570000,584790000
"Q66K79","CPZ",NA,NA,NA,NA,38882000,NA,25685000,65172000,66821000,58668000,74101000,70975000,14183000,42272000,67720000,23226000,22306000,47494000
"Q66PJ3","ARL6IP4",104010000,56653000,50178000,149420000,NA,38417000,NA,NA,97124000,136440000,NA,NA,224810000,91378000,NA,20616000,34254000,109930000
"Q676U5","ATG16L1",55615000,92123000,90991000,81406000,99819000,109428000,81558000,105235000,98932000,96628000,99267000,111381000,93903000,100016000,98124000,115854000,109196000,121746000
"Q68BL7","OLFML2A",NA,NA,NA,NA,NA,NA,330874000,307740000,300581000,279457000,299569000,325289000,131914000,107135000,107102000,99612000,99221000,105917000
"Q68CQ7","GLT8D1",135539000,37665000,NA,81219000,120862000,105909000,NA,NA,NA,NA,NA,28071000,NA,NA,52866000,70510000,NA,113275000
"Q68CZ2","TNS3",4356300000,4234500000,4.2e+09,4323200000,4643100000,4214200000,3449400000,3512400000,3454800000,3069750000,2895910000,3047100000,2444470000,2257550000,2307950000,1950330000,2058750000,2111510000
"Q68D91","MBLAC2",53586000,61212000,19551000,127851000,256326000,273296000,273757000,572630000,239498000,176617000,221384000,229535000,133166000,16202000,215227000,29409000,NA,108735000
"Q68DK2","ZFYVE26",NA,NA,NA,105270000,NA,NA,NA,49814000,NA,40025000,NA,NA,32614000,45268000,NA,NA,NA,20410000
"Q68E01","INTS3",121107000,115196000,69553000,96878000,156549000,81192000,115336000,107510000,122688000,153782000,113257000,112026000,115779000,64196000,88892000,26971000,55602000,52992000
"Q68EM7;Q17R89","ARHGAP17",596520000,507960000,624570000,467420000,379250000,447040000,480020000,462230000,478510000,452140000,473460000,495510000,358640000,427500000,413230000,387390000,413140000,390570000
"Q69YN2","CWF19L1",94422000,92942000,89445000,85539000,80344000,103829000,119828000,72525000,99175000,62430000,77880000,57052000,61804000,77231000,6.2e+07,50953000,71851000,70259000
"Q69YN4","KIAA1429",121173000,168638000,86559000,140783000,129494000,95089000,135456000,142810000,135550000,99973000,118531000,105041000,92992000,101931000,89624000,55731000,100172000,89865000
"Q69YQ0","SPECC1L",688490000,654030000,631570000,640740000,582370000,548840000,390830000,299337000,352210000,393940000,413210000,274289000,324746000,345660000,233319000,246380000,239587000,212880000
"Q69YU5","C12orf73",12088000,31089400,31126600,25003200,5164100,22839800,25496900,33609400,25012100,15505900,26299500,30305800,32802000,46829000,38422000,53065000,56698000,65320000
"Q6AI08","HEATR6",40007000,39560000,28595000,45663000,36093000,29702000,22525200,NA,30037000,10885000,13038000,13950000,NA,24915000,11896000,12951000,NA,NA
"Q6DD87","ZNF787",53429000,NA,NA,NA,75390000,NA,31504000,34306000,NA,71587000,61042000,NA,62647000,NA,NA,NA,NA,33616000
"Q6DD88","ATL3",3181340000,3381500000,3243930000,2850400000,2990630000,2820540000,2257690000,2347330000,2163690000,1897600000,1978470000,2031670000,1401710000,1392810000,1472450000,1236550000,1208890000,1266700000
"Q6DKJ4","NXN",457570000,404180000,398330000,407620000,363360000,303863000,420580000,429190000,315322000,416480000,479850000,431480000,367020000,311090000,189574000,295843000,159625000,358250000
"Q6FI81","CIAPIN1",2101300000,2244760000,2126730000,2014500000,2100770000,1989640000,2004250000,1964640000,1970060000,1994680000,2000630000,1843210000,1967990000,1880110000,1928600000,1.993e+09,1970230000,1985720000
"Q6GMV2","SMYD5",50215000,109345000,125256000,140480000,113609000,120591000,167972000,149253000,117480000,159289000,150112000,107175000,93636000,93159000,94117000,143818000,153019000,158718000
"Q6GMV3","PTRHD1",666310000,639200000,684070000,601260000,735800000,608080000,758110000,928790000,744680000,817640000,771110000,715580000,733460000,677250000,703490000,645400000,629780000,797850000
"Q6I9Y2","THOC7",145113000,150477000,163681000,130520000,151403000,173259000,190463000,213729000,139254000,162522000,140030000,143804000,189553000,166303000,156732000,122862000,146364000,161569000
"Q6IAN0","DHRS7B",125145000,NA,NA,NA,47669000,NA,24746000,16485000,NA,65683000,55663000,NA,34439000,NA,NA,NA,NA,NA
"Q6IBS0","TWF2",4893100000,4810100000,4640900000,4367600000,4435100000,4525700000,3686100000,3605900000,3775700000,2993600000,3057100000,3083800000,2208790000,2335840000,2365330000,2108640000,2215940000,2106750000
"Q6IN85;Q5MIZ7","SMEK1",156348000,144321000,149347000,111887000,118913000,125749000,137042000,144149000,150531000,133010000,141079000,152680000,101197000,148957000,135210000,65869000,63592000,53289000
"Q6IQ22","RAB12",NA,49735000,27051000,NA,29121000,26263000,NA,24040000,41312000,23448000,25666000,22680000,NA,23322000,56893000,NA,88919000,53635000
"Q6IAA8","LAMTOR1",701770000,532570000,594270000,547460000,601660000,550130000,532820000,496620000,498350000,541460000,597520000,521680000,579670000,509550000,555510000,568840000,562280000,606520000
"Q6JBY9","RCSD1",555090000,398770000,499140000,702730000,715990000,680820000,764320000,823590000,702540000,966920000,890280000,1005770000,725240000,651970000,619530000,469760000,413540000,504460000
"Q6KC79","NIPBL",NA,44628000,NA,20373000,41195000,21776000,27197000,22055000,62968000,19248000,21928000,59315000,21848000,NA,24947800,NA,NA,NA
"Q6L8Q7","PDE12",529400000,542020000,531180000,451680000,499520000,446070000,452620000,459470000,432120000,448810000,434920000,356110000,4.17e+08,379880000,367610000,292660000,278384000,368460000
"Q6NUK1","SLC25A24",2798970000,2980150000,3044040000,2910620000,2904520000,2747710000,3375300000,3424600000,3359700000,3479200000,3304600000,3.137e+09,3002600000,3002500000,2977840000,2805570000,2858980000,3005570000
"Q6NUM9","RETSAT",216430000,208890000,212719000,244861000,249604000,248266000,257322000,242291000,252960000,208032000,192775000,158639000,131472000,162707000,142934000,117869000,136310000,138892000
"Q6NUQ4","TMEM214",1155780000,1234180000,1072460000,1048190000,1067730000,919840000,699500000,689300000,652990000,721900000,796960000,653430000,842230000,733610000,839150000,636780000,591920000,726740000
"Q6NVY1","HIBCH",360550000,269162000,315445000,312306000,357140000,304783000,451800000,407380000,426430000,464670000,436780000,431160000,411430000,397510000,373940000,433180000,400500000,420770000
"Q6NW29","RWDD4",35498000,87163000,98811000,72971000,NA,93768000,60880000,66985000,51777000,110960000,93108000,75773000,88298000,90548000,86823000,91887000,81087000,46013000
"Q6NXE6","ARMC6",NA,105506000,57255000,48635000,35126000,146507000,48236000,95631000,NA,68590000,54387000,43066000,89685000,41325000,NA,NA,NA,NA
"Q6NXR4","TTI2",58474000,28469000,59698000,17947000,52590000,45595000,34266000,49155000,48799000,40181000,16941000,18202000,13487000,30111200,34895000,18381000,23267300,NA
"Q6NYC1","JMJD6",143750000,151574000,160693000,118698000,113547000,127919000,31203000,69234000,100668000,NA,63858000,42242000,31182000,79253000,100290000,33991000,56826000,61489000
"Q6NYC8","PPP1R18",1849840000,1.553e+09,1559190000,1325740000,1779700000,1279930000,1378120000,1291770000,1319320000,1423670000,1241210000,944350000,1204030000,1140120000,1019820000,1025620000,982310000,1089230000
"Q6P582;Q6NZ67","MZT2A;MZT2B",126292000,120872000,138274000,125481000,126520000,136473000,67867000,104490000,114412000,112269000,96648000,125833000,58729000,108199000,130020000,22673000,59966000,74197000
"Q6NZI2","PTRF",9.63e+09,9256300000,8694200000,8248400000,10044900000,8470300000,9.436e+09,9.913e+09,9013700000,10239300000,9796900000,8610500000,8683500000,7.742e+09,7894600000,6783700000,6605800000,7530900000
"Q6P179","ERAP2",169603000,159536000,212668000,204411000,171750000,194787000,151187000,141364000,169041000,132120000,143471000,170796000,35612000,68722000,127873000,54448000,67159000,37127000
"Q6P1J9","CDC73",352750000,352340000,346117000,255759000,183756000,261780000,236276000,239391000,221494000,162558000,225972000,206693000,221674000,193301000,174150000,167156000,195690000,196188000
"Q6P1L8","MRPL14",123922000,77684000,141924000,119729000,147158000,78936000,111209000,161723000,53423000,172854000,155891000,93286000,154703000,111080000,109036000,148852000,113383000,89218000
"Q6P1M0","SLC27A4",109226000,134891000,120902000,117370000,69835000,123181000,63980000,95751000,69691000,71226000,97083000,55196000,117032000,111991000,116146000,145093000,117445000,106663000
"Q6P1N0","CC2D1A",218744000,81326000,78845000,161328000,57560000,186182000,152814000,153963000,240589000,154834000,238590000,236344000,269679000,232144000,243111000,235393000,223972000,256596000
"Q6P1N9","TATDN1",186273000,166775000,150951000,146700000,145917000,139027000,211190000,172088000,133120000,197273000,194975000,168496000,158693000,199310000,184736000,248004000,236457000,212483000
"Q6P1X6","C8orf82",25670000,NA,32369000,NA,85237000,NA,63927000,74168000,32912000,79279000,35667000,56830000,96958000,54479000,99995000,NA,31282000,60448000
"Q6P2E9","EDC4",2056240000,1861920000,1921640000,2111370000,2060920000,1973030000,2001940000,2040220000,1994450000,2377010000,2287590000,2172600000,2564920000,2526230000,2705130000,2149650000,2222090000,2051950000
"Q6P2Q9","PRPF8",4419400000,4242700000,4234100000,4323500000,4226200000,4.201e+09,4732300000,4585600000,4.759e+09,4772900000,4737800000,4666400000,4074900000,3963500000,4187500000,3702900000,3735400000,3722600000
"Q6P3W7","SCYL2",145866000,161831000,134415000,171662000,176409000,152095000,128390000,119716000,121980000,147013000,144650000,95460000,165749000,143016000,145274000,170019000,176832000,189485000
"Q6P3X3","TTC27",150135000,110307000,118082000,114298000,107284000,73443000,68792000,NA,88358000,NA,69387000,22268000,37770000,41766000,20991000,55341000,NA,26283000
"Q6P587","FAHD1",363570000,430750000,404720000,423880000,460930000,432170000,547040000,621330000,540490000,511250000,617040000,692280000,504220000,477360000,567310000,512960000,556220000,505610000
"Q6P5R6","RPL22L1",1278670000,1199550000,1321950000,947980000,985850000,996040000,592120000,543260000,592110000,434570000,538040000,509960000,436230000,473360000,393844000,270738000,311848000,284561000
"Q6P6C2","ALKBH5",150550000,138510000,155983000,218590000,158825000,190379000,236976000,244963000,267455000,268414000,233189000,266421000,254204000,209460000,269284000,186610000,189157000,157587000
"Q6P996;Q6P474","PDXDC1",313628000,269379000,293616000,294454000,274808000,262412000,198839000,115440000,137286000,132201000,130175000,51592000,135828000,180788000,271580000,133274000,304456000,131096000
"Q6P9B6","TLDC1",651060000,683700000,642330000,507130000,550500000,497890000,390570000,393130000,410880000,301630000,430940000,333830000,308704000,327461000,310065000,270468000,241727000,288466000
"Q6PCB7","SLC27A1",64903000,NA,NA,NA,NA,158887000,167592000,97814000,120176000,191751000,146799000,247916000,184915000,192020000,224232000,186256000,201151000,157445000
"Q6PCE3","PGM2L1",239163000,277074000,301153000,406900000,362050000,406470000,477150000,460480000,541160000,435040000,417950000,498080000,314481000,360990000,358817000,315492000,345471000,319980000
"Q6PD62","CTR9",NA,69904000,NA,152433000,156370000,69046000,161083000,NA,68824000,NA,74213000,157707000,NA,84083000,NA,58135000,NA,NA
"Q6PD74","AAGAB",NA,NA,102350000,146731000,NA,130356000,NA,32215000,61552000,NA,NA,42241000,NA,56535000,94245000,NA,37354000,NA
"Q6PGP7","TTC37",596110000,585560000,543380000,592740000,621400000,610080000,645390000,610400000,619410000,666550000,595770000,662520000,634210000,573750000,603650000,593280000,549900000,544720000
"Q6PI48","DARS2",162289000,120025000,168537000,167711000,183290000,157169000,209463000,200790000,208808000,192809000,194242000,185218000,175020000,180725000,157040000,150747000,161346000,171481000
"Q6PI78","TMEM65",NA,NA,NA,NA,NA,24805000,NA,NA,NA,NA,51571000,61641000,26102000,47965000,76543000,51816000,28994000,NA
"Q6PIU2","NCEH1",5021800000,4.75e+09,4577400000,3917200000,4187400000,3672900000,3332400000,3256900000,3084330000,2871370000,2985620000,2731500000,2242120000,2403100000,2475320000,1982970000,1933390000,2019840000
"Q6PJG2","ELMSAN1",NA,NA,NA,NA,NA,19910000,94426000,103333000,101190000,102705000,100273000,37867000,NA,24522000,NA,NA,23148000,NA
"Q6PJG6","BRAT1",135290000,159960000,124136000,66103000,105468000,95895000,52070000,55473000,65893000,64600000,42800000,NA,21403000,NA,NA,24126000,NA,65289000
"Q6PJT7","ZC3H14",317668000,332360000,280595000,285517000,376470000,278175000,382360000,336856000,333030000,316258000,327067000,283117000,311232000,261086000,209297000,270831000,248819000,301587000
"Q6PK81;Q13106","ZNF773;ZNF154",NA,6322100,NA,NA,NA,NA,NA,38557800,21820000,7271400,NA,NA,11487000,NA,13118000,NA,NA,3982400
"Q6PKG0;Q659C4","LARP1",1082470000,1151480000,1161890000,1077650000,1129680000,982140000,872170000,896680000,885870000,887130000,925210000,784550000,900980000,954750000,902740000,871380000,947540000,834790000
"Q6QEF8","CORO6",23111000,52281000,33076000,170365000,100562000,168169000,338390000,383200000,4.22e+08,697610000,576100000,613100000,1002340000,975110000,825770000,1142770000,1219170000,1133870000
"Q6QNY1","BLOC1S2",172416000,141093000,246030000,191922000,153590000,192047000,172513000,178253000,221210000,264107000,274469000,214610000,262817000,195465000,221159000,317320000,269219000,311346000
"Q6R327","RICTOR",181120000,586610000,505230000,296483000,184743000,381980000,158830000,136420000,315860000,143950000,271693000,238860000,323940000,365850000,272596000,390550000,451790000,602680000
"Q6RFH5","WDR74",17535000,NA,40047000,NA,13990000,11414000,16784000,NA,NA,NA,NA,21991800,NA,10291000,NA,NA,11274000,13141000
"Q6STE5","SMARCD3",86329000,55889000,54738000,53406000,146644000,95235000,52241000,44463000,132967000,97409000,116020000,125090000,110324000,30575000,115300000,34130000,107387000,40205000
"Q6UB35","MTHFD1L",1146940000,1143170000,1108080000,1109870000,1123880000,1062230000,1011270000,986670000,1111410000,1205730000,1250020000,1182820000,1519100000,1521760000,1449570000,1411420000,1343680000,1294160000
"Q6UN15","FIP1L1",46160000,120946000,199578000,119199000,176996000,153444000,198309000,264885000,249318000,229612000,220419000,180878000,207474000,168628000,122368000,152237000,47381000,115363000
"Q6UVJ0","SASS6",NA,NA,NA,NA,NA,NA,NA,NA,NA,48143000,19501000,17703900,329830000,384317000,523020000,1573030000,1156570000,1294910000
"Q6UVK1","CSPG4",7167500000,6636800000,6581700000,5.001e+09,5724700000,4648700000,4834500000,4520700000,4231900000,3800800000,3.762e+09,3166840000,3283800000,2827250000,2825870000,3492800000,3.079e+09,3573900000
"Q6UW02","CYP20A1",8945100,7200000,25352000,NA,NA,19329000,NA,9457800,NA,NA,5519000,7899100,6329000,NA,NA,9062300,NA,3611300
"Q6UW68","TMEM205",251737000,219370000,265653000,304441000,225944000,240113000,344750000,325930000,447140000,359090000,432310000,422150000,688320000,531810000,494420000,638770000,504520000,677170000
"Q6UWE0","LRSAM1",NA,NA,NA,26718000,NA,NA,NA,71435000,88149000,99982000,81346000,NA,127593000,78363000,NA,79764000,52996000,124866000
"Q6UWP7","LCLAT1",99638000,131605000,147927000,138470000,159561000,130759000,149165000,182047000,162757000,112737000,180653000,85571000,145181000,126154000,43421000,115877000,100187000,46591000
"Q6UWP8","SBSN",6791900,25350600,4639900,NA,NA,3588200,6106400,20040500,3599800,12379200,9733000,NA,2543200,8619000,3909400,33601700,7934000,9794000
"Q6UX04","CWC27",89867000,56231000,NA,139538000,91177000,96045000,30416000,64856000,55414000,32811000,NA,94200000,33192000,46761000,NA,NA,NA,NA
"Q6UXH1","CRELD2",NA,NA,36648000,101933000,43103000,119166000,75542000,41444000,32043000,49272000,81871000,38031000,107644000,144073000,106734000,146993000,147603000,154105000
"Q6UXN9","WDR82",612240000,542650000,541030000,623090000,743760000,533240000,700080000,666630000,673380000,668900000,696880000,542290000,629760000,476130000,487150000,503690000,451900000,532540000
"Q6UXV4","APOOL",NA,NA,38666000,102486000,44502000,44876000,96438000,NA,54348000,59419000,50209000,NA,62225000,NA,NA,NA,NA,NA
"Q6VY07","PACS1",348300000,366380000,371580000,371900000,408180000,329390000,361857000,326251000,315453000,309367000,326160000,302821000,252250000,239667000,231399000,245115000,248427000,248256000
"Q6WCQ1","MPRIP",4538500000,4412700000,4538600000,5216600000,5150200000,4819900000,5366600000,5256400000,5.102e+09,5039100000,4857600000,4207300000,4.712e+09,4380900000,4.212e+09,4093300000,4.126e+09,4508800000
"Q6XQN6","NAPRT",620270000,587620000,586490000,629940000,574950000,639970000,747960000,750990000,743640000,893770000,794580000,810640000,857340000,825370000,926500000,723450000,758610000,738890000
"Q6XZF7","DNMBP",315113000,157780000,368119000,261874000,321310000,295438000,277861000,200607000,143490000,313149000,283841000,239599000,296902000,347740000,323698000,251783000,224273000,225915000
"Q6Y7W6","GIGYF2",648240000,664110000,714320000,598840000,604780000,546320000,540100000,497640000,523330000,490760000,548410000,534350000,553910000,564930000,580030000,542620000,548960000,535570000
"Q6YHK3","CD109",1394830000,1485010000,1488640000,1729570000,1672970000,1801740000,2251410000,2241340000,2344390000,1883030000,1780520000,1719350000,1100110000,1161520000,1196680000,1178490000,1164940000,1155730000
"Q6YHU6","THADA",11043000,NA,20416800,38788000,36050000,29518000,11620000,23821000,26192000,12955000,30918000,19985100,42772000,9657600,29637000,23246900,18359300,25933000
"Q6YN16","HSDL2",600410000,568720000,639200000,660180000,676890000,690180000,740930000,675580000,707370000,737190000,739650000,847770000,690220000,737990000,725320000,662970000,637780000,609650000
"Q6YP21","CCBL2",NA,NA,49949000,103272000,NA,144262000,33895000,43653000,83225000,NA,77655000,NA,NA,56591000,104234000,NA,NA,NA
"Q6ZMI0","PPP1R21",247514000,258594000,241486000,270404000,231936000,297358000,247794000,259302000,303072000,250943000,260967000,291956000,222790000,234400000,253825000,260367000,253219000,208572000
"Q6ZMU5","TRIM72",5.86e+09,5947800000,5730400000,7796100000,7809300000,7902800000,10668800000,1.0352e+10,10936400000,15185700000,14594600000,13930300000,2.4113e+10,25528700000,25742900000,3.3518e+10,3.6001e+10,3.3544e+10
"Q6ZMZ3","SYNE3",35191000,70845000,103903000,108270000,46211000,33904000,127931000,75196000,127706000,49221000,84075000,135234000,73506000,33196000,25657000,NA,NA,NA
"Q6ZNB6","NFXL1",60493000,169156000,87394000,NA,NA,86180000,154171000,51371000,NA,149621000,72291000,57326000,84876000,NA,139613000,NA,75778000,NA
"Q6ZP82","CCDC141",NA,NA,NA,NA,NA,NA,NA,8750500,NA,9476300,11682000,13402000,54501000,81725000,71430000,132003000,100565000,87747000
"Q6ZRP7","QSOX2",152580000,102986000,35347000,53669000,37023000,20184000,21178000,20596000,NA,NA,46721000,NA,30715000,NA,42865000,NA,58688000,68486000
"Q6ZS17","FAM65A",181228000,194290000,97305000,148829000,202174000,162201000,35626000,71868000,NA,128160000,NA,41047000,87522000,NA,44644000,NA,26471000,NA
"Q6ZSR9","",395700000,318192000,3.36e+08,407390000,415030000,360510000,388230000,369680000,325740000,419830000,345220000,315556000,321130000,266631000,298169000,254517000,253162000,262049000
"Q6ZSZ5","ARHGEF18",458390000,682500000,438830000,654450000,433820000,729280000,521700000,148720000,494200000,406360000,464910000,364330000,292390000,115010000,259520000,NA,NA,308933000
"Q6ZT12","UBR3",124503000,67574000,107030000,79961000,105411000,111295000,109946000,100117000,66646000,124296000,101302000,106003000,116799000,120767000,121240000,136613000,126579000,137198000
"Q6ZT21","TMPPE",16992000,15475000,16256000,36511000,NA,19506000,16968000,12897000,18078000,19642000,NA,17965000,53372000,13401000,37450000,16691000,13300000,16758000
"Q6ZUT6","C15orf52",141755000,132122000,145463000,156921000,89695000,49469000,167397000,132587000,143194000,189190000,141062000,187042000,141708000,141029000,148768000,53125000,49057000,42059000
"Q6ZVM7","TOM1L2",281490000,341710000,374636000,409470000,384700000,463770000,357500000,340299000,264954000,470070000,415060000,527810000,534990000,565160000,541490000,493950000,472030000,547650000
"Q6ZW31","SYDE1",NA,24291000,20365000,32382700,12445000,33776200,NA,NA,NA,NA,NA,NA,NA,NA,7416500,NA,NA,NA
"Q6ZXV5","TMTC3",274043000,327955000,321911000,294229000,280741000,352820000,273770000,265845000,290903000,185319000,241646000,2.88e+08,162686000,242389000,271624000,107285000,145576000,132264000
"Q702N8","XIRP1",6469200000,6027900000,5891700000,8.426e+09,8356500000,7966300000,8383800000,8.749e+09,8.405e+09,21791300000,20699100000,18060800000,3.4282e+10,30375900000,29612100000,30714600000,29957900000,3.3486e+10
"Q709C8","VPS13C",87055000,130328000,234778000,230707000,153645000,187074000,217588000,218339000,276626000,226713000,303566000,250693000,313934000,293797000,373030000,267661000,300084000,288091000
"Q70CQ2","USP34",73221000,30792000,115648000,23479000,69168000,35856000,NA,49069000,61139000,142749000,147007000,NA,192397000,51129000,38248000,NA,54356000,NA
"Q70E73;Q7Z5R6","RAPH1",1392920000,1215060000,1270880000,1597640000,1694020000,1642300000,1043190000,1158950000,1188060000,772400000,827570000,919650000,502499000,798830000,829530000,617960000,821240000,766310000
"Q70UQ0","IKBIP",3185700000,2942540000,2900030000,2509680000,2916510000,2351860000,2394130000,2.431e+09,2247200000,1833870000,1924690000,1626870000,1469260000,1344060000,1314520000,1246090000,1174130000,1208230000
"Q712K3","UBE2R2",233493000,217960000,266761000,239557000,297674000,258453000,131802000,301078000,236143000,272226000,238014000,246975000,237891000,147362000,215710000,229744000,144313000,232357000
"Q71RC2","LARP4",570280000,491110000,422770000,384060000,507520000,394710000,228446000,177760000,221452000,384360000,339740000,308040000,359740000,372830000,349910000,381570000,306246000,364890000
"Q71UM5","RPS27L",5121600000,4998200000,4962300000,4.46e+09,5474300000,4292600000,4519300000,4793300000,4294800000,4431900000,4050200000,3814300000,3974700000,3668200000,3552100000,3468200000,3290390000,3930800000
"Q765P7","MTSS1L",495486000,522890000,556270000,778410000,824950000,798980000,966610000,966530000,763250000,1200900000,1086690000,879460000,1561750000,1396120000,1207220000,1502940000,1645350000,1693660000
"Q76M96","CCDC80",NA,56387000,29226000,53340000,99483000,55929000,30662400,18113000,NA,NA,NA,NA,NA,NA,NA,NA,NA,24835000
"Q7KYR7;Q8WVV5","BTN2A1",90695000,131206000,126092000,85449000,129249000,84047000,143372000,162317000,118045000,68700000,81015000,NA,87797000,41294000,29395000,54502000,22935000,123626000
"Q7KZ85","SUPT6H",437920000,489210000,429800000,3.89e+08,432890000,355360000,439540000,3.94e+08,374510000,487120000,440990000,380050000,398730000,392640000,319958000,313151000,279132000,328150000
"Q7KZF4","SND1",1.1108e+10,1.1054e+10,10591700000,12391300000,11869500000,11578400000,10027600000,9969800000,10717100000,10286800000,10130600000,10395900000,11193200000,11499700000,12047700000,11486300000,1.1514e+10,11497600000
"Q7KZI7","MARK2",187255000,118121000,148701000,179859000,201943000,150122000,201786000,186054000,164512000,192037000,154780000,99558000,197156000,142920000,164647000,87430000,155439000,180281000
"Q7L014","DDX46",1029270000,1086370000,1097300000,1020570000,1040560000,920850000,1273240000,1271580000,1172960000,1127470000,1121060000,1044280000,999090000,1002160000,1006880000,1009930000,925670000,1020720000
"Q7L099","RUFY3",68041000,90819000,34444000,87149000,NA,77990000,120602000,66438000,101517000,78864000,90201000,48155000,84778000,79080000,85365000,134165000,96062000,84963000
"Q7L0Y3","TRMT10C",454240000,470860000,461230000,448510000,516340000,449670000,489470000,509920000,539530000,536100000,577310000,533060000,536120000,527550000,535310000,543750000,547590000,541640000
"Q7L1Q6","BZW1",5157400000,4765200000,4729800000,4.29e+09,4904400000,4504600000,3621100000,3508300000,3438100000,3178700000,3093660000,2937800000,2925130000,2712670000,3000410000,2595340000,2588800000,2760690000
"Q7L2E3","DHX30",660300000,694380000,701400000,644420000,614400000,5.82e+08,516160000,522190000,498920000,559730000,588890000,635970000,584450000,549550000,688290000,534920000,587620000,546290000
"Q7L2H7","EIF3M",2769600000,2451730000,2409930000,2527950000,2433220000,2548040000,1918090000,1934580000,1994230000,2310050000,2205950000,2200420000,2269020000,2036470000,2127150000,2146460000,2089200000,2162780000
"Q7L2J0","MEPCE",26124000,38364000,64084000,NA,NA,90729000,138710000,113473000,119827000,NA,41507000,43646000,NA,22323000,61129000,39452000,19103000,NA
"Q7L311","ARMCX2",285683000,475710000,528860000,383470000,406604000,393960000,449240000,589820000,492460000,379217000,386951000,502300000,386430000,436720000,377280000,440080000,442160000,504900000
"Q7L3B6","CDC37L1",NA,NA,NA,80286000,NA,72430000,66521000,25108000,NA,90632000,69753000,63843000,127613000,102114000,116173000,156875000,148308000,141506000
"Q7L4I2","RSRC2",24537000,NA,NA,NA,104515000,NA,NA,71293000,NA,37916000,23627000,NA,26943000,NA,NA,NA,NA,NA
"Q7L576","CYFIP1",2269740000,2211140000,2314790000,2215400000,2320630000,2148710000,2085500000,2041710000,2071300000,2093430000,2039950000,2143500000,1987630000,1938050000,2137070000,2005290000,2031530000,1979750000
"Q7L591","DOK3",NA,96296000,38315000,94827000,NA,114094000,76017000,49323000,133387000,NA,72374000,190295000,36023000,140166000,181544000,112028000,137850000,79350000
"Q7L5D6","GET4",NA,NA,NA,65279000,NA,NA,NA,NA,68088000,40013000,NA,32713000,NA,41063000,135785000,NA,98882000,NA
"Q7L5N1","COPS6",1188260000,1154840000,1152080000,1107310000,1147260000,1111530000,1155220000,1189640000,1122990000,1272610000,1240700000,1109100000,1253110000,1.104e+09,1315100000,1271850000,1176560000,1225520000
"Q7L775","EPM2AIP1",308397000,310905000,271509000,417880000,389620000,376167000,497180000,485580000,479210000,563530000,561950000,485230000,599050000,590720000,602120000,516440000,516570000,558760000
"Q7L7X3","TAOK1",70144000,58580000,105156000,76685000,107489000,54634000,69298000,33839000,44963000,24367700,96892000,24548000,25619000,19588000,34908000,33955000,23683000,48662000
"Q7L8J4","SH3BP5L",103921000,107810000,86354000,80253000,114362000,48624000,128142000,135859000,126858000,151039000,116518000,88288000,106506000,73258000,27526000,26310000,111836000,48402000
"Q7LBC6","KDM3B",49365000,45931000,48705000,93797000,97582000,91928000,105660000,85905000,77425000,49551000,81586000,62710000,65440000,47564000,53584000,34837000,32946500,36169000
"Q7LBR1","CHMP1B",214320000,NA,NA,NA,50944000,106090000,NA,49097000,86477000,97111000,34951000,139960000,NA,NA,67763000,NA,NA,72404000
"Q7LG56","RRM2B",181542000,167108000,61103000,185998000,114211000,96355000,148047000,161822000,147920000,163713000,183212000,155701000,152379000,157785000,135600000,113041000,198004000,201271000
"Q7RTV0","PHF5A",623680000,532900000,535260000,617920000,602310000,516830000,710270000,732140000,722900000,778870000,639060000,584380000,582970000,527550000,534350000,550620000,468370000,569890000
"Q7Z2T5","TRMT1L",78032000,19468000,20005000,NA,85925000,75545000,NA,57265000,43031000,80237000,119824000,NA,49521000,23708000,NA,43223000,NA,25049000
"Q7Z2W4","ZC3HAV1",489280000,446800000,462130000,399480000,498220000,411630000,258606000,365910000,259273000,357070000,319002000,284243000,362280000,269700000,250779000,233515000,235292000,206089000
"Q7Z2W9","MRPL21",NA,17373000,59441000,65568000,NA,NA,NA,NA,59755000,NA,NA,42243000,24346000,71235000,32763000,91014000,58488000,NA
"Q7Z2Z2","EFTUD1",388570000,346950000,337680000,341710000,466270000,332570000,319109000,326549000,295289000,398780000,301920000,233721000,336853000,271465000,243013000,283226000,270818000,333499000
"Q7Z3B4","NUP54",994200000,934050000,796730000,748470000,754960000,711750000,825880000,813510000,798640000,785020000,772790000,723950000,664270000,692450000,640280000,558780000,563250000,635080000
"Q7Z3C6","ATG9A",NA,25112000,NA,41030000,NA,21077000,NA,NA,NA,16702000,NA,31315000,NA,61961000,62919000,30218000,62923000,NA
"Q7Z3E5","ARMC9",119932000,105526000,116812000,106122000,126816000,103395000,143003000,137219000,134514000,140285000,128002000,115966000,115012000,119754000,99223000,103648000,131101000,133989000
"Q7Z3J2","C16orf62",180133000,178911000,174619000,217401000,220516000,209439000,241182000,241228000,239142000,271854000,189965000,209634000,171580000,201896000,193548000,168944000,179539000,179674000
"Q7Z3K3","POGZ",100597000,118738000,110429000,65868000,41637000,103224000,111858000,122018000,137695000,75814000,89119000,130695000,85367000,96170000,62194000,61641000,57261000,69173000
"Q7Z3T8","ZFYVE16",NA,20725000,29549000,52619000,29676000,77601000,NA,NA,NA,NA,NA,NA,NA,49508000,48677000,NA,NA,NA
"Q7Z3U7","MON2",201840000,209376000,218613000,191097000,197698000,215002000,130822000,120112000,127275000,137867000,117847000,125091000,134893000,123901000,158086000,111980000,109777000,110907000
"Q7Z406","MYH14",2658480000,2482430000,2353430000,781690000,NA,964760000,2297530000,736290000,2699210000,833110000,1328650000,2734640000,596570000,2251870000,2747650000,2085620000,1709370000,699860000
"Q7Z417","NUFIP2",569910000,673660000,662690000,716990000,696530000,734150000,435600000,432940000,425660000,532190000,512010000,562460000,625120000,626780000,670390000,524090000,578530000,558430000
"Q7Z422","SZRD1",85274000,125550000,347600000,95614000,136370000,243790000,133900000,NA,96742000,130760000,94736000,NA,NA,NA,148680000,147244000,53699000,NA
"Q7Z434","MAVS",861690000,856930000,803450000,756930000,8.15e+08,765770000,1070800000,1039360000,914390000,1061040000,1073180000,963280000,933190000,854480000,864100000,792110000,741020000,791540000
"Q7Z460","CLASP1",320029000,346790000,333370000,3.49e+08,383150000,323432000,329753000,372180000,328670000,377070000,330570000,310486000,365840000,310096000,287886000,313113000,305741000,331858000
"Q7Z478","DHX29",139048000,183555000,198707000,217770000,216791000,193669000,196498000,156998000,179068000,154809000,176003000,199503000,150132000,207737000,237505000,313328000,231205000,226108000
"Q7Z4H3","HDDC2",336092000,378370000,333748000,373130000,363020000,401220000,391550000,314100000,346270000,340510000,349190000,318850000,283843000,317556000,298214000,261438000,306572000,308076000
"Q7Z4H7","HAUS6",139582000,252187000,231296000,131594000,232865000,NA,72171000,NA,NA,NA,NA,NA,NA,NA,NA,NA,NA,NA
"Q7Z4H8","KDELC2",522100000,631080000,604590000,674060000,607760000,743570000,493740000,515980000,519560000,381760000,384380000,471260000,343480000,411600000,432260000,324836000,361736000,340230000
"Q7Z4Q2","HEATR3",41115000,79115000,50827000,74461000,50216000,58618000,72161000,68444000,75440000,71302000,48413000,28020000,80244000,71780000,60096000,42193000,60153000,69825000
"Q7Z4V5","HDGFRP2",657940000,640050000,610330000,753580000,693170000,763510000,714160000,803300000,671270000,781740000,686750000,861400000,621340000,650890000,715540000,535970000,440830000,571410000
"Q7Z4W1","DCXR",28495000,NA,38264000,NA,NA,NA,77449000,113490000,36173000,92159000,100300000,22110000,31410000,87739000,20939000,105801000,61827000,66756000
"Q7Z5H3","ARHGAP22",123341000,95249000,116033000,137846000,113492000,157862000,120612000,110137000,119918000,60167000,95444000,145797000,NA,82152000,54713000,20290000,28560000,NA
"Q7Z5K2","WAPAL",182460000,171898000,167169000,153695000,212264000,116397000,190791000,176503000,156299000,183322000,174042000,139328000,138202000,149179000,128886000,89564000,67628000,110159000
"Q7Z5L9","IRF2BP2",290143000,282941000,312471000,307282000,292548000,313486000,222783000,223883000,181725000,174074000,143374000,157284000,214838000,190254000,211771000,170991000,172032000,230564000
"Q7Z6B7","SRGAP1",10480000,23125000,NA,10306000,24036000,10531000,10620000,7862500,9076300,NA,NA,NA,NA,NA,NA,NA,NA,NA
"Q7Z6E9","RBBP6",8731700,12413000,14619000,6471000,NA,13233000,22459000,16675000,17750600,6028200,12167000,20388400,13181000,16991500,8120800,12259000,18556800,11334000
"Q7Z6Z7","HUWE1",3849800000,3716200000,3642700000,4058500000,3956100000,4159700000,4336800000,4309100000,4585300000,4734400000,4874100000,5042900000,5444800000,5460200000,5795500000,5663100000,5564300000,5551600000
"Q7Z739","YTHDF3",846610000,937830000,902260000,833550000,928160000,816360000,617030000,665300000,620830000,683360000,674620000,684540000,726090000,643110000,643560000,653970000,637870000,630970000
"Q7Z7B0","FILIP1",NA,NA,NA,NA,NA,NA,NA,NA,NA,157327000,192736000,169447000,347426000,346810000,349370000,370990000,275149000,337895000
"Q7Z7F7","MRPL55",46192000,99873000,133217000,84836000,93574000,28453000,141807000,139075000,136970000,159811000,85104000,137953000,147503000,142827000,186411000,114568000,141369000,132188000
"Q7Z7G0","ABI3BP",45608000,NA,NA,NA,26646000,19139000,NA,NA,NA,NA,66292000,NA,66700000,56848000,99079000,263235000,275150000,247770000
"Q7Z7H5","TMED4",296532000,162782000,76850000,186548000,236725000,57176000,167020000,157693000,275255000,279790000,287860000,72194000,394860000,306937000,NA,339184000,259721000,329177000
"Q7Z7M9","GALNT5",255308000,257391000,253356000,272783000,304961000,298649000,180378000,175895000,189116000,83565000,80745000,92376000,NA,36297000,47349000,58032000,82399000,49027000
"Q86SF2","GALNT7",287144000,266650000,253467000,261853000,244061000,238978000,252764000,276789000,223228000,245823000,272652000,219034000,308835000,205709000,209227000,239550000,230753000,239588000
"Q86SQ0","PHLDB2",NA,NA,NA,NA,NA,NA,83210000,117677000,69690000,68835000,105866000,28302000,NA,26744000,26817000,NA,NA,27910000
"Q86SX6","GLRX5",201045000,183719000,228929000,237139000,236501000,248515000,395510000,3.71e+08,293470000,433180000,441700000,339777000,496200000,377270000,362550000,447980000,415830000,422250000
"Q86TB9","PATL1",22538000,42049000,73794000,52385000,47787000,56458000,NA,43988000,77333000,35585000,NA,NA,20443000,48748000,NA,NA,23321000,NA
"Q86TC9","MYPN",759640000,681830000,594380000,798560000,980880000,672540000,1463510000,1351190000,1223980000,1878370000,1733080000,1508660000,2013700000,1895750000,1841480000,1523330000,1345420000,1547720000
"Q86TI0","TBC1D1",18771100,NA,NA,10255000,NA,NA,15779000,31262000,NA,28161000,25867000,34431000,74009000,75334000,50291000,71552000,89555000,59609000
"Q86TI2","DPP9",558410000,490690000,491450000,512870000,602640000,547540000,448340000,455700000,467040000,373950000,357250000,391910000,284835000,349490000,308659000,264943000,240409000,228121000
"Q86TN4","TRPT1",18256000,26086000,32146000,28310000,28579000,31599000,62734000,15679000,14653000,16794000,18631000,50347000,19726000,58327000,59661000,20525000,20043000,19872000
"Q86TP1","PRUNE",NA,NA,NA,40617000,25653000,NA,25833000,39814000,NA,138964000,80858000,103229000,166379000,173959000,207237000,265252000,248575000,304141000
"Q86TU7","SETD3",240486000,241427000,234817000,326896000,236923000,299679000,154763000,108269000,148473000,236447000,262253000,264468000,368440000,362940000,358640000,340580000,331810000,330880000
"Q86TX2;P49753","ACOT1;ACOT2",305891000,353690000,317043000,307557000,365970000,315750000,557120000,604090000,556060000,701550000,724710000,674150000,847870000,803610000,760380000,926750000,901690000,912750000
"Q86U38","NOP9",9960400,30162000,14660000,NA,15653000,20397000,NA,NA,15102000,NA,NA,34642000,NA,29023000,74047000,NA,NA,NA
"Q86U42;A6NDY0","PABPN1",952920000,997260000,1009050000,799320000,869510000,954260000,1287420000,1270540000,1183970000,1127750000,1171710000,1226860000,1159340000,1000050000,1065860000,916140000,935940000,913310000
"Q86U44","METTL3",238716000,199061000,220790000,207034000,135414000,182818000,204469000,150840000,210914000,58044000,130418000,111595000,173207000,210811000,208151000,47684000,157432000,103970000
"Q86U86","PBRM1",13505000,NA,17387000,9593400,52986000,15122000,36492000,58868000,49105000,15684000,36234000,15135000,NA,12032000,NA,NA,NA,NA
"Q86U90","YRDC",388780000,134180000,262460000,230880000,315055000,NA,NA,NA,NA,129200000,236980000,111580000,117030000,115520000,NA,NA,NA,110510000
"Q86UA1","PRPF39",272130000,575570000,NA,NA,261800000,241450000,NA,505210000,236240000,374640000,1042620000,NA,509900000,NA,NA,242020000,NA,NA
"Q86UE4","MTDH",929940000,981630000,1017460000,1369980000,1198080000,1140420000,925980000,1011620000,966520000,938340000,1000170000,1035990000,945620000,981010000,965740000,864120000,889970000,874340000
"Q86UK7","ZNF598",139605000,105956000,103756000,77491000,105335000,60943000,68650000,61382000,58181000,116053000,70849000,26749000,92636000,41303000,53022000,37984000,80678000,29796000
"Q86UP2","KTN1",8273600000,8253600000,8035400000,8877500000,8855500000,7945600000,9160600000,9040300000,8443600000,8932700000,8374400000,7.702e+09,8308800000,7807100000,7320200000,8531500000,7969800000,8741500000
"Q86UU1","PHLDB1",1314060000,1213760000,1198310000,1358540000,1436490000,1379310000,1315310000,1175970000,1229240000,1176290000,1151120000,1033030000,1395230000,1420660000,1356830000,1629050000,1761130000,1754330000
"Q86UX7","FERMT3",5.088e+09,4847200000,4798900000,4701400000,4.671e+09,4435200000,4253900000,4156600000,4306300000,3720500000,3781400000,3677100000,3117300000,3047270000,3.355e+09,2976540000,3028330000,2900070000
"Q86UY8","NT5DC3",NA,74174000,67015000,124926000,44698000,123033000,117132000,80032000,89949000,132157000,NA,172777000,134778000,127322000,160920000,90610000,141494000,139983000
"Q86V48","LUZP1",1044950000,919400000,993910000,938970000,1119630000,892990000,922540000,826470000,781560000,848210000,784870000,660150000,814190000,726600000,698690000,713420000,714220000,887550000
"Q86V81","ALYREF",2485470000,2510510000,2467560000,2234900000,2156170000,1693790000,2450050000,3011980000,2577100000,3065990000,2733250000,2338350000,2730770000,2485300000,2481770000,2178090000,1998710000,2334570000
"Q86VI3","IQGAP3",559520000,713410000,469140000,394130000,351140000,348310000,116554000,122102000,189045000,99435000,NA,75688000,NA,47341000,NA,NA,NA,NA
"Q86VM9","ZC3H18",117808000,81228000,107071000,116492000,137454000,99089000,96933000,129979000,134447000,122510000,114406000,102271000,112810000,115306000,81066000,61295000,33767000,45377000
"Q86VN1","VPS36",82476000,132015000,99179000,90590000,162019000,119677000,176152000,178297000,156823000,182447000,189053000,172537000,241190000,213569000,209678000,277205000,241979000,258328000
"Q86VP3","PACS2",NA,NA,NA,NA,NA,NA,NA,NA,NA,208774000,174225000,211594000,286798000,281410000,283997000,254393000,256550000,266477000
"Q86VP6","CAND1",8.287e+09,7651200000,7.608e+09,8481800000,8924700000,8453800000,9852500000,9739200000,10161700000,1.0291e+10,10233300000,9.599e+09,9967600000,8741200000,9282700000,9349500000,8.975e+09,9643900000
"Q86VR2","FAM134C",222293000,206021000,215721000,153819000,186875000,137468000,168303000,171802000,186560000,180688000,170839000,190537000,165966000,196932000,184358000,111627000,174876000,182553000
"Q86VS8","HOOK3",1113140000,1172710000,1123050000,909920000,907880000,979960000,618790000,650920000,592810000,523940000,611250000,675260000,586100000,688810000,680790000,682260000,670930000,675620000
"Q86W42","THOC6",73398000,113604000,96550000,46741000,78759000,86578000,167785000,149890000,178745000,146740000,162664000,171157000,110861000,160278000,127514000,66430000,80855000,126437000
"Q86W92;Q8ND30","PPFIBP1",2870130000,2784260000,2870250000,2945030000,2809390000,2845300000,2097790000,2023330000,2124720000,1915930000,1889620000,1924190000,2026930000,2014390000,1964100000,1863210000,1856560000,1837060000
"Q86WA6","BPHL",NA,26358000,51977000,58255000,30369000,86231000,112899000,39917000,104953000,50089000,89102000,103879000,49153000,120351000,128081000,138841000,136201000,135586000
"Q86WA8","LONP2",25166000,13191000,29745000,10469000,NA,NA,13001000,NA,NA,NA,9085600,9717600,19487400,11029000,NA,NA,12252000,11982000
"Q86WB0","ZC3HC1",15291000,NA,NA,NA,NA,NA,71202000,82275000,55830000,25109000,22023000,NA,NA,NA,NA,18208000,22004000,15928000
"Q86WQ0","NR2C2AP",177093000,151761000,130683000,130662000,160646000,122704000,137606000,158380000,111037000,122109000,126059000,85350000,99786000,106370000,72343000,112028000,103159000,101392000
"Q86WR0","CCDC25",224398000,225701000,212379000,159201000,185501000,150898000,218840000,201244000,224786000,203896000,210648000,168645000,180987000,85786000,132539000,91342000,84968000,163896000
"Q86WV6","TMEM173",1682130000,1609160000,1616760000,1488720000,1525240000,1.407e+09,1346850000,1344260000,1280820000,1483470000,1450990000,1618510000,1330210000,1332480000,1337980000,1188010000,1131410000,1237960000
"Q86X27","RALGPS2",15011100,16803800,5252500,15262300,NA,7652700,18257000,8654800,28937600,33297800,35552900,17725800,58470000,5661700,15856100,13309400,8526200,52115000
"Q86X55","CARM1",301738000,261905000,250930000,250412000,307854000,151069000,264639000,59134000,249726000,229902000,226783000,247652000,229380000,150977000,203137000,211902000,286344000,238047000
"Q86X76","NIT1",372920000,415660000,401760000,319094000,326604000,335390000,391810000,435600000,435940000,369230000,423130000,385190000,329330000,325746000,367930000,406870000,388760000,391130000
"Q86X83","COMMD2",172891000,214286000,171271000,110605000,148828000,212828000,157301000,119791000,121346000,97851000,160262000,202340000,139122000,140283000,86298000,174284000,103900000,124560000
"Q86X95","CIR1",NA,12186900,11208100,898380,NA,2832900,3323900,10963920,3157700,635560,8781700,4091000,2486500,2168300,1839100,3880100,4795300,3322000
"Q86XA9","HEATR5A",29427000,34521000,87158000,134089000,25246000,157613000,45057000,NA,101324000,NA,31394000,51039000,NA,130204000,112190000,35224000,102321000,38858000
"Q86XL3","ANKLE2",440120000,436900000,376570000,384990000,400860000,387490000,199545000,182525000,181981000,169308000,155655000,186405000,181860000,199646000,178326000,162621000,175376000,208137000
"Q86XN8","MEX3D",273150000,656720000,647100000,316106000,397140000,306420000,650970000,456220000,NA,309520000,231050000,258460000,NA,390960000,164740000,484830000,NA,NA
"Q86XP3","DDX42",948330000,940890000,856160000,908560000,934540000,849550000,916790000,867680000,845810000,891050000,884410000,774920000,800540000,772160000,742600000,671680000,715070000,715590000
"Q86XZ4","SPATS2",270322000,216235000,257366000,191236000,210476000,234921000,119025000,109965000,74144000,131275000,82970000,37570000,77106000,72260000,NA,137388000,36017000,100763000
"Q86Y56","DNAAF5",578270000,611550000,633780000,607750000,671690000,616400000,590850000,552780000,583330000,568440000,507280000,574280000,460130000,433440000,447100000,376950000,356950000,349220000
"Q86Y82","STX12",703880000,649830000,630540000,581430000,645010000,550030000,412830000,398550000,414350000,413730000,374270000,352450000,358220000,407510000,362750000,319296000,350120000,331973000
"Q86YP4","GATAD2A",398870000,425970000,3.54e+08,383210000,405520000,293548000,379070000,357070000,403980000,384820000,326100000,272447000,339920000,338040000,266639000,249281000,244973000,280273000
"Q86YR5","GPSM1",201112000,217861000,193870000,143238000,152640000,175461000,152279000,182799000,152188000,152225000,143466000,198270000,135522000,98651000,36377000,117935000,89141000,120142000
"Q86YS6","RAB43",142741000,106871000,120242000,96917000,67257000,118774000,NA,NA,NA,NA,NA,NA,NA,NA,NA,NA,NA,NA
"Q86YT6","MIB1",37214000,NA,NA,20367000,NA,NA,NA,NA,18741000,20291000,21238000,25034000,19669000,18785000,19758000,NA,17198000,NA
"Q86YV9","HPS6",20506000,18905000,39104000,17347000,NA,NA,19449000,NA,18576000,NA,NA,NA,NA,NA,NA,NA,NA,12704000
"Q8IUD2;O15083","ERC1",386880000,348640000,340664000,368260000,404520000,336740000,428410000,427260000,387260000,383510000,383400000,325527000,389190000,285025000,298526000,338560000,321880000,384690000
"Q8IUG5","MYO18B",153583000,141594000,26389000,123769000,172971000,39488000,328743000,269837000,318336000,1346770000,1672400000,1310930000,1541880000,1844500000,1583010000,1069350000,1038400000,1352640000
"Q8IUI8","CRLF3",134280000,93980000,92481000,149974000,62960000,142817000,32463000,74382000,89969000,143766000,125194000,150036000,102637000,154931000,206197000,225552000,154536000,146018000
"Q8IUK5","PLXDC1",NA,NA,NA,NA,NA,NA,8195400,NA,8628600,68674000,61190000,45190000,NA,22888000,NA,NA,NA,NA
"Q8IUR7","ARMC8",310818000,211792000,169647000,259401000,312270000,223200000,96258000,194409000,112928000,201229000,211962000,221994000,214590000,168302000,183900000,104668000,63616000,121195000
"Q8IUW5","RELL1",102382000,44995000,59839000,131833000,158441000,90893000,214551000,208019000,170232000,340299000,309642000,204046000,620240000,518870000,4.76e+08,790030000,788020000,740670000
"Q8IV08","PLD3",539640000,572880000,586030000,758240000,759590000,722630000,873630000,862390000,913600000,764510000,778240000,785170000,636460000,661380000,682820000,591130000,608130000,549510000
"Q8IVD9","NUDCD3",122594000,52228000,58713000,NA,66525000,34484000,NA,36704000,NA,NA,33313000,34587000,58373000,33009000,NA,62407000,23020000,24648000
"Q8IVF2","AHNAK2",5.841e+09,5.361e+09,5728800000,6913700000,6638700000,6175300000,14630100000,14771900000,15012600000,21767400000,20808300000,18861500000,20217100000,19333500000,18768100000,14498600000,14393800000,1.5211e+10
"Q8IVF7","FMNL3",94916000,121631000,78059000,110228000,122462000,102462000,124312000,118887000,112730000,131494000,127370000,129850000,152899000,142619000,130931000,108484000,120639000,114324000
"Q8IVL6","LEPREL2",370330000,348380000,358930000,339500000,374100000,344360000,283587000,289568000,254504000,238237000,259218000,263311000,209770000,207530000,185452000,203694000,178947000,206960000
"Q8IVM0","CCDC50",322086000,302467000,308906000,285102000,280679000,220045000,192911000,272189000,213783000,164986000,223426000,65260000,100527000,NA,103748000,57695000,48704000,47018000
"Q8IVN3","MUSTN1",NA,NA,NA,NA,NA,NA,68832000,62058000,54756000,103738000,137892000,124961000,137002000,189773000,149786000,106209000,128064000,154260000
"Q8IVS2","MCAT",NA,NA,17356000,NA,NA,12512000,NA,21744000,15158000,20011000,NA,35522000,21313000,NA,15368000,NA,NA,18034000
"Q8IW35","CEP97",134680000,117216000,141108000,111573000,108422000,140543000,69499000,74300000,72860000,NA,43132000,52442000,18696000,42699000,68361000,37390000,56808000,NA
"Q8IW45","CARKD",102462000,86279000,42578000,175556000,135576000,59720000,191716000,197872000,215524000,242423000,289771000,262530000,261783000,202556000,163306000,245355000,279084000,298109000
"Q8IWA0","WDR75",47254000,42104000,NA,44343000,NA,NA,39830000,32981000,37183000,37087000,111723000,NA,34124000,29813000,33159000,NA,NA,NA
"Q8IWA4","MFN1",NA,25359000,24793000,80751000,24968000,54323000,24837000,NA,52601000,NA,NA,100333000,48531000,83169000,88841000,25936000,30139000,NA
"Q8IWA5","SLC44A2",833230000,884990000,798650000,908940000,878020000,924390000,1076430000,1146250000,1151810000,1010350000,1074990000,1024930000,756630000,827810000,869480000,781930000,857710000,859390000
"Q8IWB7","WDFY1",420090000,364760000,273203000,373470000,485740000,338164000,408500000,347467000,379620000,443190000,450800000,294842000,387626000,290074000,288589000,287239000,245230000,314979000
"Q8IWB9","TEX2",69432000,43889000,42957000,69857000,70409000,110488000,131387000,121892000,106593000,189189000,196558000,231242000,288309000,265674000,277757000,279625000,265636000,286699000
"Q8IWE2","FAM114A1",2778090000,2566010000,2616020000,2857180000,3007970000,2695530000,2220710000,2186700000,2028830000,2120570000,2077060000,1696340000,2160510000,1909680000,1800840000,2173760000,2074720000,2254760000
"Q8IWR0","ZC3H7A",35287000,40931000,62310000,38844000,31374000,50058000,18729000,NA,36165000,12158000,NA,27629000,NA,37721000,43030000,15968000,18263000,13168000
"Q8IWR1","TRIM59",51480000,50472000,52028000,61053000,30252000,32104000,76054000,NA,47506000,NA,NA,45242000,NA,NA,NA,NA,NA,NA
"Q8IWS0","PHF6",204440000,178339000,146813000,140313000,174592000,145352000,296173000,246856000,171116000,172682000,223312000,138641000,155637000,129522000,141172000,106740000,109902000,150111000
"Q8IWV7","UBR1",437300000,477710000,466830000,695690000,431550000,488150000,527220000,526360000,559240000,637930000,601710000,736710000,598240000,539020000,753830000,573420000,509380000,619120000
"Q8IWW6","ARHGAP12",76107000,96802000,72334000,34933000,99461000,60387000,67243000,95880000,107907000,106179000,90685000,96878000,70038000,101716000,102836000,101665000,61217000,74588000
"Q8IWX7","UNC45B",12688000,NA,NA,NA,NA,NA,21526200,27209900,30095500,2292120000,2054980000,1587130000,10928200000,9656800000,8165400000,11563600000,11937800000,1.3923e+10
"Q8IWX8","CHERP",472960000,549760000,455540000,479830000,491680000,460590000,530070000,549140000,484480000,533010000,533910000,431420000,422370000,465620000,408140000,355040000,335860000,374990000
"Q8IX01","SUGP2",491180000,434480000,466590000,463500000,453917000,451300000,696450000,618810000,641350000,790690000,716780000,616580000,910750000,878200000,741340000,1047300000,1021180000,1131030000
"Q8IX04","UEVLD",114359000,112855000,105928000,96799000,102631000,114080000,60055000,49335000,87454000,NA,74486000,32485000,22344000,13723000,NA,37442000,43962000,58619000
"Q8IX12","CCAR1",463760000,519410000,467240000,444820000,516320000,460930000,555250000,546950000,531470000,466030000,444330000,508140000,410870000,391920000,416770000,346630000,338010000,298086000
"Q8IXB1","DNAJC10",333160000,369180000,337740000,310680000,326990000,323670000,350600000,292953000,316622000,245742000,308812000,296279000,270229000,237156000,311489000,246709000,304272000,258288000
"Q8IXH7","NELFCD",147725000,138628000,138053000,130320000,118613000,136056000,201727000,158518000,157771000,150434000,151509000,138144000,135423000,120779000,132555000,134364000,137232000,127874000
"Q8IXI1","RHOT2",498390000,504860000,442410000,446920000,483740000,441500000,507800000,452010000,564320000,542210000,536150000,469450000,460260000,449400000,469990000,461280000,460670000,417420000
"Q8IXI2","RHOT1",81541000,130340000,246440000,304262000,NA,328960000,337160000,382900000,307382000,286270000,1.14e+08,126010000,159430000,184833000,NA,108760000,283140000,135730000
"Q8IXJ6","SIRT2",170670000,289797000,280330000,119488000,237051000,153178000,1045230000,1115280000,1235740000,2425820000,2356100000,2382670000,3120940000,3577100000,3181630000,2790560000,3076570000,2980620000
"Q8IXK0;Q8NDX5","PHC2",65235000,132642000,121114000,118448000,102532000,84181000,33916000,32326000,27450000,62680000,62285000,27748000,54367000,92668000,32449000,NA,NA,26368000
"Q8IXL7","MSRB3",84118000,41378000,50209000,NA,88319000,NA,27568000,30464000,NA,NA,29839000,NA,20059000,NA,NA,NA,NA,23089000
"Q8IXM2","BAP18",205469000,191784000,199376000,286303000,333190000,282538000,403310000,361780000,354130000,373010000,342150000,295569000,296460000,315477000,336500000,328483000,226810000,359490000
"Q8IXM3","MRPL41",121189000,109753000,112049000,99864000,137501000,96744000,120474000,123371000,133873000,134256000,124947000,133564000,142441000,127517000,126394000,132657000,123093000,123430000
"Q8IXM6","NRM",155130000,75151000,222458000,165577000,168552000,214135000,188040000,264618000,291290000,230570000,167550000,186245000,NA,111257000,156642000,59550000,187177000,NA
"Q8IXS6","PALM2",338652000,169366000,281211000,342200000,409610000,410290000,284722000,191864000,309729000,364180000,314960000,339081000,457550000,464690000,406120000,505180000,495210000,464390000
"Q8IXT5","RBM12B",91538000,57589000,89246000,55170000,73635000,85830000,83400000,65652000,70544000,81391000,69580000,98278000,18754000,79791000,77427000,60377000,56858000,64170000
"Q8IY17","PNPLA6",433410000,415230000,396850000,437820000,410880000,417950000,472470000,483440000,451710000,465870000,488410000,484540000,460530000,433950000,490780000,497760000,489800000,524580000
"Q8IY37","DHX37",66380000,32147000,59566000,45321000,19588000,21949000,82990000,29839000,25416000,22119000,19794000,47821000,NA,32354000,41307000,NA,46354000,18043000
"Q8IY67","RAVER1",292571000,305980000,295081000,269842000,285010000,343069000,303477000,329110000,282694000,276737000,244966000,269576000,199955000,111118000,181248000,147223000,149876000,69833000
"Q8IY81","FTSJ3",909380000,902550000,871670000,898510000,844120000,791720000,1069380000,1016850000,1011870000,948190000,1057280000,1108780000,810570000,744780000,793650000,683800000,630810000,687500000
"Q8IY92","SLX4",72873000,89780000,70261000,100837000,59041000,68737000,NA,NA,51194000,NA,NA,NA,NA,NA,NA,NA,NA,NA
"Q8IYB3","SRRM1",1084400000,872300000,961070000,1026800000,949600000,843280000,1082870000,1109650000,901910000,1044630000,1001580000,961860000,820530000,776830000,880940000,623950000,519320000,589010000
"Q8IYB5","SMAP1",323677000,286689000,243819000,208470000,389790000,179501000,186562000,234476000,200223000,244509000,218823000,41411000,198145000,56047000,NA,80962000,NA,45138000
"Q8IYB7","DIS3L2",NA,NA,NA,85583000,122187000,40116000,44840000,NA,NA,72859000,NA,89218000,40398000,48649000,59532000,29006000,NA,NA
"Q8IYD1","GSPT2",612520000,784580000,715470000,707900000,498770000,765110000,515430000,495160000,538950000,555450000,551600000,763920000,372394000,587390000,685750000,346188000,4.96e+08,447600000
"Q8IYI6","EXOC8",171783000,224588000,189991000,184850000,132945000,178923000,218425000,228975000,184744000,181413000,187455000,186223000,221916000,258100000,205207000,272528000,245364000,258258000
"Q8IYM9","TRIM22",186472000,169958000,203358000,105914000,130414000,111074000,107516000,71333000,106167000,99308000,90694000,100860000,19331000,21304000,49878000,23950000,15434000,18240000
"Q8IYS2","KIAA2013",103307000,158163000,115011000,58056000,87534000,140915000,78500000,27713000,91891000,82624000,28879000,18422000,32142000,65181000,86132000,95997000,27223000,152796000
"Q8IYU8","MICU2",95014000,43631000,68365000,145231000,101466000,61515000,95663000,37185000,59167000,129380000,197359000,238367000,262970000,242287000,297889000,240726000,315726000,247879000
"Q8IZ07","ANKRD13A",496070000,584250000,526350000,699550000,548930000,555070000,357830000,371520000,472870000,363600000,270830000,296424000,234488000,144328000,148625000,178973000,160954000,160966000
"Q8IZ81","ELMOD2",NA,101021000,55351000,NA,NA,35195000,46344000,46048000,108355000,58928000,56973000,32790000,173865000,NA,NA,94999000,NA,111077000
"Q8IZ83","ALDH16A1",251049000,244230000,258761000,237718000,224030000,205063000,215320000,220203000,202019000,221315000,230107000,174413000,177831000,122746000,178962000,183727000,147812000,165937000
"Q8IZH2","XRN1",226181000,179454000,118511000,196307000,206222000,216999000,174543000,196621000,182143000,176047000,172319000,177729000,153710000,173189000,163226000,166706000,197463000,172045000
"Q8IZL8","PELP1",725900000,751630000,878300000,810010000,645750000,801790000,944410000,879390000,1011730000,888670000,926680000,948480000,809200000,877020000,891770000,927770000,848300000,722770000
"Q8IZP0","ABI1",804050000,831740000,875640000,764340000,856930000,678840000,771510000,813080000,702940000,773080000,712450000,652700000,701430000,673400000,689500000,700610000,657150000,724950000
"Q8N0T1","C8orf59",NA,18746800,6349300,4552700,NA,NA,NA,4919800,NA,6507200,8710400,NA,15798000,NA,NA,6457800,5471500,NA
"Q8N0U8","VKORC1L1",77049000,17814000,31428000,95537000,17853000,86043000,NA,48697000,52165000,50654000,23220000,64696000,54665000,102168000,89722000,63988000,70362000,31600000
"Q8N0X7","SPG20",961680000,902020000,987620000,1244570000,1105430000,1163560000,1060190000,1085730000,1037040000,1459990000,1466800000,1187580000,1722620000,1594380000,1404860000,1600360000,1476990000,1648980000
"Q8N0Z6","TTC5",37575000,39348000,23359500,33312200,40656000,33712400,37828200,33686000,22519700,33067300,33698700,7628600,42211000,31754000,30562700,38492000,18723800,39233000
"Q8N126","CADM3",NA,NA,NA,44188000,44987000,34048000,200188000,243499000,214706000,86301000,77155000,89137000,57076000,42815000,27874000,19347000,NA,18474000
"Q8N128","FAM177A1",204999000,226106000,197543000,181696000,179346000,142545000,NA,37087000,NA,83004000,84219000,42035000,143379000,104386000,108747000,155682000,117624000,90592000
"Q8N129","CNPY4",132346000,64873000,197119000,208964000,222904000,211866000,70083000,64407000,190439000,NA,170061000,206374000,50276000,166914000,186769000,132378000,186110000,88277000
"Q8N138","ORMDL3",55764000,163782000,142215000,32117000,NA,71946000,91434000,139243000,85719000,63847000,84093000,NA,37065000,44962000,52291000,22292000,84840000,NA
"Q8N163","CCAR2",3032970000,2743470000,2842740000,2625970000,3114740000,2652960000,3650600000,3420300000,3474400000,3700300000,3632100000,3243790000,3020830000,2817520000,2732260000,2530870000,2447080000,2651820000
"Q8N183","NDUFAF2",228513000,180950000,237868000,137753000,186447000,159063000,231305000,263145000,256112000,251690000,266075000,233399000,245530000,250662000,74744000,239688000,210002000,258428000
"Q8N1B4","VPS52",272898000,447557000,326342000,320839000,273848000,343370000,367490000,442140000,398180000,385760000,383530000,360980000,316469000,310507000,278658000,327869000,293606000,406600000
"Q8N1F7","NUP93",3016410000,2856710000,2793400000,2540630000,2879730000,2308700000,2758700000,2878900000,2676760000,2866720000,2738360000,2527180000,2638810000,2354530000,2227790000,2150940000,2096960000,2401570000
"Q8N1G2","CMTR1",20568000,41547000,56742000,38398000,NA,28613000,NA,81275000,23192000,14051000,26391600,53189000,14462000,NA,11858000,NA,29649000,20258000
"Q8N1G4","LRRC47",1675690000,1521170000,1547860000,1676240000,1766610000,1575990000,1982340000,1957030000,1973980000,2285540000,2294770000,2113400000,2529350000,2588790000,2365510000,2652320000,2473880000,2599010000
"Q8N1W1","ARHGEF28",535210000,474580000,445620000,385670000,459910000,339520000,124680000,160076000,71922000,NA,102460000,61463000,NA,NA,NA,NA,NA,NA
"Q8N264","ARHGAP24",20793000,26874000,20320000,77535000,79617000,47317000,108791000,100596000,75223000,61712000,64282000,NA,90234000,58126000,33673000,56112000,46746000,64578000
"Q8N2F6","ARMC10",105491000,118188000,115663000,105905000,109906000,110549000,129755000,149642000,141804000,139105000,136226000,142206000,137821000,107886000,114838000,118203000,120610000,131380000
"Q8N2K0","ABHD12",82377000,100505000,102873000,125262000,21420000,102503000,21520000,NA,32083000,1.3e+07,36234000,70467000,NA,18972000,55767000,16198000,NA,NA
"Q8N2U9","PQLC1",22682920,47356000,48974000,29594000,5386540,46460000,36535000,47543000,45803000,20476300,27996800,43419000,23529400,58347000,59178000,17706700,79710000,52250000
"Q8N335","GPD1L",NA,NA,NA,NA,23930000,44774000,109315000,NA,NA,NA,134721000,30515000,146816000,145376000,132362000,139581000,140233000,168293000
"Q8N392","ARHGAP18",2349910000,2696490000,2439420000,2253390000,2306970000,2352710000,1619410000,1519060000,1432680000,1081520000,1100970000,1180400000,459340000,661590000,699780000,503330000,402620000,345680000
"Q8N3C0","ASCC3",1163890000,1169580000,1203590000,1118790000,1182210000,1101420000,857700000,791530000,850500000,745240000,739470000,857790000,769860000,602900000,676840000,754040000,667180000,739500000
"Q8N3D4","EHBP1L1",191031000,155889000,255721000,393133000,343497000,456150000,389889000,337153000,505850000,1412060000,1456240000,1500350000,3169640000,3185370000,3369500000,4310600000,4600200000,4245200000
"Q8N3F0","MTURN",19266000,NA,NA,8350800,36137000,NA,60759000,37739000,30881000,53513000,42916000,17283000,84392000,76857000,52136000,278532000,178298000,207358000
"Q8N3F8;Q8IY33","MICALL1",144323000,157524000,166122000,147082000,164338000,159975000,162388000,159934000,133435000,117105000,109728000,100313000,87496000,96352000,105940000,117546000,115944000,126345000
"Q8N3L3","TXLNB",NA,NA,NA,NA,NA,NA,31421000,112689000,NA,330191000,326130000,299719000,779850000,769730000,680810000,910280000,684500000,769550000
"Q8N3R9","MPP5",171886000,145966000,152521000,146609000,144942000,150969000,89270000,140205000,132213000,150524000,152108000,121083000,96534000,26782000,105209000,71325000,91290000,117324000
"Q8N3U4","STAG2",245441000,245209000,198244000,191288000,217941000,211009000,218461000,212303000,231858000,168282000,173914000,203092000,114243000,154331000,123032000,103793000,114576000,86130000
"Q8N3V7","SYNPO",15139000,NA,NA,NA,NA,12958000,NA,20025000,NA,NA,22557000,28150000,21786000,NA,NA,32354000,NA,19023000
"Q8N4L2","TMEM55A",NA,33350000,72708000,71935000,66404000,60380000,NA,NA,28293000,NA,NA,60538000,NA,86890000,NA,NA,59202000,26945000
"Q8N4V1","MMGT1",71375000,166479000,117708000,110982000,182895000,209040000,184943000,196346000,62234000,220200000,171546000,203559000,175047000,216148000,233784000,130693000,232680000,203078000
"Q8N543","OGFOD1",67577000,32189000,37048000,20302000,82662000,8557700,5914500,12230000,6231200,25590000,NA,13511800,14662000,27277000,10848000,NA,14321400,NA
"Q8N556","AFAP1",265246000,237124000,243077000,290575000,233938000,319492000,138674000,84601000,130780000,78102000,113123000,106100000,36005000,108790000,102269000,125011000,133790000,48220000
"Q8N5K1","CISD2",245261000,227011000,258469000,367850000,335020000,344053000,309106000,305539000,309924000,300344000,285529000,258555000,422460000,347400000,319870000,420090000,334615000,381860000
"Q8N5L8","RPP25L",45470000,NA,31495000,NA,66528000,NA,43475000,65948000,51209000,66613000,38443000,NA,65711000,45532000,45769000,63451000,21238000,64330000
"Q8N5M4","TTC9C",96322000,189456000,239910000,112880000,NA,107227000,194863000,84699000,61226000,78036000,NA,173019000,183086000,NA,97314000,114362000,105881000,60847000
"Q8N5N7","MRPL50",334050000,303509000,296529000,267785000,326046000,301157000,320228000,338580000,301444000,302782000,317040000,386100000,349410000,311460000,373560000,285423000,322380000,322400000
"Q8N668","COMMD1",46005000,113609000,116087000,105310000,53590000,122529000,81891000,25906000,103964000,33021000,84369000,114036000,32160000,91375000,74971000,56928000,88570000,NA
"Q8N684","CPSF7",366750000,427590000,409130000,301424000,348510000,270367000,430580000,511650000,411420000,457250000,458550000,353730000,378220000,322585000,309306000,295608000,299867000,348436000
"Q8N6H7","ARFGAP2",769870000,911830000,908580000,712420000,801800000,812430000,712380000,707360000,685790000,1018200000,980570000,9.27e+08,1049910000,964560000,968330000,943120000,1029560000,1015160000
"Q8N6M0","OTUD6B",258050000,195088000,243726000,313284000,326183000,232261000,242418000,271447000,187437000,283546000,312853000,310993000,267251000,194907000,278389000,168294000,270729000,155593000
"Q8N6R0","METTL13",32145000,26517000,23393000,27284000,26476000,67590000,47829000,24591000,58655000,68402000,51612000,96799000,NA,48181000,78099000,49372000,40181000,21364000
"Q8N6S5","ARL6IP6",21966000,44434000,66483000,NA,NA,27174000,22928000,38621000,20723000,NA,25334000,33941000,27459000,20728000,19579000,30473000,17229000,23136000
"Q8N6T3","ARFGAP1",519310000,518510000,550210000,727220000,435310000,556200000,403850000,448820000,432760000,194293000,373060000,352420000,379329000,438290000,351090000,441450000,432860000,103210000
"Q8N6Y2","LRRC17",945480000,1119500000,958720000,1071200000,1352480000,1070210000,711560000,733290000,777530000,909460000,895590000,724650000,745490000,711740000,779850000,606060000,413180000,707780000
"Q8N766","EMC1",1014860000,1111900000,1066590000,1124140000,1100940000,1183220000,912580000,940860000,9.92e+08,999610000,1046150000,1141370000,980100000,1101310000,1174940000,1090750000,935930000,1010230000
"Q8N7H5","PAF1",309150000,301986000,405050000,368560000,217992000,404450000,196520000,111840000,254107000,287447000,243642000,273238000,NA,275341000,259011000,126931000,142504000,68538000
"Q8N806","UBR7",83223000,116352000,81606000,24568000,79626000,61230000,16055000,63321000,NA,20803000,NA,NA,NA,NA,NA,NA,NA,NA
"Q8N8A2","ANKRD44",156539000,62169000,66443000,134359000,173162000,101195000,225326000,238137000,290745000,457180000,400760000,396160000,515690000,281448000,325856000,474830000,337478000,512740000
"Q8N8A6","DDX51",NA,NA,14041000,NA,NA,NA,30414000,14743000,38773000,NA,18060000,NA,NA,18155000,NA,NA,NA,13355000
"Q8N8E3","CEP112",34339000,84620000,103432000,76141000,31597000,80344000,41407000,67055000,57345000,17325000,35477000,65306000,33683000,43467000,30281000,31706000,60238000,49860000
"Q8N8N7","PTGR2",34457000,41224000,37068000,100381000,79816000,33136000,125615000,135870000,159954000,167737000,158487000,86913000,195959000,210380000,152846000,233535000,243508000,259921000
"Q8N8S7","ENAH",2532160000,2267330000,2264730000,2312070000,2994660000,2190240000,2371970000,2148160000,1922270000,2111470000,1817790000,1510130000,1684370000,1670560000,1424890000,1404820000,1175690000,1528760000
"Q8N9N8","EIF1AD",194164000,176200000,238572000,178259000,252788000,187172000,127810000,145996000,130846000,171260000,85866000,115799000,98714000,127844000,75885000,130630000,109793000,135442000
"Q8N9T8","KRI1",103059000,151475000,167341000,140231000,141272000,152176000,174187000,199061000,172506000,218982000,206149000,185850000,216701000,172011000,192952000,151806000,178832000,153723000
"Q8NAF0","ZNF579",96828000,81324000,101500000,77878000,107073000,74201000,117068000,146467000,77804000,99270000,114383000,82225000,110182000,71814000,61656000,47618000,51811000,62425000
"Q8NAV1","PRPF38A",142879000,104186000,93505000,120185000,95500000,65957000,63413000,210070000,138055000,79920000,139704000,102641000,179157000,97310000,NA,154410000,104884000,125719000
"Q8NB12","SMYD1",NA,NA,NA,NA,NA,NA,87098000,100687000,177293000,1167550000,1032210000,1136600000,3313860000,3089520000,3568900000,3038630000,2664920000,2920150000
"Q8NB16","MLKL",85375000,114550000,60056000,78109000,NA,52315000,NA,22485000,62198000,NA,25741000,30267000,NA,19460000,22603000,NA,36235000,NA
"Q8NB37","PDDC1",349010000,336380000,366730000,315390000,396040000,356280000,408480000,455170000,395910000,422090000,394080000,400770000,337110000,336750000,369910000,345370000,335915000,346020000
"Q8NB46","ANKRD52",133841000,NA,71555000,109597000,174765000,57388000,53793000,NA,33493000,62247000,23447000,NA,99416000,NA,19497000,NA,NA,NA
"Q8NB90","SPATA5",303262000,238758000,356215000,279263000,223397000,259748000,167466000,181663000,209016000,153731000,186416000,192371000,93771000,179423000,190916000,158431000,203161000,90309000
"Q8NBF2","NHLRC2",672260000,681380000,687960000,680230000,657800000,750340000,685540000,693310000,690510000,703760000,730050000,721380000,694880000,751860000,823360000,815120000,930950000,881720000
"Q8NBJ4","GOLM1",72467000,138871000,215669000,224274000,238516000,200039000,174752000,174364000,41293000,NA,47876000,71604000,41976000,65715000,NA,NA,44288000,84713000
"Q8NBJ5","COLGALT1",1672400000,1647090000,1679550000,1649830000,1739990000,1675240000,1419070000,1529390000,1626070000,1298970000,1399080000,1394330000,1385730000,1283960000,1360210000,1374900000,1405930000,1310470000
"Q8NBJ7","SUMF2",843910000,699960000,814990000,916040000,974030000,1053850000,723560000,831250000,745910000,649070000,710590000,686280000,478200000,513240000,497910000,414010000,412880000,415840000
"Q8NBL1","POGLUT1",NA,NA,NA,69651000,NA,119927000,26735000,71193000,74912000,38482000,39846000,33722000,43217000,102763000,74984000,NA,26932000,34801000
"Q8NBN3","TMEM87A",342290000,356773000,303608000,263953000,305746000,292919000,272638000,312272000,278203000,277692000,282105000,158358000,309236000,272252000,221762000,296623000,277009000,312185000
"Q8NBQ5","HSD17B11",122258000,124389000,112996000,128898000,130625000,113497000,113582000,89683000,121346000,82132000,122916000,83558000,NA,84789000,31421000,NA,NA,49601000
"Q8NBS9","TXNDC5",2541200000,2505510000,2674520000,2670360000,2709860000,2823080000,2155390000,2244080000,2376890000,2065740000,2129810000,2017090000,2351220000,2281290000,2238140000,2490370000,2278960000,2523170000
"Q8NBT2","SPC24",814970000,790260000,736550000,660250000,807420000,671590000,593080000,562100000,510960000,282673000,280670000,267422000,NA,104460000,NA,NA,NA,NA
"Q8NBU5","ATAD1",311224000,300384000,280946000,310515000,225730000,293916000,381060000,310719000,332039000,383290000,383390000,269494000,333520000,273170000,237800000,251526000,231566000,287889000
"Q8NBX0","SCCPDH",750860000,951900000,879920000,1114450000,975410000,1079900000,1334670000,1070630000,1386840000,1117660000,1252110000,1333550000,1170380000,1377450000,1342910000,1473330000,1486120000,1082750000
"Q8NC51","SERBP1",13055300000,1.1384e+10,11208300000,13236600000,1.5911e+10,9.986e+09,1.124e+10,11686200000,10705100000,12011200000,12107700000,9578700000,12880400000,10009400000,9203300000,9418600000,7332500000,10276100000
"Q8NC56","LEMD2",482510000,465380000,442430000,401670000,512330000,370300000,602870000,618720000,564830000,637050000,584420000,484820000,548610000,525400000,531080000,568760000,567350000,641340000
"Q8NC96","NECAP1",NA,121259000,170132000,43282000,35622000,93694000,42488000,NA,50021000,127876000,51069000,85850000,33337000,74471000,36566000,NA,39584000,25141000
"Q8NCA5","FAM98A",745650000,754540000,767650000,989350000,599400000,778880000,719320000,698450000,720790000,703230000,718010000,627530000,619490000,735640000,733480000,704190000,728670000,773040000
"Q8NCC3","PLA2G15",NA,14986000,NA,NA,30238000,16898000,NA,NA,NA,NA,NA,NA,20087000,16687000,76808000,20203000,47698000,57573000
"Q8NCM8","DYNC2H1",136762000,51397000,101468000,20588000,167224000,130506000,18109000,33481000,25300000,70020000,87607000,98341000,56047000,36112000,94742000,74602000,66176000,62413000
"Q8NCW5","APOA1BP",760360000,911810000,901410000,821180000,915100000,801740000,1017960000,943890000,909420000,909510000,932090000,845770000,737950000,785490000,704700000,776020000,781050000,823930000
"Q8ND04","SMG8",45471000,21422000,NA,71087000,23877000,50166000,52532000,27663000,NA,29513000,49980000,26835000,47174000,49826000,54468000,42295000,NA,27858000
"Q8ND24","RNF214",21772000,54961000,63180000,NA,NA,NA,NA,45234000,NA,NA,47142000,26478000,43953000,NA,NA,37895000,26750000,37214000
"Q8ND56","LSM14A",309721000,4.57e+08,435040000,214462000,226129000,267636000,333393000,304026000,276954000,296625000,252559000,225188000,292198000,315441000,179726000,289958000,320357000,300866000
"Q8ND76","CCNY",109692000,63139000,128308000,172968000,161978000,160272000,280237000,319068000,314760000,361200000,343954000,299497000,414070000,367200000,322026000,371790000,388180000,368650000
"Q8ND94","LRRN4CL",100345000,66423000,NA,82352000,75953000,NA,129104000,81233000,133461000,178727000,162598000,NA,183349000,52429000,NA,165631000,92156000,140420000
"Q8NDH3","NPEPL1",215477000,197351000,232710000,201266000,305236000,211893000,383720000,329775000,344070000,344400000,338820000,300102000,321380000,300519000,283258000,325098000,339720000,403220000
"Q8NDI1","EHBP1",95152000,52026000,63826000,NA,57274000,41210000,56653000,NA,NA,21652000,NA,NA,NA,NA,NA,NA,NA,NA
"Q8NE71","ABCF1",1516880000,1630320000,1541410000,1732180000,1765910000,1725600000,1617670000,1563570000,1606850000,1714360000,1713100000,1582490000,1867620000,1702080000,1755650000,1804970000,1812460000,1701080000
"Q8NE86","MCU",259668000,288639000,311580000,362255000,305868000,391860000,507800000,489960000,613810000,768710000,722600000,882630000,1005610000,921260000,1094690000,1099290000,1017960000,1182210000
"Q8NEB9","PIK3C3",403361000,543630000,556300000,304851000,218098000,363280000,272013000,390070000,308713000,181327000,296487000,341436000,187047000,251384000,228929000,157497000,222700000,258825000
"Q8NEJ9","NGDN",72894000,46924000,65133000,153683000,NA,57474000,NA,NA,NA,59186000,NA,NA,53267000,NA,59329000,NA,NA,38280000
"Q8NEU8","APPL2",1464330000,1442370000,1295200000,1204890000,1394470000,1151600000,1021820000,1107020000,1094390000,985500000,935700000,785760000,904070000,718390000,679980000,620290000,538750000,658530000
"Q8NEW0","SLC30A7",279151000,139844000,247330000,187291000,226609000,201421000,148894000,128524000,133140000,151104000,156958000,88075000,60562000,NA,NA,42148000,39026000,74336000
"Q8NEY1","NAV1",122959000,107139000,117165000,171140000,168375000,134025000,267112000,256003000,252542000,211899000,186436000,136225000,115210000,90038000,84603000,76680000,63611000,77006000
"Q8NEZ2","VPS37A",125318000,66304000,108408000,39926000,69474000,69947000,NA,NA,NA,29980000,NA,75308000,67366000,112973000,70695000,27111000,29298000,93781000
"Q8NEZ5","FBXO22",48962000,135224000,140356000,114248000,78662000,115333000,127887000,132153000,154360000,123836000,117115000,123641000,88574000,NA,28513000,73100000,70542000,104466000
"Q8NF91","SYNE1",912600000,753390000,916420000,1259640000,1131540000,1204850000,1697770000,1649370000,1717040000,2143930000,2172320000,2311670000,2808990000,2838010000,2979870000,2958280000,3020740000,3004640000
"Q8NFC6","BOD1L1",139753000,3.86e+08,401750000,385280000,54007000,242170000,285300000,NA,391310000,134870000,117170000,270820000,243402000,NA,NA,220170000,524770000,453950000
"Q8NFF5","FLAD1",47346000,41256000,53321000,65839000,42474000,27374000,42784000,42528000,67758000,54904000,60193000,52801000,NA,48824000,58475000,28847000,54162000,31119000
"Q8NFH3","NUP43",392510000,401390000,420480000,345165000,416610000,372720000,414540000,409970000,375010000,351800000,299255000,357050000,307939000,331330000,370630000,274758000,301542000,251786000
"Q8NFH4","NUP37",476500000,399320000,370790000,431900000,480300000,421560000,461280000,407150000,436040000,426650000,431630000,392750000,371120000,340340000,296288000,277862000,284664000,288759000
"Q8NFH5","NUP35",531850000,441440000,383073000,395840000,462740000,372409000,481030000,414470000,461120000,400140000,409140000,358513000,343450000,342618000,307167000,299365000,321086000,320315000
"Q8NFQ8","TOR1AIP2",740600000,635970000,507917000,582130000,763040000,490480000,521830000,454250000,355830000,494950000,505280000,402390000,448390000,349187000,286958000,323319000,266967000,457130000
"Q8NFU3","TSTD1",NA,NA,NA,NA,29228000,25990000,20180000,67641000,67179000,102088000,33283000,NA,118777000,67929000,NA,139282000,131274000,136700000
"Q8NFW8","CMAS",557070000,508620000,482850000,560830000,567510000,588560000,661590000,668860000,675070000,722770000,698610000,634580000,583140000,596030000,580750000,547910000,505470000,606730000
"Q8NFX7","STXBP6",98181000,107263000,114975000,100127000,77888000,83265000,91910000,75845000,92905000,38034000,47691000,54672000,48738000,28684000,19562800,NA,15683000,NA
"Q8NHH9","ATL2",108856000,80520000,151817000,134720000,140271000,124844000,NA,41294000,67683000,63934000,29575000,89905000,34568000,86575000,94575000,112879000,104251000,101581000
"Q8NHP6","MOSPD2",37561000,NA,NA,NA,87543000,NA,26606000,43513000,NA,25531000,61608000,NA,19497000,NA,NA,NA,NA,NA
"Q8NHP8","PLBD2",135517000,87067000,87693000,153156000,145968000,81248000,172917000,150656000,148991000,148266000,167590000,128609000,142926000,104289000,147331000,151240000,161839000,150942000
"Q8NHV4","NEDD1",173910000,158801000,132786000,92574000,166351000,94579000,59661000,102509000,42237000,121211000,89996000,NA,29106000,NA,NA,62397000,NA,58953000
"Q8NI22","MCFD2",NA,75389000,173864000,472030000,104200000,500480000,226060000,259540000,186541000,214942000,85329000,270798000,NA,245538000,309382000,293524000,188108000,51964000
"Q8NI27","THOC2",301237000,292916000,282779000,239996000,245090000,241818000,296601000,296448000,296048000,297446000,283543000,292212000,254666000,245612000,251624000,176692000,251847000,228040000
"Q8NI36","WDR36",147370000,194216000,200938000,110220000,81636000,101575000,90082000,132661000,141757000,41039000,54205000,110773000,NA,NA,NA,40210000,NA,NA
"Q8NI60","ADCK3",NA,NA,NA,NA,NA,NA,NA,NA,NA,NA,NA,NA,97961000,70831000,108282000,269927000,257126000,258736000
"Q8TAD7","OCC1",295245000,344940000,322500000,254127000,245444000,252032000,203054000,211747000,150650000,132915000,136403000,163329000,100003000,105232000,95267000,93249000,70933000,86386000
"Q8TAE8","GADD45GIP1",192706000,214167000,219845000,124641000,143032000,146684000,235141000,221651000,219514000,188987000,226105000,228819000,207092000,195447000,172172000,225858000,187700000,239372000
"Q8TAF3","WDR48",13008000,40714000,29143000,33310200,17595000,38171100,47056000,59927000,35670000,27006000,31619700,8421300,40829700,22828000,30758500,36834200,29590600,37939400
"Q8TAQ2","SMARCC2",997270000,909880000,912240000,750100000,795240000,703550000,7.7e+08,811680000,857170000,828630000,761040000,794860000,774280000,644800000,615120000,666330000,646420000,649430000
"Q8TAT6","NPLOC4",1504210000,1644530000,1621790000,1783320000,1788260000,1737770000,2042570000,1812740000,1854480000,1987270000,1969420000,1802060000,2203790000,2189290000,2048010000,2411920000,2464550000,2561500000
"Q8TB52","FBXO30",97073000,109233000,73458000,101507000,102316000,73591000,103166000,93871000,60939000,96543000,103897000,87827000,126886000,150360000,179042000,153548000,173769000,154486000
"Q8TB61","SLC35B2",245684000,196661000,218052000,157854000,175437000,144228000,77034000,40014000,84886000,122695000,122414000,85416000,67869000,64532000,71968000,102212000,112117000,34064000
"Q8TB72","PUM2",NA,31885000,91025000,53566000,26458000,87244000,55969000,20025000,55536000,24615000,53051000,NA,NA,26673000,25149000,29457000,52894000,54399000
"Q8TBA6","GOLGA5",58576000,69097000,80100000,83349000,120241000,109049000,NA,20039000,20751000,64523000,81008000,49802000,65564000,76712000,91886000,72587000,30483000,51780000
"Q8TBC4","UBA3",840660000,678280000,811580000,817190000,723410000,868660000,918650000,919550000,1081080000,871280000,981870000,994240000,753770000,852390000,878920000,785420000,797060000,723970000
"Q8TC07","TBC1D15",310459000,263974000,258256000,325446000,284463000,330136000,322124000,302687000,341444000,271111000,295923000,331270000,296474000,321753000,301842000,304062000,324349000,323200000
"Q8TC12;Q96NR8","RDH11",641330000,629660000,556570000,595340000,712750000,768400000,515210000,544990000,575890000,657320000,620900000,584590000,686220000,667670000,681080000,813110000,809160000,921520000
"Q8TCC3","MRPL30",NA,NA,27508000,17162000,NA,26231000,NA,61884000,35728000,NA,NA,NA,31471000,68175000,NA,37836000,73199000,59428000
"Q8TCD5","NT5C",234279000,222866000,199963000,237462000,261763000,217695000,254314000,249194000,260131000,242961000,254717000,206908000,245741000,206365000,200802000,218568000,238037000,245458000
"Q8TCE6;Q6NSW5","FAM45A;FAM45B",97180000,50899000,33505000,153962000,135729000,71318000,43682000,133035000,96364000,149744000,120951000,55306000,118421000,33979000,33494000,128730000,77136000,114995000
"Q8TCF1","ZFAND1",NA,53245000,NA,NA,17552000,NA,NA,26315000,33268000,NA,56073000,19207000,NA,NA,NA,NA,25026000,NA
"Q8TCG1","KIAA1524",403170000,378382000,349940000,358711000,315420000,365880000,196194000,165676000,160197000,104279000,105635000,93016000,60957000,142828000,101050000,NA,87617000,NA
"Q8TCJ2","STT3B",489360000,NA,487200000,430213000,466120000,429897000,492800000,474930000,409370000,486220000,458100000,470230000,554220000,513160000,520550000,523100000,527100000,509940000
"Q8TCS8","PNPT1",408690000,421490000,441520000,358790000,456550000,388350000,430220000,378530000,377220000,409730000,453320000,427260000,406460000,349250000,389140000,377640000,358140000,369010000
"Q8TCT9","HM13",1761450000,1562870000,1540930000,1748340000,1745620000,1738680000,1522220000,1561600000,1408340000,1587120000,1670850000,1595920000,1684760000,1498460000,1574640000,1452290000,1457770000,1477730000
"Q8TCZ2","CD99L2",265456000,241457000,277960000,266899000,273067000,218329000,325950000,328310000,286162000,323700000,278277000,216481000,241172000,122500000,166446000,213835000,110837000,242733000
"Q8TD16","BICD2",942980000,1032500000,938620000,879780000,818480000,798860000,651020000,654350000,663520000,904950000,939410000,920140000,1155890000,1075850000,1032060000,908160000,863400000,887820000
"Q8TD55","PLEKHO2",185161000,159981000,163128000,190564000,201148000,190857000,228752000,180165000,257833000,192703000,188456000,186993000,154829000,183017000,186496000,125778000,149099000,116883000
"Q8TDB6","DTX3L",24863000,35300000,NA,22305000,19114000,NA,17676000,19588000,56466700,83223000,60435000,25710000,NA,NA,NA,43299000,26167000,NA
"Q8TDD1","DDX54",11939000,NA,12501000,12245000,40419000,NA,40093000,NA,NA,23071000,NA,NA,25896000,NA,NA,NA,NA,NA
"Q8TDH9","BLOC1S5",30032700,40485000,38130300,38616000,35667000,26909000,32609000,56465000,32972000,36291000,36903000,35079000,36685200,39330000,27968700,30817100,41900000,42563000
"Q8TDN6","BRIX1",492660000,506230000,513100000,473100000,4.71e+08,429720000,582480000,492640000,552570000,482510000,591680000,538290000,485760000,422730000,437310000,381440000,406020000,381640000
"Q8TDQ7","GNPDA2",247609000,279871000,256377000,293039000,295386000,267050000,290866000,283994000,326530000,274952000,306964000,388630000,238692000,240529000,220473000,234499000,317634000,239139000
"Q8TDX7;Q9HC98","NEK7",722300000,626380000,621640000,547050000,613280000,533300000,446570000,444310000,448780000,385900000,389660000,315215000,387050000,435020000,406700000,620020000,614950000,647490000
"Q8TDY2","RB1CC1",395160000,616840000,1618180000,540616000,1638290000,947060000,641568000,1392410000,936510000,2235350000,1925110000,955752000,448960000,960599000,1488890000,3276380000,NA,339025000
"Q8TDZ2","MICAL1",2802010000,2782760000,2866680000,2999230000,2817040000,2702910000,3346100000,3357300000,3482100000,4456100000,4316300000,4341800000,4487600000,4685800000,4.789e+09,4293300000,4039100000,4178500000
"Q8TEA8","DTD1",326111000,457400000,399080000,376910000,368970000,352810000,393550000,375720000,341110000,270714000,293653000,250307000,268153000,258726000,211691000,247712000,262568000,297726000
"Q8TED0","UTP15",162375000,213545000,193799000,208704000,179389000,200949000,213848000,124253000,197063000,134831000,95458000,190600000,112332000,143652000,164272000,100691000,112436000,65297000
"Q8TED1","GPX8",733220000,696380000,732920000,717480000,742420000,750540000,717550000,606890000,628420000,472500000,569540000,475140000,370520000,392710000,350480000,375900000,370010000,407100000
"Q8TED9","AFAP1L1",NA,NA,NA,NA,NA,NA,NA,NA,NA,190413000,151267000,99595000,614800000,474410000,488050000,742630000,607160000,752390000
"Q8TEQ6","GEMIN5",482280000,484320000,464870000,339900000,489680000,348470000,298811000,340080000,247247000,376100000,347580000,377420000,396680000,312922000,369840000,324732000,327337000,346700000
"Q8TEW0","PARD3",62655000,61683000,57450000,69699000,61183000,55696000,53911000,55440000,52078000,56028000,32257000,32016000,61420000,56753000,41848000,54433000,33794000,36960000
"Q8TEX9","IPO4",2194470000,1991270000,2030560000,1936670000,1960180000,1842030000,1807760000,1683290000,1.726e+09,1944720000,1901030000,1945530000,2070460000,2070590000,2241440000,1858250000,1875890000,1844640000
"Q8TF05","PPP4R1",426230000,548070000,575990000,506260000,392131000,499660000,340177000,326321000,361220000,265269000,229146000,340510000,231973000,247292000,265297000,175975000,219298000,164909000
"Q8WTS6","SETD7",445950000,145370000,379698000,285377000,423060000,243471000,285677000,507780000,313545000,838650000,824870000,766810000,1645540000,1629120000,1523160000,1944910000,1799480000,2011710000
"Q8WTT2","NOC3L",479950000,470490000,460130000,569150000,437740000,487460000,572030000,554170000,554350000,511890000,468210000,544500000,484120000,4.45e+08,433110000,328120000,418100000,355850000
"Q8WTW3","COG1",17840000,28654000,25415000,94107000,NA,103311000,20018000,57555000,44702000,44335000,59505000,50183000,81963000,78061000,130743000,103896000,134095000,57126000
"Q8WU76","SCFD2",73112000,52129000,85651000,86589000,51935000,97902000,59986000,55627000,69312000,46726000,83516000,99907000,74333000,85802000,96546000,85920000,94666000,98118000
"Q8WU90","ZC3H15",743800000,748970000,764020000,797960000,645850000,723650000,719610000,611840000,701830000,687970000,684680000,680270000,699940000,703480000,764740000,686260000,642690000,638290000
"Q8WUA2","PPIL4",199022000,202257000,78447000,213356000,130145000,211325000,134593000,184121000,153577000,222656000,161492000,233176000,195444000,206127000,195264000,62560000,51185000,192756000
"Q8WUA4","GTF3C2",NA,29079000,10031000,38823000,6687400,25184900,46172000,55631000,71504000,20554200,9431600,52580000,NA,34663200,25830000,13033700,25736000,4773100
"Q8WUA7","TBC1D22A",NA,29596000,NA,NA,112786000,NA,79723000,73010000,NA,35362000,NA,NA,99959000,NA,NA,49472000,35592000,75489000
"Q8WUD1","RAB2B",33779000,33345000,38155000,NA,NA,24252000,NA,14139000,NA,NA,25609000,32274000,NA,NA,NA,66273000,NA,NA
"Q8WUD4","CCDC12",30103000,NA,27906000,30899000,89161000,98234000,71495000,36529000,90529000,70683000,39455000,NA,84586000,NA,32661000,77729000,NA,NA
"Q8WUF8","FAM172A",23468000,50999000,51268000,23718600,32193000,48498000,40033000,61682000,33920000,10801000,20340000,56041000,21482000,42661000,32904200,15546000,40691000,14915000
"Q8WUH6","TMEM263",150236000,160978000,143154000,213143000,137209000,183018000,177446000,183288000,156183000,195986000,239750000,194974000,231547000,211184000,200587000,234934000,203050000,239390000
"Q8WUI4","HDAC7",46954000,76136000,25177000,18737000,44522000,47711000,NA,17435000,NA,NA,15639000,NA,16322000,NA,NA,NA,NA,14019000
"Q8WUJ3","CEMIP",NA,NA,NA,NA,NA,NA,NA,NA,56042000,NA,26361000,61562000,39568000,85787000,72770000,54510000,106666000,106087000
"Q8WUK0","PTPMT1",13962000,10116000,7327500,NA,NA,6784700,NA,NA,10577000,19335800,NA,33540400,NA,NA,20339400,NA,15526000,NA
"Q8WUM0","NUP133",1022450000,1134910000,1013980000,1086990000,1079290000,1168970000,1040120000,1027420000,1092210000,985600000,1016080000,1354130000,823980000,1026430000,1158460000,792480000,851460000,758060000
"Q8WUM4","PDCD6IP",9967900000,9679700000,9184900000,8663200000,9553500000,8228100000,8.746e+09,8897400000,8521700000,8.886e+09,8662600000,7453900000,8808500000,7661800000,7653700000,8165300000,7863600000,8622300000
"Q8WUN7","UBTD2",NA,NA,NA,12378900,7622700,7377700,12286900,7054000,4382200,9855100,12083200,5425300,11286300,19267300,9643200,4771900,NA,NA
"Q8WUP2","FBLIM1",249504000,270476000,298146000,164902000,220257000,214032000,208733000,232128000,238347000,287282000,353312000,316380000,308557000,499260000,381030000,330066000,373940000,323130000
"Q8WUW1","BRK1",711260000,687870000,663800000,603790000,782720000,619500000,528660000,621110000,540350000,590280000,576630000,496920000,605340000,446590000,431580000,552820000,408500000,508250000
"Q8WUX9","CHMP7",83923000,95886000,100626000,55190000,96705000,111041000,81312000,57837000,81222000,45706000,81330000,NA,80724000,69712000,75107000,59221000,38842000,85872000
"Q8WUY3","PRUNE2",3.8e+09,3679200000,3666100000,4954100000,4529700000,4474500000,4670300000,4718800000,5027600000,8070600000,7894900000,7626100000,9265600000,9.421e+09,9375900000,9452700000,9.456e+09,9606100000
"Q8WV99","ZFAND2B",29078300,38186000,26496000,58139000,29267200,52485000,31191200,33763300,34923600,20525900,16431000,19928700,22637200,43841000,43193000,26708200,36219000,25454800
"Q8WVB6","CHTF18",NA,1863600,8322900,NA,NA,4056800,NA,3674600,NA,NA,1254100,1710300,NA,NA,NA,NA,NA,NA
"Q8WVC0","LEO1",176650000,135252000,151297000,165092000,164461000,170221000,165019000,137372000,114274000,132411000,158716000,121320000,120542000,32743000,84555000,50318000,47818000,90863000
"Q8WVC6","DCAKD",100932000,74720000,95056000,133534000,139731000,115940000,147083000,143563000,132125000,162586000,143331000,85573000,128492000,140378000,139088000,164386000,124689000,161770000
"Q8WVJ2","NUDCD2",535320000,465700000,470200000,591680000,681950000,621570000,774290000,702530000,719750000,746150000,660940000,632460000,684490000,591570000,641800000,686280000,624210000,625160000
"Q8WVM7","STAG1",NA,17042000,NA,NA,11488000,38417000,NA,66081000,19215000,NA,NA,69052000,43927000,17175000,28894000,NA,NA,15913000
"Q8WVM8","SCFD1",1302110000,1148760000,1197820000,1185800000,1188730000,1260850000,1180430000,1140460000,1196030000,1158280000,1114420000,1397570000,1194850000,1193870000,1270620000,1220680000,1203450000,1094210000
"Q8WVV9","HNRNPLL",551330000,564820000,500350000,689170000,611660000,617720000,805030000,780520000,885840000,632740000,721380000,794770000,605820000,540680000,624850000,607660000,541360000,485980000
"Q8WVY7","UBLCP1",311531000,277171000,292246000,365900000,275298000,308377000,285141000,305605000,389850000,297372000,337750000,419120000,206840000,289338000,330170000,264056000,253399000,238606000
"Q8WW01","TSEN15",226434000,215477000,165807000,198348000,161225000,203219000,153304000,228398000,188550000,188611000,134422000,59409000,81563000,57025000,177364000,151772000,178342000,78629000
"Q8WW12","PCNP",581670000,823180000,743270000,607710000,609030000,631450000,742980000,741280000,681100000,627760000,687910000,486780000,543760000,537430000,420010000,476410000,484720000,532120000
"Q8WW59","SPRYD4",68759000,NA,NA,35112000,36594000,NA,4.5e+07,72475000,NA,84229000,NA,NA,59812000,NA,48740000,35900000,140349000,NA
"Q8WWI1","LMO7",18348800000,16321800000,1.6338e+10,15805100000,1.8152e+10,15661400000,16968100000,16844800000,15766100000,15169300000,15012700000,12606300000,11236200000,10823600000,10118500000,8816100000,8386400000,9364100000
"Q8WWI5","SLC44A1",NA,NA,NA,42873000,NA,22481000,35503000,NA,72989000,NA,21630000,47420000,NA,21188000,25759000,23449000,40780000,23311000
"Q8WWK9","CKAP2",152598000,162589000,162006000,186136000,231956000,185532000,NA,50748000,40423000,95210000,33551000,NA,NA,NA,NA,NA,NA,NA
"Q8WWM7","ATXN2L",1911290000,1788600000,1769170000,1599370000,1908560000,1671120000,1516690000,1443750000,1329970000,1745820000,1714120000,1275620000,1695640000,1613300000,1390880000,1512800000,1328600000,1608460000
"Q8WWX9","SELM",NA,17483000,28938000,18774000,NA,19451000,NA,52893000,28297000,64614000,59863000,NA,84256000,79339000,100566000,99899000,104874000,103064000
"Q8WWY3","PRPF31",483640000,5.17e+08,516820000,553550000,476580000,602770000,588880000,568070000,624980000,500350000,558900000,778160000,432430000,595080000,541610000,461630000,567580000,412640000
"Q8WX92","NELFB",359010000,416250000,339670000,305644000,298932000,319483000,360780000,424250000,360640000,312579000,348480000,311442000,293243000,304991000,303824000,306220000,289862000,273180000
"Q8WX93","PALLD",15666700000,14145900000,14669800000,1.6928e+10,17251300000,17050100000,12270500000,1.2797e+10,13052600000,12031700000,11221300000,1.1207e+10,10674500000,1.0701e+10,10581600000,11131200000,12027700000,11823600000
"Q8WXA9","SREK1",30666000,59060000,34102000,NA,73409000,94929000,58412000,38174000,NA,NA,28914000,132115000,32624000,44328000,106758000,NA,29776000,NA
"Q8WXE0","CASKIN2",18690000,NA,18760000,20174000,20835000,NA,20340000,25085000,17474000,90012000,50735000,NA,105949000,NA,NA,19697000,NA,56529000
"Q8WXF1","PSPC1",1719970000,1659520000,1593820000,1532820000,1658200000,1533900000,1875180000,1684200000,1614290000,1882400000,1840710000,1629610000,1686710000,1560570000,1391920000,1338840000,1293020000,1458840000
"Q8WXH0","SYNE2",75284000,203886000,184648000,57814000,137964000,123211000,164212000,154072000,211567000,187045000,220523000,48510000,192534000,102572000,102915000,139652000,140371000,37092000
"Q8WXI4","ACOT11",NA,12818000,14343000,25168000,32746000,NA,18256000,30724000,55368000,54289000,67491000,36391000,76631000,19126000,19904000,75894000,82594000,72818000
"Q8WXI9","GATAD2B",219337000,232508000,211011000,207571000,193339000,178825000,254862000,223305000,228548000,218286000,204693000,136302000,128295000,NA,NA,115157000,NA,57947000
"Q8WXX5","DNAJC9",999440000,1018080000,1027690000,797890000,1091500000,882920000,812600000,877870000,809300000,657520000,646040000,585210000,401550000,363390000,316783000,214475000,205034000,178225000
"Q8WYA6","CTNNBL1",545320000,522950000,505310000,492930000,516390000,455540000,585290000,628670000,588480000,601420000,570600000,513740000,500800000,487820000,491810000,486390000,460660000,469500000
"Q8WYP5","AHCTF1",581490000,627640000,385450000,636980000,676690000,469340000,931680000,715720000,568080000,611030000,558990000,265700000,321830000,357750000,195950000,NA,114700000,146810000
"Q8WZ42","TTN",1e+08,145260000,134475000,249507000,242078000,248102000,12870700000,16855200000,19943700000,1.23558e+11,1.16102e+11,1.10954e+11,2.63782e+11,2.42056e+11,2.45749e+11,3.00617e+11,2.97923e+11,3.3107e+11
"Q8WZ82","OVCA2",345390000,327454000,314009000,306205000,282086000,333906000,309024000,306383000,308823000,278434000,298719000,375740000,239330000,298877000,286492000,256274000,276542000,227370000
"Q8WZA0","LZIC",471410000,425390000,477320000,426490000,467850000,421340000,501330000,475410000,442640000,488200000,488780000,415960000,443240000,479740000,404930000,511690000,530210000,461230000
"Q8WZA9","IRGQ",1732890000,1694940000,1726750000,1695290000,1732520000,1805220000,1638490000,1585380000,1590080000,2068010000,2004610000,1993760000,2526160000,2635870000,2.644e+09,2543600000,2584310000,2512210000
"Q92499","DDX1",5283600000,4969400000,5001100000,5347500000,6135100000,4918700000,6.622e+09,6328500000,6227700000,7074800000,6781200000,6020300000,6700300000,6121700000,6.119e+09,6526600000,6266700000,7079600000
"Q92503","SEC14L1",91093000,74813000,99295000,43523000,91637000,NA,37799000,55950000,NA,NA,NA,20390000,NA,NA,19368000,NA,NA,41780000
"Q92504","SLC39A7",3480800,3488400,2866300,22739300,24192300,24234300,14872600,11204200,21366400,29987400,13920300,24494300,24398000,39194600,33001900,30898500,30188800,28644800
"Q92508","PIEZO1",NA,158816000,63160000,44157000,89354000,70491000,204062000,220086000,186864000,198544000,218712000,173199000,169181000,152686000,79276000,79753000,78410000,126972000
"Q92520","FAM3C",2327200000,2068900000,1888590000,1895120000,1920320000,1664200000,1167350000,1142240000,1038250000,997620000,930060000,785540000,1110440000,1004980000,959770000,1143800000,1060410000,1116530000
"Q92522","H1FX",232044000,318666000,375490000,413100000,245571000,372770000,727040000,715240000,666120000,484740000,430680000,494420000,505300000,459460000,411100000,561360000,509130000,499790000
"Q92530","PSMF1",1143360000,716880000,889910000,779040000,596520000,852330000,723600000,440200000,737520000,893910000,477300000,607640000,536480000,751860000,786350000,566310000,759460000,410960000
"Q92538","GBF1",2205260000,1897980000,1802130000,2040790000,2278600000,2007950000,2003410000,2047750000,1865850000,2367030000,2312920000,2106830000,2635760000,2320170000,2311340000,2418270000,2220670000,2488520000
"Q92541","RTF1",241665000,256801000,278986000,245306000,231976000,215583000,314040000,301517000,294630000,229140000,270667000,199217000,219186000,182119000,168910000,172599000,191392000,153658000
"Q92542","NCSTN",418940000,443670000,454210000,435070000,430780000,492340000,434890000,458100000,450100000,424300000,445340000,472250000,415630000,420980000,467550000,426190000,382950000,383410000
"Q92544","TM9SF4",275180000,352090000,345158000,360200000,278534000,314557000,215350000,268671000,330310000,347530000,295003000,350060000,306351000,343490000,367340000,261393000,343380000,321365000
"Q92552","MRPS27",308627000,325370000,311344000,312977000,255957000,297752000,332660000,297554000,345140000,322750000,325180000,378510000,307770000,345840000,362710000,384790000,344430000,320140000
"Q92558","WASF1",NA,NA,NA,12427000,NA,NA,NA,NA,12557000,NA,NA,11990000,11501000,16237000,26886000,29077000,32111000,29948000
"Q92572","AP3S1",558510000,589420000,577490000,540950000,569340000,493100000,591310000,594670000,5.7e+08,516190000,539710000,457990000,431060000,424660000,447520000,405840000,414700000,494930000
"Q92575","UBXN4",250520000,285522000,226056000,287930000,311375000,278198000,237336000,248226000,271081000,237231000,232280000,232102000,235618000,198653000,290067000,208171000,291981000,286528000
"Q92576","PHF3",9493800,15081100,16754700,6662600,NA,7329200,26308600,NA,NA,16861600,14992300,15591000,5917500,17608400,7589000,6608000,12278000,15477400
"Q92597","NDRG1",89846000,80514000,128443000,150825000,181795000,135426000,50133000,124457000,153181000,NA,NA,86594000,NA,NA,NA,NA,82308000,69925000
"Q92598","HSPH1",4863800000,4704600000,4508800000,3989900000,4087500000,4044600000,3130990000,2703870000,3048490000,3442100000,3409700000,3306600000,3.418e+09,3464600000,3471200000,3344700000,3290300000,3214900000
"Q92599","SEPT8",449560000,356928000,493610000,373310000,391530000,373658000,513520000,511250000,489220000,471130000,504110000,467560000,396210000,399690000,448340000,366660000,393200000,385410000
"Q92600","RQCD1",219176000,184002000,161553000,190379000,210547000,180426000,160096000,166243000,155424000,153112000,154847000,160613000,164862000,122673000,138996000,130607000,127963000,127258000
"Q92604","LPGAT1",43391000,28867000,32155400,43537000,38554900,38957000,49089000,30563700,34033000,29928200,35448100,29820100,27647900,39014000,33908000,16494000,33823100,36278000
"Q92609","TBC1D5",206239000,247593000,276128000,187438000,197195000,207251000,223270000,226035000,212967000,133658000,166972000,186585000,134184000,159328000,136269000,103617000,128115000,132149000
"Q92614","MYO18A",1046880000,1110390000,1104360000,1187560000,1298580000,1072980000,1724180000,1895080000,1787020000,2352510000,2244920000,2011130000,2891200000,2571450000,2539640000,2951600000,2772010000,3161300000
"Q92615","LARP4B",640280000,726180000,657050000,602590000,710330000,483840000,525170000,495610000,435410000,486480000,553290000,353454000,529210000,420280000,410080000,404370000,425960000,672920000
"Q92616","GCN1L1",8807800000,8617300000,8576100000,8211700000,8020800000,8109800000,7600500000,7769600000,7.865e+09,8569800000,8561400000,8319100000,8867500000,8480600000,8887500000,8577300000,8524200000,8564900000
"Q92620","DHX38",175889000,151835000,129728000,126208000,128408000,147485000,116256000,92864000,95645000,57790000,60184000,92685000,73903000,96052000,93787000,59900000,120733000,85260000
"Q92621","NUP205",1081260000,1048110000,1058570000,965570000,906780000,1017530000,1012280000,973960000,1040200000,878740000,1007300000,1013020000,689470000,828930000,928590000,786160000,652720000,751050000
"Q92623","TTC9",146606000,118579000,127998000,53265000,212954000,92328000,148149000,200122000,77977000,245455000,226512000,167655000,233010000,207682000,207383000,297389000,289662000,311348000
"Q92625","ANKS1A",31149000,27948500,10051000,42571500,36627100,16373900,28957000,43212000,40986000,67015000,66585000,40739000,108697000,75913000,71291000,86181000,80228000,134336000
"Q92626","PXDN",4.46e+08,470100000,491840000,466970000,487090000,415960000,486040000,458510000,471810000,276490000,331080000,234462000,233005000,239353000,151654000,281799000,213496000,256516000
"Q92629","SGCD",158864000,214158000,96818000,224416000,251277000,213307000,354766000,348868000,294642000,478340000,411384000,254501000,880590000,644610000,728750000,1084300000,917950000,1243780000
"Q92643","PIGK",361090000,357890000,323340000,425880000,420410000,499430000,420580000,337470000,362390000,380050000,383790000,384110000,386570000,381520000,451550000,353810000,410870000,374080000
"Q92665","MRPS31",225135000,245402000,210060000,261635000,274411000,235683000,276236000,297533000,287344000,351781000,303935000,244396000,272834000,253462000,190296000,305979000,273719000,243365000
"Q92681","RSC1A1",NA,NA,NA,NA,NA,NA,NA,30577000,NA,130295000,118960000,140931000,205564000,177067000,203330000,243793000,255203000,246602000
"Q92688","ANP32B",2267920000,2643420000,3112730000,2758650000,3.404e+09,2826060000,3202600000,3695800000,2940620000,3291600000,3070990000,2483480000,2711280000,2107710000,2159700000,2399170000,2246720000,2344290000
"Q92692","PVRL2",549330000,579240000,494800000,509300000,411770000,526370000,350310000,504300000,465500000,561830000,6.37e+08,380790000,NA,160950000,144530000,161280000,225680000,277910000
"Q92696","RABGGTA",288607000,293828000,330695000,290411000,311483000,341120000,263633000,232670000,278724000,265167000,133869000,332250000,283428000,294682000,234987000,310302000,290069000,252832000
"Q92733","PRCC",173052000,144321000,143756000,101385000,41128000,118541000,167771000,161365000,160521000,171957000,163938000,98142000,156509000,81494000,109106000,112617000,126704000,147570000
"Q92734","TFG",2038950000,1885060000,1863370000,1775430000,2071420000,1837260000,2216350000,2109250000,2047690000,2047750000,1911690000,1846100000,1981330000,1933120000,1893790000,1823580000,1884550000,2005400000
"Q92743","HTRA1",4.951e+09,5826100000,5612500000,6078800000,6463700000,5799500000,14642500000,15946600000,16504200000,16601900000,15012800000,12109200000,9814400000,14233900000,14043600000,9257400000,9750300000,8845400000
"Q92747","ARPC1A",2405540000,2461280000,2322630000,2753160000,2710470000,2900260000,2286710000,2435510000,2550800000,2649020000,2729840000,2.632e+09,2342960000,2522830000,2690880000,2396600000,2642530000,2517150000
"Q92759","GTF2H4",NA,NA,NA,26723000,NA,NA,49135000,NA,35512000,54657000,40627000,44628000,NA,NA,NA,NA,NA,NA
"Q92769","HDAC2",1454400000,1204880000,1118260000,1.191e+09,1527750000,1121730000,1252140000,1240660000,1082650000,1290020000,1276440000,1134070000,1065420000,1006160000,921620000,798970000,760450000,921760000
"Q92781","RDH5",38921000,NA,NA,NA,29733000,NA,73440000,59018000,117159000,127289000,94290000,NA,255224000,222399000,208275000,277564000,247005000,266950000
"Q92783","STAM",1274980000,1272180000,1183210000,1197260000,1404540000,1272310000,1243220000,1165420000,1071870000,1401780000,1293610000,1131550000,1494370000,1289430000,1363820000,1426490000,1437400000,1432650000
"Q92785","DPF2",111287000,119152000,129801000,106500000,64250000,74635000,103451000,99395000,113903000,88039000,91568000,26772000,56628000,48270000,32298000,19162000,20320000,22742000
"Q92791","LEPREL4",NA,32528000,NA,22350000,78198000,100335000,51855000,23259000,61962000,25767000,62477000,78835000,53586000,28040000,77347000,27796000,24972000,43095000
"Q92797","SYMPK",614620000,551400000,519610000,489270000,604260000,442350000,515240000,540230000,480140000,558450000,487620000,459060000,423140000,366610000,337355000,354420000,275615000,361240000
"Q92804","TAF15",591170000,375980000,479780000,573410000,857130000,506150000,655960000,804030000,771790000,938100000,711670000,522810000,670180000,417160000,586660000,578620000,491940000,592930000
"Q92805","GOLGA1",37784000,40227000,36239000,NA,NA,NA,19727000,30570000,15570000,NA,16061000,NA,13681000,NA,NA,36963000,NA,19299000
"Q92820","GGH",1096660000,1074120000,974740000,1133760000,1262870000,1.225e+09,1646200000,1483900000,1527310000,1492030000,1318200000,1490590000,1226420000,1223310000,1383290000,1012780000,1034460000,1011300000
"Q92841","DDX17",5.08e+09,5205800000,5072500000,5.049e+09,5328600000,4918700000,7682900000,7605200000,7290800000,7936800000,7971600000,7604600000,6648500000,6598800000,6657200000,5521100000,5746500000,5921500000
"Q92870","APBB2",89081000,110765000,64354000,36003000,124531000,144699000,NA,NA,NA,NA,NA,NA,NA,NA,NA,NA,NA,NA
"Q92871","PMM1",55986000,64869000,45997000,NA,59828000,62031000,18958000,15984000,23574000,30232000,18852000,NA,NA,NA,NA,39228000,16696000,16767000
"Q92878","RAD50",1161160000,1.003e+09,1042630000,934430000,1130970000,861290000,1250490000,1271820000,1116390000,1237930000,1193650000,1007110000,1040180000,928740000,847760000,874960000,788240000,843350000
"Q92882","OSTF1",1018030000,996100000,1044760000,936370000,966660000,952060000,734400000,745860000,758100000,576090000,589340000,676910000,423330000,498990000,520770000,443690000,393080000,369870000
"Q92888","ARHGEF1",925580000,945840000,887570000,766970000,856820000,715950000,731390000,724820000,689470000,670530000,607210000,658910000,561560000,664760000,605730000,528080000,454350000,515900000
"Q92890","UFD1L",1303490000,1304750000,1329810000,1170520000,1226980000,1116930000,1184450000,1294900000,1289440000,1.378e+09,1265680000,1341910000,1349770000,1329520000,1277390000,1491510000,1480670000,1486960000
"Q92896","GLG1",989340000,1050940000,1038270000,955970000,1083490000,1063870000,939720000,974490000,823080000,1053380000,937470000,1018170000,1070440000,1018030000,1018480000,1168160000,982830000,1168720000
"Q92900","UPF1",3874300000,3758400000,3565600000,3795400000,4079100000,3724400000,3543900000,3379500000,3588800000,4168700000,4119600000,3498500000,4395700000,3960300000,3979500000,3726300000,3628400000,3982500000
"Q92905","COPS5",1287210000,1133970000,1032720000,1026640000,1015660000,1208730000,1057310000,1114450000,970990000,1059920000,1173910000,1251950000,1137440000,1325570000,1274810000,1142050000,1176530000,1107020000
"Q92917","GPKOW",226899000,210417000,196714000,179027000,200218000,173613000,167396000,168665000,162828000,165060000,157058000,144025000,144590000,126729000,125167000,128617000,115890000,132961000
"Q92922","SMARCC1",693230000,423390000,555650000,475720000,457720000,620590000,276963000,248985000,266267000,266410000,218038000,168233000,134536000,240085000,64197000,76909000,NA,118458000
"Q92930","RAB8B",329493000,359870000,346807000,349990000,298549000,378100000,390020000,245757000,284875000,206968000,239805000,224668000,176025000,190257000,173417000,162234000,82071000,173840000
"Q92945","KHSRP",6895200000,6954500000,6.559e+09,6248800000,6761300000,6467700000,7567700000,7797300000,7.253e+09,6647200000,6755400000,6103200000,5.803e+09,5696400000,5398200000,4968300000,4645900000,4988900000
"Q92947","GCDH",81434000,NA,50500000,NA,49730000,54612000,106677000,82550000,207764000,248109000,140532000,183067000,232481000,77544000,135633000,153375000,141743000,186327000
"Q92973","TNPO1",4476900000,4435800000,4472600000,4431400000,3939600000,4429500000,4770900000,5105700000,5036800000,4.469e+09,4392800000,4757700000,3504100000,3691800000,3627700000,3356600000,3555700000,3165300000
"Q92974","ARHGEF2",4109400000,4380500000,4102800000,4668300000,4769300000,4489100000,4062200000,4121400000,4324100000,5269200000,5165800000,5306100000,5433400000,5259200000,5580200000,4751300000,4892900000,4844200000
"Q92979","EMG1",217412000,229568000,234068000,317778000,206338000,223822000,191260000,167182000,249224000,209339000,218586000,228966000,201845000,170125000,209957000,154161000,180315000,159249000
"Q92990","GLMN",23139000,49415000,57738000,69162000,26148000,45038000,36460000,14773000,NA,NA,NA,21871000,NA,NA,20855000,NA,15560000,19366000
"Q92995","USP13",101549000,93039000,121564000,179485000,174276000,160449000,166773000,141457000,144187000,179114000,197628000,162510000,279867000,239108000,230063000,232395000,204822000,202457000
"Q92997","DVL3",34725000,26513000,27636000,52457000,54118000,10961000,61804000,52355000,48510000,60856000,16165000,NA,35819000,NA,32343000,13541000,NA,18279000
"Q93008","USP9X",3141700000,3103600000,2924440000,3794900000,3.78e+09,3419100000,3718300000,3659400000,3866600000,3.838e+09,3754900000,3585400000,3936600000,3832900000,3681500000,3627600000,3669400000,3839100000
"Q93009","USP7",1330200000,1353060000,1373890000,1437840000,1484270000,1431170000,1547260000,1440710000,1546280000,1420570000,1475840000,1526040000,1316320000,1287590000,1309650000,1170320000,1292200000,1180720000
"Q93034","CUL5",530690000,491130000,405750000,531430000,544010000,509550000,673030000,713750000,725170000,789240000,798220000,728810000,804800000,772780000,792370000,860470000,870180000,894870000
"Q93050","ATP6V0A1",97852000,149073000,61729000,NA,188736000,87407000,47785000,92108000,30060000,67585000,251679000,138033000,375466000,180870000,176504000,226200000,119518000,184739000
"Q93052","LPP",2685150000,2549030000,2658040000,2621050000,2889540000,2827270000,2902280000,2877010000,2738860000,2960110000,2914240000,2702790000,2607050000,2653340000,2660550000,2385720000,2352620000,2474350000
"Q93084","ATP2A3",NA,NA,NA,NA,NA,NA,NA,199212000,38181000,194335000,201847000,228731000,232383000,253516000,312381000,228528000,230924000,229742000
"Q93100","PHKB",4337700,44203000,50497000,49177000,41225000,16544000,NA,27923000,NA,31078000,47256000,NA,58506000,16246000,31127000,6.7e+07,74805000,83013000
"Q969E2","SCAMP4",NA,NA,NA,39315000,NA,NA,NA,NA,NA,NA,87526000,96012000,NA,NA,70317000,NA,37670000,33972000
"Q969E4;Q6IPX3;Q5H9L2","TCEAL3",435030000,407340000,495240000,618250000,717090000,564430000,821510000,739950000,790580000,788190000,763580000,619800000,621770000,557250000,481380000,508380000,408730000,519940000
"Q969G3","SMARCE1",611070000,641640000,629230000,596220000,517660000,484490000,519140000,518070000,546850000,475410000,473090000,461610000,338980000,314966000,333607000,342703000,330270000,324334000
"Q969H8","MYDGF",2727520000,2649960000,2328840000,2629790000,2697400000,2724730000,2.265e+09,2263950000,2609300000,2061580000,2143070000,2120930000,2383410000,2239970000,2248410000,2476150000,2391600000,2284610000
"Q969J3","LOH12CR1",47904000,27386000,59955000,25396000,27945000,87942000,28119000,39596000,62371000,67790000,33849000,113881000,129338000,132496000,139252000,146646000,160018000,96589000
"Q969M3","YIPF5",366710000,299560000,289321000,324787000,244790000,262181000,NA,208161000,99555000,128862000,138335000,200932000,72918000,228212000,193805000,161494000,140885000,NA
"Q969N2","PIGT",247415000,205806000,269982000,265456000,282019000,243411000,306347000,305226000,320498000,297193000,234244000,206725000,270033000,280566000,229252000,275905000,279734000,279857000
"Q969Q0;P83881","RPL36AL;RPL36A",690012000,622280000,699450000,681440000,615220000,764800000,697600000,541288000,392080000,477550000,491824000,618180000,747730000,543950000,358070000,686870000,671430000,869370000
"Q969S2","NEIL2",NA,4950600,NA,5354200,NA,NA,NA,NA,5248600,6860200,6656600,5650300,8636700,NA,14855700,NA,NA,NA
"Q969S9","GFM2",17319000,24757000,41156000,21161000,36935000,NA,79083000,42744000,26192000,88280000,45199000,NA,62522000,73272000,57592000,46661000,66283000,76745000
"Q969T3","SNX21",NA,NA,25846000,NA,15625000,NA,105579000,103200000,99610000,111169000,58815000,115491000,87521000,112485000,52554000,88451000,106139000,63326000
"Q969T9","WBP2",96988000,81150000,68615000,110382000,122934000,126357000,80589000,129136000,135501000,114873000,122147000,109515000,109065000,93400000,102181000,116577000,63512000,105402000
"Q969U7","PSMG2",80538000,149929000,127687000,109392000,113660000,96598000,59054000,29776000,25389000,85902000,95778000,57800000,77479000,46004000,61558000,51978000,38582000,56101000
"Q969V3","NCLN",1129400000,1229450000,994120000,1087600000,1148780000,971090000,1000170000,1020690000,939930000,977600000,981230000,948710000,919580000,901450000,861770000,749800000,775640000,817220000
"Q969X5","ERGIC1",1515850000,1532600000,1522480000,1387550000,1466340000,1400630000,1613770000,1627110000,1357870000,1444600000,1415600000,1140220000,1343280000,1077520000,980560000,1114180000,1081410000,1181570000
"Q969X6","CIRH1A",57408500,130338000,117123000,81554000,17352780,114813000,59085700,85365000,69373000,41458800,46543700,84229000,29570900,99227000,86492000,41606000,89174000,55621000
"Q969Z0","TBRG4",216579000,163785000,165285000,187040000,233357000,171274000,175813000,164119000,140071000,161714000,186545000,151245000,148254000,136782000,132927000,176636000,132729000,157963000
"Q96A26","FAM162A",559290000,536070000,605930000,863490000,829090000,979820000,754610000,977480000,884090000,860530000,891660000,861990000,846800000,937280000,839390000,1198070000,1025210000,1039480000
"Q96A32","MYLPF",NA,NA,NA,NA,NA,NA,19750000,8500100,96384000,2489340000,2581600000,2007190000,14211300000,13453300000,13356800000,21897400000,24562600000,25630400000
"Q96A33","CCDC47",1238100000,1050610000,1102400000,1095720000,1321900000,1069330000,1110830000,1159090000,1024120000,1182170000,1049220000,938800000,1068620000,987980000,1064840000,1008080000,952300000,980110000
"Q96A35","MRPL24",116888000,134115000,120055000,111645000,78894000,72792000,127354000,144014000,130111000,128224000,108818000,156263000,141688000,160965000,161005000,176665000,109977000,144469000
"Q96A49","SYAP1",878120000,792540000,808400000,778960000,839360000,7.93e+08,203692000,127344000,190839000,202132000,196504000,283562000,132556000,269182000,354190000,259787000,264209000,161765000
"Q96A65","EXOC4",715120000,740490000,786540000,882840000,859810000,806210000,807250000,776170000,821430000,812300000,768720000,759540000,766860000,751040000,783070000,809320000,815600000,865930000
"Q96AB3","ISOC2",147708000,207722000,250702000,252077000,234782000,252632000,311787000,357640000,349260000,434260000,434900000,497880000,487750000,448650000,619040000,547920000,535470000,554640000
"Q96AC1","FERMT2",4877500000,4172200000,3796700000,4525700000,5990800000,4276500000,4774300000,4501500000,4222800000,4947200000,4671200000,3.71e+09,4661600000,3354100000,3344300000,4416900000,3996400000,4.977e+09
"Q96AD5","PNPLA2",NA,NA,23600000,33941000,NA,NA,NA,77244000,71597000,41686000,88510000,142688000,80305000,65129000,93209000,52243000,NA,NA
"Q96AE4","FUBP1",4317700000,3869500000,3877900000,3250390000,3993600000,3259230000,3722100000,3684900000,3399200000,3617900000,3505600000,3070310000,3180530000,2913650000,2770020000,2966510000,2730350000,2928490000
"Q96AG4","LRRC59",4406400000,4024400000,4124400000,4604700000,5363300000,4910300000,4303300000,4386500000,3799600000,4007600000,3887900000,3334400000,3452300000,3117730000,3.121e+09,3159320000,2997870000,3178100000
"Q96AJ9","VTI1A",NA,NA,28029000,19785000,NA,24239000,NA,54579000,50025000,NA,NA,25753000,28355000,56956000,21052000,26748000,24265000,34885000
"Q96AQ6","PBXIP1",855140000,876590000,943390000,1399960000,1144170000,1299950000,4305300000,4402200000,4586400000,3397200000,3.637e+09,3639400000,2875370000,3136300000,3044090000,3728400000,4080600000,4001100000
"Q96AT1","KIAA1143",8016200,5037300,7461900,NA,NA,9537700,NA,5872800,NA,NA,3777700,17219000,4819100,NA,NA,5643000,NA,NA
"Q96AX1","VPS33A",251030000,169052000,89619000,177247000,157082000,86178000,109195000,197851000,124134000,200335000,172388000,134639000,112366000,207340000,137502000,184403000,152078000,205198000
"Q96AY3","FKBP10",1750340000,1853590000,1945560000,1987520000,1935350000,2148580000,1785560000,1716940000,1616670000,1480530000,1597110000,1528230000,1382700000,1436890000,1343120000,1379850000,1422380000,1409490000
"Q96B26","EXOSC8",265729000,206518000,185720000,215359000,206363000,43578000,132763000,172070000,202331000,45355000,71615000,108813000,48514000,55107000,47397000,34647000,NA,60596000
"Q96B36","AKT1S1",83490000,113587000,186522000,194408000,200767000,218021000,111380000,59866000,55035000,NA,NA,141630000,NA,198443000,232203000,29605000,94706000,43935000
"Q96B49","TOMM6",204795000,121397000,216809000,195118000,178276000,200599000,213256000,147998000,210958000,254244000,272806000,269603000,210069000,204534000,206409000,187574000,214910000,207075000
"Q96B54","ZNF428",387177000,286029000,304351000,355800000,406520000,301047000,492100000,459640000,412330000,470290000,447580000,334416000,3.18e+08,295328000,243777000,316740000,230537000,314557000
"Q96B97","SH3KBP1",1322680000,1487880000,1274150000,1357530000,1446110000,1176110000,1188420000,1370660000,1075650000,1279210000,1161040000,1028780000,1260420000,1200990000,1057480000,1140110000,1049730000,1185580000
"Q96BH1","RNF25",128578000,103255000,119889000,138764000,130830000,163142000,37545000,53057000,42017000,68812000,33709000,79673000,24971000,110057000,114492000,50407000,86552000,42151000
"Q96BJ3","AIDA",270720000,288437000,242881000,264736000,289243000,275193000,281976000,290043000,282399000,230459000,244387000,280026000,154742000,133523000,159345000,131622000,102495000,72175000
"Q96BY6","DOCK10",461020000,453440000,484930000,334715000,399100000,296111000,246593000,220800000,205798000,158920000,197448000,182337000,149121000,64248000,NA,163338000,44021000,44752000
"Q96C19","EFHD2",1925600000,2075660000,1996430000,1605240000,1822540000,1649100000,2842650000,2942430000,2621470000,4460700000,4310500000,3859900000,5216700000,5020100000,4999700000,3773900000,3569100000,3733700000
"Q96C23","GALM",NA,46549000,62604000,NA,NA,34502000,74371000,86255000,109435000,79307000,139567000,121124000,68073000,60570000,115003000,65542000,110958000,33511000
"Q96C36","PYCR2",550400000,521130000,460329000,447590000,406860000,415720000,284427000,246339000,278529000,310913000,204617000,173260000,311020000,361940000,330279000,478170000,434400000,404790000
"Q96C86","DCPS",821250000,707540000,799360000,753200000,905070000,786800000,1077480000,962780000,1009120000,865140000,951430000,865930000,686790000,713790000,639820000,577460000,528900000,595940000
"Q96C90","PPP1R14B",2969470000,2790440000,3125870000,2760550000,3287900000,3174500000,3236400000,3596100000,2919460000,4057300000,3627700000,3973300000,3707700000,3304200000,3468900000,3038240000,3465200000,3286700000
"Q96CB8","INTS12",29558000,NA,NA,NA,53092000,NA,NA,NA,27741000,82335000,54460000,NA,23112000,NA,NA,NA,NA,NA
"Q96CC6","RHBDF1",30303000,28268000,NA,25504000,35344000,32786000,13476000,17256000,14132000,15221000,12338000,32753000,NA,NA,11548000,NA,11087000,NA
"Q96CN9","GCC1",51371000,20447000,NA,96469000,NA,82478000,NA,NA,NA,NA,NA,124551000,NA,140925000,71177000,NA,71786000,NA
"Q96CP2;Q4VC44","FLYWCH2",45584000,NA,NA,NA,78451000,120215000,114391000,79486000,132549000,40128000,114732000,81850000,NA,NA,38053000,NA,NA,NA
"Q96CS3","FAF2",1264400000,1225530000,1292030000,1366050000,1317630000,1368770000,1186520000,1177910000,1244740000,1164320000,1156740000,1351440000,1124470000,1155690000,1261680000,1102580000,1066420000,1080390000
"Q96CT7","CCDC124",2044170000,2121640000,2412940000,1794310000,2173400000,1553180000,2046210000,2202660000,1822830000,2369850000,2157860000,1.746e+09,2142160000,1611890000,1719300000,2141570000,1803870000,2099400000
"Q96CV9","OPTN",369050000,294442000,330680000,333460000,344111000,302473000,256045000,264647000,237560000,284958000,290966000,274556000,297906000,303097000,302333000,375420000,384060000,445900000
"Q96CW1","AP2M1",2853700000,2576420000,2602010000,2654450000,2817240000,2636070000,2354360000,2793390000,2577670000,2676530000,2719200000,2552340000,2458130000,2196320000,2261220000,2340310000,2278060000,2459640000
"Q96CW5","TUBGCP3",111243000,132122000,122079000,64478000,7.9e+07,119361000,115083000,91457000,93397000,27958000,69266000,132309000,32347000,58680000,110197000,30200000,30946000,61404000
"Q96CX2;Q68DU8;Q6ZWB6","KCTD12",1152280000,1132430000,977340000,1459580000,1559240000,1358660000,1806950000,1820830000,1732130000,2642900000,2381400000,2327830000,2614100000,2340080000,2476860000,2440190000,2358300000,2601980000
"Q96D15","RCN3",5.006e+09,4.566e+09,4663900000,4766600000,5929500000,4907900000,4050300000,4234200000,3627400000,3092210000,2983660000,2599410000,2275830000,2099310000,2137610000,2708650000,2471820000,2739670000
"Q96D46","NMD3",184879000,178042000,231632000,217256000,218077000,210100000,125839000,155135000,154175000,179159000,163784000,161061000,171076000,129043000,98416000,44715000,44672000,103085000
"Q96D71;Q8NFH8","REPS1",183448000,167697000,171240000,195164000,173702000,170790000,183167000,178260000,177471000,162491000,186314000,162280000,87807000,128552000,123936000,158316000,139199000,130217000
"Q96DB5","RMDN1",543990000,644880000,6.5e+08,607380000,571260000,644150000,707580000,691170000,755480000,744290000,765870000,806010000,6.9e+08,645810000,736940000,668550000,649790000,689640000
"Q96DE0","NUDT16",192848000,177125000,176256000,131601000,161125000,98893000,198997000,201526000,236447000,213826000,200516000,146673000,195687000,64337000,61601000,216372000,72643000,186715000
"Q96DG6","CMBL",NA,NA,NA,NA,NA,NA,14975000,62624000,26402000,NA,19518000,21447000,26196000,43115000,NA,NA,NA,NA
"Q96DH6;O43347","MSI2",1763980000,1600340000,1580230000,1834600000,1770770000,1644450000,1936090000,1746650000,1856590000,1855690000,1939790000,1651760000,1975890000,1705870000,1591810000,1900940000,1787600000,2041300000
"Q96DI7","SNRNP40",1205920000,1210270000,1228640000,1233230000,1225520000,1260990000,1470170000,1452810000,1517410000,1313820000,1413550000,1394620000,1202920000,1155810000,1360570000,1036970000,1062330000,1083840000
"Q96DV4","MRPL38",200135000,220663000,217569000,185388000,192951000,186842000,290816000,257394000,256274000,275906000,264231000,265481000,252272000,229208000,248447000,235015000,235880000,269664000
"Q96DZ1","ERLEC1",80525000,52530000,53313000,25116000,67994000,70389000,NA,73339000,NA,66614000,66065000,NA,96848000,48422000,92101000,62216000,88784000,89112000
"Q96E11","MRRF",161772000,80868000,248544000,261517000,163045000,208785000,223182000,252232000,243146000,271195000,269373000,270505000,255199000,264171000,272015000,177961000,265487000,200455000
"Q96EE3","SEH1L",197332000,206158000,205874000,208453000,212290000,231182000,207071000,192696000,209820000,186277000,225302000,209382000,203356000,209086000,225833000,200436000,177705000,205741000
"Q96EI5","TCEAL4",198968000,196561000,199373000,227334000,255033000,267613000,231163000,221962000,221660000,229782000,218966000,207574000,181605000,143027000,130705000,150635000,37460000,96831000
"Q96EK5","KIAA1279",1245800000,1121880000,1120460000,1148180000,1283980000,1060550000,784710000,767870000,786480000,761500000,748360000,689980000,619570000,583240000,653820000,495280000,533230000,571020000
"Q96EK6","GNPNAT1",1659050000,1370850000,1385540000,1005460000,1360800000,1091520000,1072450000,1012240000,1014720000,959680000,959130000,885950000,671200000,497820000,583850000,604310000,483120000,517040000
"Q96EL2","MRPS24",121935000,100503000,102129000,136019000,104231000,99872000,147699000,85501000,122092000,144794000,119781000,88987000,102434000,132303000,121215000,99109000,83793000,93962000
"Q96EL3","MRPL53",140131000,121124000,189308000,167217000,NA,72102000,99022000,59362000,193915000,109818000,54240000,77355000,63404000,207532000,110820000,63414000,66975000,54925000
"Q96EM0","L3HYPDH",420270000,438100000,428800000,376130000,371490000,312501000,472940000,376230000,410670000,455360000,452220000,399770000,475030000,381990000,406940000,538600000,419700000,489970000
"Q96EP0","RNF31",NA,NA,NA,24203000,43590000,78493000,29437000,19003000,52369000,61489000,31768000,93115000,85661000,84648000,92789000,26503000,NA,NA
"Q96EP5","DAZAP1",1205850000,1238120000,1238460000,1225280000,1376030000,1224080000,1570910000,1530890000,1600230000,1400040000,1410990000,1186470000,1271770000,1105160000,1092700000,1095590000,1058310000,1278470000
"Q96EQ0","SGTB",83081000,140942000,98324000,89144000,NA,77956000,NA,42483000,95851000,46297000,47384000,61653000,114559000,132380000,74498000,117694000,59489000,63037000
"Q96ER3","SAAL1",NA,NA,29601000,33484000,NA,NA,24791000,18170000,NA,11480000,NA,32161000,NA,NA,NA,NA,NA,13465000
"Q96ER9","CCDC51",129239000,110232000,108423000,127146000,135061000,147583000,163861000,166617000,163795000,212485000,198454000,134051000,142645000,133561000,134080000,141299000,153424000,165638000
"Q96EU7","C1GALT1C1",200294000,203673000,220559000,212652000,206606000,232872000,121980000,77334000,77798000,84485000,92869000,52190000,36851000,NA,NA,NA,NA,NA
"Q96EV2","RBM33",54753000,22083000,52198000,30658000,71768000,80417000,64988000,65329000,58044000,79737000,60470000,38199000,53485000,57063000,52758000,18304000,32825000,28911000
"Q96EY1","DNAJA3",29464000,104369000,42118000,61865000,85185000,71382000,64093000,93626000,95850000,121164000,120880000,29636000,99133000,106133000,69904000,63946000,78008000,77772000
"Q96EY4","TMA16",204374000,160357000,232047000,182766000,164251000,49796000,133681000,137481000,135622000,144923000,96905000,150576000,143936000,69624000,117160000,122064000,18566000,141275000
"Q96EY5","MVB12A",301826000,255870000,247092000,256844000,324599000,259146000,309516000,322923000,311580000,339140000,358630000,343110000,368160000,374240000,382150000,397230000,355800000,364850000
"Q96EY7","PTCD3",240143000,213639000,212242000,158533000,227088000,202154000,237092000,261132000,257976000,268471000,226713000,214624000,226764000,216110000,240688000,241331000,106660000,227159000
"Q96EY8","MMAB",111257000,57131000,86323000,34203000,NA,28868000,19938000,42615000,NA,64032000,39762000,35943000,158453000,109039000,78935000,240955000,179334000,206100000
"Q96F07","CYFIP2",42979000,NA,NA,NA,NA,68017000,20610000,NA,NA,NA,NA,73139000,NA,124782000,100066000,NA,NA,NA
"Q96F86","EDC3",92558000,112139000,112717000,115041000,81204000,116424000,88012000,67680000,93775000,81670000,81595000,106308000,89733000,135369000,90466000,80684000,37437000,59023000
"Q96FJ0","STAMBPL1",75161000,53336000,82574000,23565000,53582000,55999000,NA,NA,NA,NA,NA,NA,NA,NA,NA,NA,NA,NA
"Q96FJ2","DYNLL2",226916000,NA,138795000,162246000,256170000,205611000,185537000,270805000,NA,349610000,306183000,151329000,328220000,276140000,213773000,280906000,266291000,293003000
"Q96FQ6","S100A16",134294000,83880000,270790000,311560000,353510000,381100000,213720000,186652000,278550000,199281000,79095000,337963000,168602000,214666000,191561000,243919000,185530000,79780000
"Q96FV2","SCRN2",299958000,331340000,292720000,278617000,3.62e+08,283406000,351260000,371650000,338489000,369870000,369690000,342580000,366630000,304690000,331730000,308600000,305944000,313570000
"Q96FV9","THOC1",144924000,105096000,112054000,119785000,100506000,108155000,115327000,123488000,114663000,117237000,64098000,119977000,101641000,108489000,79063000,61105000,66387000,58653000
"Q96FW1","OTUB1",3364800000,3455800000,3417400000,3229700000,3.324e+09,2977320000,3.946e+09,4.015e+09,3838100000,3752500000,3865200000,3538100000,3609300000,3362200000,3247500000,3142900000,3.274e+09,3462400000
"Q96FX7","TRMT61A",176101000,188736000,202730000,147382000,166729000,149125000,171367000,168019000,179647000,151580000,164680000,138112000,130183000,125938000,121536000,120103000,137247000,111157000
"Q96FZ7","CHMP6",293820000,235076000,293617000,229397000,414620000,198241000,204061000,266140000,216425000,221814000,191848000,173455000,259632000,110792000,160893000,195315000,183978000,210357000
"Q96G03","PGM2",1033320000,1020440000,930090000,956610000,1011280000,961290000,1153070000,1045430000,1102350000,1016840000,1060420000,1032710000,830700000,911800000,891300000,804690000,798580000,774280000
"Q96G21","IMP4",72103000,NA,40288000,69815000,124787000,44735000,41934000,47076000,16468000,46067000,62131000,15044000,57746000,26356000,12280000,32197000,32999000,33810000
"Q96G23","CERS2",785280000,872880000,947480000,709550000,692900000,774010000,421450000,461440000,406750000,275507000,282762000,385003000,176440000,209134000,216012000,150184000,169587000,129500000
"Q96G46","DUS3L",80563000,121631000,111581000,69251000,59196000,97430000,87558000,87785000,95125000,52958000,64945000,77500000,26753000,78368000,42668000,23670100,72806000,58198000
"Q96GA3","LTV1",84109000,88256000,80783000,101093000,108748000,60062000,71740000,18469000,19584000,64384000,65307000,58100000,66229000,40421000,12418000,18646000,30628000,51695000
"Q96GA7","SDSL",140157000,144051000,139742000,182831000,153095000,157804000,200638000,163482000,204980000,170779000,205768000,205243000,122668000,168491000,173837000,193403000,132025000,176075000
"Q96GD0","PDXP",158258000,171704000,160512000,156247000,168857000,187849000,182865000,200542000,192569000,178322000,190692000,202834000,205440000,176534000,199743000,178580000,182305000,187428000
"Q96GG9","DCUN1D1",208932000,276391000,262434000,276257000,316101000,256545000,330720000,350110000,295517000,323950000,285020000,293932000,363440000,335500000,303479000,417750000,394870000,380610000
"Q96GK7","FAHD2A",605690000,530350000,509380000,498170000,608270000,488970000,561350000,587610000,547360000,601330000,570160000,495270000,587030000,495740000,510770000,614430000,571710000,632360000
"Q96GQ7","DDX27",318062000,321234000,319608000,308580000,336905000,312468000,447800000,394750000,391960000,387640000,383870000,356180000,279389000,263789000,269245000,242452000,213137000,221301000
"Q96GS4","C17orf59",35101000,NA,NA,12782000,18118000,16803000,19225000,19154000,31395000,64134000,22415000,29634000,83512000,48785000,46988000,66510000,83224000,74937000
"Q96GX9","APIP",40314000,NA,217884000,85566000,96165000,112084000,100448000,111246500,40660000,135262000,148092000,106500000,129063000,92850000,45703000,108904000,139426000,138717000
"Q96GY0","ZC2HC1A",88148000,65680000,52166000,82217000,92458000,78276000,67777000,58659000,60417000,58995000,60236000,33290000,61033000,56906000,22951000,55126000,35721000,47141000
"Q96H20","SNF8",229201000,195816000,218539000,190271000,232830000,188321000,223756000,73630000,132321000,199136000,256133000,197940000,229839000,186371000,224485000,258470000,203362000,275504000
"Q96H79","ZC3HAV1L",164791000,140697000,154565000,161033000,198487000,162380000,173280000,143056000,129783000,140586000,199306000,124423000,179935000,136656000,154687000,184413000,143216000,190714000
"Q96HC4","PDLIM5",10315600000,9.41e+09,9665300000,8542100000,9290900000,7917900000,7757600000,7863800000,7518800000,7748900000,7614800000,6269200000,6441400000,6139800000,5670900000,6154700000,5731900000,6159300000
"Q96HD1","CRELD1",NA,NA,NA,NA,23638000,NA,NA,28568000,NA,168956000,87136000,NA,270341000,246952000,226876000,359720000,296318000,310960000
"Q96HE7;Q86YB8","ERO1L",1259960000,1135120000,1268020000,1452850000,1571370000,1403210000,1273050000,1220410000,1265760000,1141100000,1033180000,1013570000,1112390000,897950000,982540000,974770000,1022350000,942540000
"Q96HH9","GRAMD3",76497000,NA,111211000,73638000,67729000,52021000,16207000,NA,40060000,57407000,40979000,NA,49681000,22674000,79108000,62538000,32756000,106225000
"Q96HJ9","C7orf55",61865000,50461000,40654000,87813000,67988000,48447000,95797000,92676000,93591000,97622000,84955000,76659000,98476000,107586000,99765000,78108000,109386000,134105000
"Q96HP0","DOCK6",217935000,204203000,201514000,268388000,194879000,247001000,223167000,165255000,200774000,147982000,181768000,184548000,142528000,184640000,166655000,166408000,161969000,202271000
"Q96HS1","PGAM5",541740000,497790000,445200000,454350000,540180000,437120000,671240000,561200000,562730000,683410000,690790000,552370000,686520000,508980000,478230000,588570000,552260000,618660000
"Q96HY6","DDRGK1",1161450000,983020000,1031740000,1153540000,1077020000,1063980000,973040000,946480000,992350000,1118300000,992440000,936940000,1090010000,1034950000,926810000,1029210000,1093890000,1174910000
"Q96I15","SCLY",19266000,NA,NA,NA,26352000,NA,53032000,56719000,24437000,54361000,NA,NA,NA,NA,NA,NA,31327000,29931000
"Q96I24","FUBP3",1834190000,1878290000,1724370000,1711320000,1994810000,1632310000,1799650000,1797470000,1688140000,1768700000,1712170000,1460690000,1512270000,1411590000,1200280000,1322990000,1218400000,1390520000
"Q96I25","RBM17",184372000,228257000,211887000,164644000,209310000,158095000,232279000,279809000,212353000,181063000,230864000,166991000,219693000,157389000,88209000,165195000,165882000,187169000
"Q96I99","SUCLG2",1173670000,1026190000,980360000,986780000,1118220000,905560000,1290260000,1329400000,1242140000,1373540000,1356010000,1128660000,1077940000,990310000,976520000,869830000,951570000,923740000
"Q96IF1;A6NIX2","AJUBA",NA,25954000,NA,66805000,NA,NA,160986000,118235000,181861000,133111000,180345000,183690000,74688000,275654000,233733000,186364000,194231000,118991000
"Q96II8","LRCH3",187511000,182423000,164409000,163987000,171315000,190774000,183886000,154722000,163372000,137827000,126246000,49480000,115773000,36612000,100593000,NA,NA,43939000
"Q96IJ6","GMPPA",882860000,755280000,749480000,657960000,763640000,617240000,615670000,617950000,622790000,680510000,651810000,555920000,644090000,648240000,697600000,648260000,646750000,728300000
"Q96IU4","ABHD14B",1162540000,982980000,1088480000,1109250000,1335580000,1118500000,1406230000,1340840000,1263100000,1580020000,1350380000,1427470000,1342530000,1170390000,1175400000,1311550000,1063910000,1287090000
"Q96IV0","NGLY1",81927000,76163000,91740000,66491000,27066000,66358000,44655000,NA,25693000,NA,74321000,69442000,53180000,66516000,50522000,23024000,60431000,78208000
"Q96IW2","SHD",NA,NA,NA,167254000,52562000,165244000,475990000,520380000,463120000,959260000,920520000,891270000,1102590000,1031370000,1051080000,774450000,672920000,794070000
"Q96IZ0","PAWR",450500000,438250000,420860000,338838000,315110000,281610000,370420000,300842000,314419000,259061000,271120000,237899000,154391000,221755000,124694000,229876000,250167000,276427000
"Q96J01","THOC3",123439000,146693000,99930000,110967000,119198000,133763000,77686000,95726000,92560000,114122000,82176000,29724000,48903000,55640000,18804000,55586000,29953000,20757000
"Q96J02;O00308","ITCH",163973000,208957000,99545000,164036000,109937000,160250000,67640000,NA,44901000,46426000,92507000,116326000,99562000,113067000,137155000,146776000,126303000,128680000
"Q96J84","KIRREL",61085000,30597000,26304000,29691000,58012000,106284000,NA,25436000,NA,NA,26740000,27270000,18802000,NA,44581000,NA,18968000,NA
"Q96JB2","COG3",250164000,163558000,185101000,186564000,146942000,227774000,153979000,145863000,163967000,173475000,177961000,188862000,63544000,257233000,230340000,236798000,275151000,157446000
"Q96JB5","CDK5RAP3",438200000,360970000,368500000,428930000,339663000,451210000,349809000,358110000,357690000,300855000,301687000,373960000,286146000,372070000,396400000,392390000,414040000,316213000
"Q96JC1","VPS39",21221000,NA,19636000,23770000,20809000,NA,NA,18403000,45399000,23967000,51852000,75635000,19897000,NA,NA,24747000,NA,42816000
"Q96JH7","VCPIP1",182434000,160399000,160516000,125423000,146001000,139090000,158157000,137985000,124261000,109008000,129429000,136405000,140897000,109538000,109567000,124659000,129668000,139124000
"Q96JJ3","ELMO2",436680000,361280000,326673000,313096000,345320000,292841000,315212000,296343000,343370000,336950000,345416000,285598000,288140000,272682000,266835000,251032000,252961000,294823000
"Q96JJ7","TMX3",2036230000,2228260000,2111910000,2046630000,2279620000,2079740000,2064940000,2058100000,1860230000,2125840000,2.113e+09,2011590000,1978430000,1981810000,2089760000,1981910000,1900030000,2012780000
"Q96JM3","CHAMP1",254262000,195244000,240334000,215909000,209924000,191806000,239683000,209038000,207500000,187847000,200049000,203918000,147162000,170020000,143378000,125284000,161683000,144088000
"Q96JP5","ZFP91",148213000,174664000,201488000,204366000,195180000,102530000,172522000,241933000,218268000,252613000,252535000,178717000,103022000,57487000,92793000,100485000,55740000,62090000
"Q96JY6","PDLIM2",607460000,568520000,622380000,473440000,573350000,484820000,485800000,499350000,451350000,401670000,420930000,386650000,395310000,301485000,217903000,250180000,411420000,476880000
"Q96K17","BTF3L4",1055400000,1282920000,1340060000,1048480000,1005930000,745180000,1008710000,987690000,964100000,1208300000,1225740000,958240000,1069300000,946610000,936400000,988100000,931350000,1031350000
"Q96K37","SLC35E1",325812000,269462000,195208000,247470000,254837000,172943000,240386000,169162000,205859000,191211000,207682000,156209000,204774000,73162000,58880000,192252000,180120000,217023000
"Q96K58","ZNF668",NA,NA,NA,11751000,15519000,10611000,11800000,30541000,30314000,NA,54487000,NA,17236000,27654000,24254000,14305000,44976000,42865000
"Q96K76","USP47",416450000,438030000,482600000,523480000,485740000,462550000,458400000,424530000,501990000,478560000,456510000,479790000,499360000,483030000,549560000,483760000,525580000,574820000
"Q96KA5","CLPTM1L",179541000,180200000,157687000,231046000,185628000,243171000,111965000,163547000,160842000,180890000,177024000,254492000,193298000,216124000,257407000,99734000,170894000,110451000
"Q96KB5","PBK",1080990000,1231520000,1204570000,781320000,858300000,852810000,213204000,203889000,203687000,NA,NA,NA,NA,NA,NA,NA,NA,NA
"Q96KC8","DNAJC1",137043000,132842000,87392000,151513000,140899000,91931000,34727000,40806000,67922000,NA,57923000,NA,32348000,NA,NA,NA,NA,39002000
"Q96KG9","SCYL1",338540000,304867000,308965000,419130000,339410000,415300000,189945000,112310000,338777000,315278000,390610000,345660000,322770000,341451000,334490000,296025000,248684000,303301000
"Q96KP1","EXOC2",442340000,389680000,398330000,417260000,418950000,430220000,448020000,430810000,428700000,400550000,403160000,465220000,430040000,393770000,381200000,426810000,421690000,407680000
"Q96KP4","CNDP2",2369100000,2563730000,2734300000,2366680000,2235760000,2267160000,2514790000,2564470000,2718960000,2582780000,2806920000,2594230000,2642510000,2839830000,2782150000,2736860000,2788450000,2727450000
"Q96KQ7","EHMT2",NA,NA,14052000,NA,15386000,NA,NA,13733000,29868000,NA,NA,12569000,16495000,NA,NA,NA,11785000,NA
"Q96KR1","ZFR",817850000,839720000,804290000,805550000,849160000,715070000,890880000,8.21e+08,826840000,962030000,922330000,873820000,849780000,804460000,813330000,789370000,710250000,871080000
"Q96L92","SNX27",351480000,304980000,334210000,334210000,401350000,288877000,365860000,379560000,339670000,373520000,396370000,332008000,357130000,349670000,376570000,359530000,338350000,370350000
"Q96L96","ALPK3",93153000,NA,117260000,126750000,114850000,NA,97623000,247415000,248150000,401590000,364980000,311848000,436400000,422660000,439970000,544090000,436470000,529580000
"Q96LJ7","DHRS1",297629000,314798000,274637000,243743000,264174000,242556000,275318000,286947000,275989000,264794000,279437000,223988000,200657000,161144000,179275000,207610000,150997000,206021000
"Q96LW7","C9orf89",NA,NA,NA,NA,NA,NA,NA,36135000,NA,32702000,NA,28913000,28692000,NA,NA,NA,65944000,37986000
"Q96M27","PRRC1",478800000,488700000,420726000,493360000,401363000,605090000,264334000,391110000,245171000,346210000,324696000,287817000,386360000,364280000,332432000,409240000,505354000,437570000
"Q96M96","FGD4",1482010000,1372060000,1418940000,945750000,958100000,1066350000,561230000,488670000,479540000,441700000,472680000,498510000,351680000,289501000,289612000,127133000,86754000,196452000
"Q96ME1","FBXL18",64221000,39159000,NA,66213000,64126000,57353000,49117000,63357000,69942000,NA,92190000,NA,83955000,NA,28035000,30146000,NA,65264000
"Q96ME7","ZNF512",297192000,209845000,206863000,222956000,235911000,186659000,394920000,340509000,356440000,376530000,351840000,262727000,291414000,241467000,228921000,216468000,177033000,234673000
"Q96MF7","NSMCE2",10871000,22672100,9479400,14295800,NA,NA,10481000,15820200,12537800,NA,7894700,NA,8047900,7190000,NA,5174900,5479800,12583700
"Q96MG2","JSRP1",449440000,397910000,414250000,781320000,698310000,612690000,866520000,879030000,825670000,1225920000,1211990000,1322700000,1272410000,1318100000,1326660000,1337450000,1125140000,1228250000
"Q96MT3","PRICKLE1",NA,NA,NA,NA,NA,NA,9004100,3739800,3477700,18331000,14083500,7364400,12849500,12215600,14067600,8276900,8352500,5970500
"Q96MU7","YTHDC1",27784000,67276000,48047000,73524000,NA,93341000,110510000,90416000,100512000,18475000,97772000,100836000,34805000,60046000,84661000,55526000,71152000,55888000
"Q96MW1","CCDC43",111167000,106309000,107195000,126647000,98892000,125817000,110729000,106756000,128766000,153448000,143334000,135245000,149625000,167878000,150371000,175605000,168816000,159421000
"Q96MX6","WDR92",100779000,79637000,92699000,139595000,100788000,81540000,115494000,73379000,90443000,62737000,75029000,NA,64981000,NA,76316000,33771000,50533000,92169000
"Q96N66","MBOAT7",526580000,555730000,606050000,587050000,553250000,542060000,528330000,578360000,567190000,458750000,471820000,489050000,406550000,495210000,420640000,368170000,370230000,428340000
"Q96N67","DOCK7",948910000,918690000,839060000,870450000,925400000,825260000,810300000,808440000,789110000,768970000,764150000,702990000,666010000,650060000,607840000,562870000,550080000,573860000
"Q96NE9","FRMD6",122733000,191615000,174831000,59544100,11094000,118849000,112350700,129664000,64367000,29424700,54292600,85375000,29495500,51615000,34084900,39569500,104727000,74120500
"Q96NT1","NAP1L5",27504000,NA,NA,82481000,98519000,84643000,66318000,NA,69444000,NA,32990000,NA,NA,NA,NA,NA,NA,NA
"Q96P16","RPRD1A",34778000,NA,83055000,39781000,NA,34246000,77053000,77993000,28742000,40757000,79868000,29982000,NA,61068000,34739000,NA,NA,36943000
"Q96P47","AGAP3",53154000,55056000,NA,77297000,46295000,82027000,94077000,68688000,87232000,110796000,151818000,160673000,143783000,121904000,172422000,137046000,37250000,138111000
"Q96P48","ARAP1",50882000,59320000,200238000,62626000,NA,61797000,123073000,76910000,NA,NA,61622000,56966000,NA,123846000,50476000,193426000,195980000,59736000
"Q96P53","WDFY2",33834000,19145000,27176000,87591000,63706000,51527000,112359000,93056000,87967000,50676000,58667000,52396000,41612000,51933000,36485000,NA,16435000,31446000
"Q96P70","IPO9",2037100000,1875310000,1819560000,1791910000,1723390000,1765210000,1545240000,1601450000,1550650000,1523760000,1629780000,1499520000,1305480000,1342020000,1489210000,1292760000,1216130000,1251710000
"Q96PC5;O15320;Q8IX95","MIA2;CTAGE5",188294000,190759000,137197000,152645000,200766000,113660000,157667000,173123000,150639000,192431000,177959000,130840000,105117000,127896000,125757000,147267000,130023000,161597000
"Q96PD2","DCBLD2",659810000,724410000,697040000,617420000,601030000,633290000,126030000,385420000,360070000,87679000,83804000,172517000,NA,59586000,NA,NA,NA,NA
"Q96PE2","ARHGEF17",197788000,139358000,168845000,192748000,186117000,190993000,132093000,202076000,180629000,255695000,248485000,223558000,253402000,239375000,246662000,214976000,216241000,207495000
"Q96PE3","INPP4A",72626000,NA,55469000,NA,NA,124354000,NA,NA,64110000,68595000,155439000,NA,NA,218864000,123824000,NA,155023000,123254000
"Q96PK6","RBM14",3527100000,3385900000,3493900000,3009880000,3524200000,2931250000,3753500000,3676800000,3510800000,3427700000,3374400000,2829280000,2947610000,2638730000,2381960000,2650210000,2326020000,2625400000
"Q96PM5","RCHY1",15147000,12609000,12646000,NA,NA,8848000,NA,9083000,NA,NA,3623900,8763500,4446600,NA,NA,5425700,NA,3228400
"Q96PU4","UHRF2",86098000,119998000,105472000,35743000,69113000,NA,28281000,52878000,83323000,22330000,24778000,NA,25220000,21627000,NA,18578000,20925000,NA
"Q96PU5","NEDD4L",67942000,32496000,NA,NA,31192000,NA,114527000,115933000,112062000,138009000,131560000,104286000,126439000,77920000,35117000,72661000,109518000,115106000
"Q96PU8","QKI",850350000,765540000,843920000,835430000,860440000,835540000,1238980000,1106430000,1126280000,1402740000,1331560000,1195770000,1306720000,1247550000,1250210000,1083290000,1054400000,1099710000
"Q96PZ0","PUS7",173615000,50102000,144324000,144379000,140809000,173850000,132276000,131347000,140751000,120060000,144077000,86201000,109251000,118321000,93760000,35795000,69104000,NA
"Q96Q11","TRNT1",266309000,250810000,249893000,288103000,240352000,241529000,338530000,327978000,284213000,327310000,349890000,296538000,298013000,267878000,297582000,295453000,261424000,276742000
"Q96Q15","SMG1",24729000,41430000,20434000,25886000,22355000,NA,57412000,42216000,12866000,34425000,21680000,NA,50770000,NA,NA,NA,NA,48206000
"Q96QC0","PPP1R10",172093000,149975000,162940000,157780000,153519000,154780000,84478000,123564000,111009000,132767000,140419000,48691000,139776000,139846000,104074000,47852000,74092000,32725000
"Q96QD8","SLC38A2",581170000,499160000,465630000,325309000,367270000,251918000,NA,60830000,NA,NA,NA,NA,67978000,NA,NA,59029000,NA,NA
"Q96QD9","FYTTD1",100836000,104199000,114871000,105049000,91080000,119224000,28185000,67735000,71298000,130767000,45489000,176535000,101580000,159409000,179607000,150988000,140052000,48633000
"Q96QG7","MTMR9",167358000,190074000,186996000,217079000,203602000,197926000,188001000,166052000,198971000,190963000,197525000,159149000,181588000,181139000,146674000,171010000,152974000,245304000
"Q96QK1","VPS35",5.066e+09,5087800000,4979100000,5257100000,5013300000,4978500000,4917800000,4.65e+09,4938900000,4800100000,4749900000,4735700000,4294900000,4217600000,4347600000,4.464e+09,4341100000,4623800000
"Q96QR8","PURB",707250000,693630000,682740000,678440000,826320000,771010000,1135830000,1186020000,1061490000,1437060000,1433920000,1043520000,1801740000,1392380000,1178920000,1501460000,1491130000,1667370000
"Q96QU8","XPO6",106456000,97766000,80472000,53559000,89084000,48612000,54618000,54994000,23076000,54774000,29429000,NA,17021000,NA,NA,NA,NA,NA
"Q96RF0","SNX18",286462000,247795000,223052000,337253000,311310000,303243000,315202000,299920000,270819000,243518000,279792000,255570000,206830000,238448000,159263000,269079000,223438000,274285000
"Q96RN5","MED15",132501000,92165000,91130000,91292000,43236000,76270000,37572000,22674000,NA,NA,24573000,31677000,20254000,33040000,NA,NA,NA,NA
"Q96RP9","GFM1",381380000,447520000,368630000,323209000,366100000,365667000,352510000,420660000,382530000,383200000,442220000,429060000,342395000,376300000,430750000,326360000,360240000,343290000
"Q96RQ1","ERGIC2",86275000,104547000,114719000,101458000,132279000,117830000,111694000,103967000,121103000,107712000,96086000,82075000,91733000,98786000,115107000,107561000,78990000,100484000
"Q96RQ3","MCCC1",30132000,70869000,134757000,122071000,72964000,66627000,171244000,166729000,194049000,216433000,240859000,189206000,193116000,188579000,221025000,183938000,189098000,227641000
"Q96RS6","NUDCD1",1009640000,1039760000,1115260000,1095290000,1047670000,1119390000,861350000,910900000,982460000,823660000,834470000,1069500000,642740000,773430000,967650000,663520000,7.26e+08,600090000
"Q96RT1","ERBB2IP",476710000,446780000,511870000,386850000,367290000,420270000,374710000,321660000,318043000,316880000,296899000,339117000,221926000,263064000,228426000,224370000,260907000,210842000
"Q96S19","C16orf13",NA,NA,12482000,NA,26960000,NA,9940500,19868000,NA,NA,81957000,NA,35728000,NA,NA,NA,NA,44475000
"Q96S44","TP53RK",234900000,317930000,300043000,359530000,313509000,350910000,425530000,358920000,444180000,464680000,426370000,440260000,375190000,430090000,395540000,378200000,392240000,261410000
"Q96S52","PIGS",240856000,313765000,318039000,323620000,301026000,335444000,306671000,316371000,372710000,301778000,353320000,334530000,158676000,296663000,312095000,317545000,327731000,294219000
"Q96S55","WRNIP1",NA,24024000,NA,NA,27973000,NA,68036000,34814000,68763000,151284000,170104000,170928000,48844000,169290000,172397000,91039000,73716000,69933000
"Q96S59","RANBP9",267822000,228319000,309278000,241697000,230226000,227667000,65686000,NA,160366000,33534000,NA,167343000,48173000,164787000,195814000,171211000,175136000,45674000
"Q96S66","CLCC1",154588000,121221000,151539000,102829000,114599000,97563000,105971000,59332000,82089000,104934000,64367000,74923000,57754000,93869000,83068000,106846000,70838000,122472000
"Q96S82","UBL7",98180000,60072000,83687000,66193000,99791000,18411000,63167000,76335000,50900000,69350000,51195000,46959000,86545000,78579000,58716000,80836000,77658000,113369000
"Q96S97","MYADM",398960000,406110000,365990000,411090000,391750000,341790000,365290000,398600000,380490000,428540000,439330000,360670000,454630000,448890000,419550000,499700000,461630000,595280000
"Q96SB3","PPP1R9B",69858000,NA,196992000,54927000,58158000,108431000,NA,50431000,114102000,52263000,45119000,110785000,NA,204622000,NA,NA,NA,NA
"Q96SB4","SRPK1",1132390000,812430000,774480000,666370000,1041850000,687760000,562620000,514640000,500380000,679130000,497847000,596560000,396323000,522680000,677490000,416450000,537460000,581850000
"Q96SB8","SMC6",22533000,5519200,35480200,25577800,21647700,18419200,NA,22978000,38086000,17610600,12557000,21210000,NA,6318400,NA,6520000,NA,NA
"Q96SK2","TMEM209",4997300,52916000,36990000,32099000,14986300,NA,66792000,60481000,59719000,34017900,51800000,35184000,33212400,15219000,8444700,NA,13491000,39976000
"Q96SN8","CDK5RAP2",204079000,354260000,328050000,276130000,203410000,250740000,224730000,215340000,263880000,NA,290940000,332150000,301970000,363629000,197460000,317840000,134570000,532380000
"Q96ST2","IWS1",188579000,84378000,56938000,21689000,132237000,39224000,35023000,117182000,44052000,67111000,90739000,112808000,NA,NA,33810000,39789000,40423000,NA
"Q96ST3","SIN3A",26374000,NA,21571000,NA,23422000,13672000,30368000,84549000,74159000,22576000,13901000,18950000,15045000,NA,NA,20782000,NA,NA
"Q96SU4","OSBPL9",162505000,174845000,159142000,88479000,165435000,128080000,57108000,128554000,85211000,82523000,107594000,62023000,69283000,24336000,77367000,32334000,19059000,55456000
"Q96SY0","VWA9",NA,34068000,61491000,34676000,80073000,NA,NA,107999000,34121000,40757000,40724000,38848000,NA,NA,NA,NA,NA,NA
"Q96SZ5","ADO",168158000,150929000,144711000,114321000,200432000,182308000,175042000,177590000,117094000,156330000,181528000,181205000,185371000,105967000,48188000,110006000,141563000,134816000
"Q96T23","RSF1",107065000,104753000,59534000,76342000,100020000,44097000,100154000,91820000,89054000,95021000,81526000,55672000,46116000,68779000,64028000,21326000,37010000,64466000
"Q96T37","RBM15",214595000,256045000,244215000,205197000,196268000,195429000,249948000,275372000,284563000,231078000,246963000,229346000,222583000,248415000,220761000,200981000,193239000,224187000
"Q96T51","RUFY1",484490000,426770000,460930000,352710000,435590000,400530000,389960000,450260000,439800000,430320000,418130000,427402000,304638000,208400000,274761000,476570000,206186000,351420000
"Q96T60","PNKP",74255000,136241000,147899000,124118000,112910000,67848000,135796000,141963000,131461000,102373000,88788000,98625000,53063000,100013000,79420000,28186000,33738000,90471000
"Q96T76","MMS19",835360000,852440000,850070000,816750000,843420000,781460000,964940000,938510000,823140000,885810000,963990000,799430000,890730000,807670000,788860000,969460000,815370000,862330000
"Q96T88","UHRF1",1755120000,1418570000,1004400000,1029870000,1670490000,997990000,37762000,33192000,22822700,129296000,129515000,67669000,115320000,33532000,64918000,NA,NA,NA
"Q96TA1","FAM129B",9506800000,10389400000,9951300000,9671800000,10130700000,10026500000,8546100000,8412800000,8338400000,6456700000,6980200000,6.629e+09,5069200000,4932200000,4821600000,4599900000,4532800000,4790300000
"Q96TA2","YME1L1",340810000,306440000,388080000,380170000,366794000,338040000,181529000,243711000,233969000,279790000,252035000,302776000,289968000,273542000,357370000,208946000,225489000,237038000
"Q96TC7","RMDN3",174690000,169930000,224341000,195344000,49037000,72269000,214308000,255445000,458910000,218806000,174990000,NA,83839000,155487000,87312000,256346000,182504000,84518000
"Q99417","MYCBP",1146460000,1187520000,1229110000,1298910000,1368600000,1258310000,1123240000,1086640000,1222680000,1176190000,1164480000,1089880000,1205830000,1.098e+09,1141320000,1239120000,1284750000,1189420000
"Q99426","TBCB",2359710000,2441340000,2.589e+09,1741360000,2037450000,1793330000,1949340000,1977920000,1803500000,1567880000,1393300000,1289440000,1721080000,1564110000,1433390000,1496170000,1660510000,2079070000
"Q99436","PSMB7",4112200000,3491100000,3104990000,2432430000,4.293e+09,2684970000,3312700000,3.616e+09,2906550000,3770900000,3.419e+09,2567680000,4123600000,2978880000,2601520000,3463800000,3146320000,3898900000
"Q99439","CNN2",3.98e+09,4340600000,4569800000,4294400000,3530800000,4093700000,4045600000,3792300000,4062200000,2984420000,3327100000,3713400000,2486470000,3016110000,2717380000,2648740000,2602670000,2285140000
"Q99442","SEC62",247558000,263627000,354137000,164756000,145993000,238449000,206805000,201432000,199870000,39205000,222135000,149973000,117871300,120553000,96032000,132018000,153147000,109521000
"Q99447","PCYT2",100555000,181390000,98088000,161961000,162482000,137776000,178154000,132218000,146422000,189602000,133025000,171401000,243089000,239917000,250182000,311872000,359030000,283595000
"Q99459","CDC5L",1763400000,1623300000,1489020000,1511960000,1509520000,1375790000,1558780000,1535220000,1514740000,1646830000,1526380000,1550060000,1.451e+09,1347450000,1358370000,1197180000,1255450000,1258740000
"Q99460","PSMD1",7.612e+09,7262800000,7324600000,7222900000,7060800000,7146100000,6906400000,6784900000,7050600000,7305500000,7.305e+09,7039900000,8215300000,7991400000,8018800000,7.826e+09,7710200000,7990200000
"Q99470","SDF2",439410000,421160000,390140000,496640000,528350000,502170000,419700000,454260000,473240000,408420000,443320000,488380000,424820000,487140000,575370000,457490000,497960000,470430000
"Q99471","PFDN5",1926690000,1653100000,1581110000,1801500000,1858800000,1846390000,1573370000,1377450000,1611420000,1555320000,1543680000,1700450000,1600670000,1835070000,1723560000,1835750000,2020580000,1736220000
"Q99497","PARK7",9028800000,9400200000,10364400000,1.1093e+10,10651200000,11972100000,11921200000,12561300000,11509500000,11557500000,11808200000,11972600000,12285300000,1.2958e+10,12425500000,13615700000,14127200000,12892500000
"Q99519","NEU1",141306000,140882000,165807000,144869000,156973000,126456000,281451000,297624000,271979000,325910000,335920000,333120000,331730000,355820000,328646000,188630000,182037000,207258000
"Q99523","SORT1",NA,40520000,NA,102277000,NA,97558000,NA,NA,39948000,NA,71794000,NA,50597000,50657000,50553000,NA,NA,NA
"Q99536","VAT1",3324020000,3234600000,3293800000,3823600000,3677900000,3850200000,3755900000,4170600000,4.286e+09,4.506e+09,4403900000,4863800000,4135100000,4228400000,4.399e+09,4688300000,4810900000,4643400000
"Q99538","LGMN",NA,NA,NA,NA,NA,122920000,NA,NA,20088000,83121000,88748000,375113000,100688000,46497000,107255000,106208000,55616000,NA
"Q99543","DNAJC2",314471000,323740000,297855000,387240000,377560000,361490000,403080000,335850000,392550000,3.69e+08,369560000,3.63e+08,388570000,407060000,348105000,370080000,359940000,362450000
"Q99549","MPHOSPH8",13531000,39772000,48029000,19817000,13148000,NA,12046000,51101000,16003000,28981000,18618000,18672000,22109000,NA,NA,17057000,NA,12242000
"Q99567","NUP88",346190000,387130000,315161000,284806000,304279000,305392000,383650000,398550000,359410000,373710000,416940000,372840000,327459000,336141000,341960000,285239000,337002000,298903000
"Q99570","PIK3R4",170340000,146088000,163078000,143733000,190523000,119539000,111602000,118667000,105628000,117463000,100104000,121701000,102867000,120022000,64075000,81821000,98802000,102891000
"Q99575","POP1",527380000,441510000,477530000,495780000,534110000,459440000,491730000,487540000,451680000,434630000,503040000,299321000,379287000,316684000,283087000,326312000,216852000,438780000
"Q99584","S100A13",4413100000,4.962e+09,5413700000,4.86e+09,5143300000,5237800000,5182800000,5424800000,4.906e+09,5183700000,5128100000,5411900000,4724200000,5204400000,5363200000,5673300000,6502600000,5239200000
"Q99590","SCAF11",123926000,138512000,141700000,139320000,98704000,144043000,76454000,63102000,97076000,65757000,72018000,123133000,43960000,73615000,72289000,26290000,29346000,22467000
"Q99598","TSNAX",1293850000,1232680000,1235600000,1207710000,1.259e+09,1377550000,1339870000,1094020000,1248650000,1243710000,1162370000,1134030000,835670000,868140000,989870000,807590000,995540000,833430000
"Q99613;B5ME19","EIF3C;EIF3CL",6080500000,5542500000,5.488e+09,5591400000,5606700000,5192500000,4484900000,4440500000,4.651e+09,4918700000,4827100000,4691600000,5034900000,4671800000,5011700000,4.805e+09,4442900000,4.574e+09
"Q99614","TTC1",751300000,702520000,872470000,796360000,881950000,839390000,790110000,793480000,732110000,909260000,822940000,822930000,954130000,756500000,838970000,894870000,777320000,919490000
"Q99615","DNAJC7",1456300000,1281860000,1296590000,1014120000,1273100000,893570000,896340000,1.033e+09,837720000,943410000,873880000,753220000,997560000,818630000,799560000,908980000,741890000,891660000
"Q99622","C12orf57",166513000,143685000,176522000,203393000,189594000,215256000,114237000,134501000,130823000,146853000,139084000,123866000,138513000,110576000,169742000,159473000,169129000,115136000
"Q99623","PHB2",3664700000,4086700000,3696300000,4313300000,3965900000,4192300000,4741900000,4578500000,4934700000,4791800000,5.184e+09,4620900000,4655100000,5028100000,4842500000,4749500000,4900800000,4755400000
"Q99627","COPS8",1096510000,912670000,818890000,916360000,825920000,823130000,835720000,780720000,852490000,857500000,957770000,880580000,859230000,789690000,798660000,842010000,787380000,829990000
"Q99653","CHP1",617840000,621200000,684900000,663690000,662640000,557480000,831160000,751730000,711580000,667970000,651870000,565720000,519260000,507220000,457680000,634090000,594750000,599280000
"Q99685","MGLL",2412780000,2406930000,2193520000,2342760000,2151390000,2456700000,917010000,960860000,963170000,838330000,895220000,956740000,450277000,690520000,713560000,371100000,453620000,358551000
"Q99700","ATXN2",520220000,430730000,399950000,456720000,450540000,486310000,279137000,291513000,317148000,296072000,324249000,329203000,346990000,319140000,301124000,274760000,293357000,290648000
"Q99707","MTR",60065000,31105000,30241000,92187000,89437000,74961000,18569000,56311000,45094000,98235000,56803000,26842000,51295000,53913000,48969000,NA,26506000,23264000
"Q99714","HSD17B10",1754230000,1653100000,1826910000,1704260000,1884900000,1870790000,2350060000,2318520000,2409860000,2802650000,2802100000,2921910000,3.264e+09,2969400000,3295200000,3216940000,3253150000,3322400000
"Q99715","COL12A1",285033000,176316000,216960000,701580000,640090000,684180000,253881000,306215000,266616000,220191000,207152000,188811000,200373000,123463000,221507000,295587000,254398000,283703000
"Q99719","SEPT5",127600000,37676000,78811000,185579000,186465000,202843000,333640000,355770000,388630000,621540000,554160000,520860000,904240000,910590000,915910000,1188660000,1226710000,1228040000
"Q99720","SIGMAR1",NA,89344000,95056000,40518000,42569000,86785000,NA,NA,88888000,NA,45930000,NA,NA,83693000,38849000,41584000,41127000,NA
"Q99729","HNRNPAB",1391590000,2449740000,2403730000,2134230000,2166560000,2168650000,2109150000,1944470000,2081660000,1717180000,1746730000,1712260000,1535490000,1562320000,1604900000,1434070000,1517640000,1315480000
"Q99733","NAP1L4",3930200000,3714100000,3637800000,3797600000,4250100000,3434600000,3346300000,3424800000,3118600000,3498100000,3242100000,3239300000,3183500000,2826130000,3042780000,3203020000,2772270000,3185330000
"Q99747","NAPG",711540000,756670000,700120000,525780000,611150000,510630000,398980000,415520000,368030000,437400000,384050000,369020000,378010000,456780000,468840000,446300000,369740000,411900000
"Q99757","TXN2",239781000,324213000,312627000,318459000,134508000,336520000,322503000,346296000,361740000,334530000,315188000,481170000,287724000,337564000,417050000,384900000,426110000,266195000
"Q99797","MIPEP",254760000,311960000,361700000,278595000,250067000,218200000,321633000,311090000,292822000,290113000,291589000,280347000,234006000,243312000,239994000,225560000,173159000,226939000
"Q99798","ACO2",4470500000,4.556e+09,4484700000,4688300000,4528900000,4.514e+09,5842500000,5844100000,5.879e+09,6847100000,6688900000,6941600000,7960200000,7633600000,7579400000,8761900000,8.809e+09,8719300000
"Q99805","TM9SF2",1005500000,1123630000,1096210000,970860000,980940000,1014600000,774060000,768600000,901140000,813230000,844320000,895940000,969720000,994340000,963720000,1054790000,1116420000,1124050000
"Q99808","SLC29A1",49834000,30543000,110160000,166976000,109456000,37140000,392910000,339780000,454030000,435430000,527430000,552700000,271968000,404480000,363373000,270081000,181583000,220692000
"Q99816","TSG101",1307650000,1441420000,1317790000,1332500000,1340830000,1282110000,1532340000,1446040000,1441570000,1604060000,1601730000,1490040000,1752960000,1463920000,1562100000,1775770000,1476260000,1767260000
"Q99829","CPNE1",614650000,652980000,610430000,702650000,672500000,633800000,882410000,761230000,805830000,690410000,770800000,731280000,714170000,682980000,682650000,647290000,642940000,619260000
"Q99832","CCT7",10550900000,10415200000,10043100000,9270200000,9955600000,9107300000,8233100000,8.561e+09,8332400000,9506700000,9606300000,8832800000,9551400000,9180300000,9030700000,9.217e+09,9.118e+09,9089900000
"Q99836","MYD88",31185000,170009000,40349000,19934000,NA,NA,27304000,61779000,45300000,NA,29430000,NA,NA,NA,NA,NA,NA,NA
"Q99848","EBNA1BP2",568700000,572260000,579850000,546210000,488930000,378219000,585620000,546110000,521420000,588180000,552570000,520410000,453670000,357779000,386340000,369010000,283738000,343310000
"Q99873","PRMT1",3.428e+09,3299600000,3101500000,4115900000,3.869e+09,3897200000,4296800000,4298700000,4769800000,4977600000,5271700000,5407400000,5407400000,5.018e+09,5929200000,4827400000,5007400000,4960700000
"Q99943","AGPAT1",NA,NA,NA,NA,NA,15327000,23645000,NA,38522000,NA,NA,NA,31516000,10841000,23150000,16270000,13833000,NA
"Q99958;O43638;Q12948","FOXC2",124208000,103166000,82803000,78926000,104837000,126660000,27720600,13884400,18268000,9319700,12591900,NA,12894800,9602900,13055300,9936900,4887500,NA
"Q99961;Q99962;Q99963","SH3GL1",4445600000,3867100000,4370400000,5237700000,5560100000,5348200000,4806700000,4985400000,4508900000,5238400000,5090500000,4722700000,4610100000,4990100000,4321100000,3510200000,3633500000,3615100000
"Q99985","SEMA3C",26739000,99969000,43826000,122889000,95826000,89840000,45173000,47795000,139505000,119962000,95338000,90973000,255741000,217575000,202563000,354430000,381950000,370370000
"Q99986","VRK1",343990000,372360000,374680000,392390000,397790000,362940000,378030000,350100000,362050000,280922000,288326000,236782000,199499000,229314000,120480000,64474000,80893000,56327000
"Q99996","AKAP9",129501000,193544000,103549000,179703000,142863000,167273000,300167000,240930000,296866000,327179000,441260000,412030000,489550000,511060000,371490000,282991000,358361000,266398000
"Q9BPW8","NIPSNAP1",72259000,76032000,89931000,42186000,153437000,151480000,145489000,211646000,102706000,151470000,124982000,211707000,150447000,79803000,121768000,161296000,144217000,82057000
"Q9BPX3","NCAPG",833420000,862820000,905870000,728580000,707600000,909290000,433020000,416830000,440660000,229775000,248512000,259584000,91907000,119183000,NA,77742000,81939000,156456000
"Q9BPX5","ARPC5L",1121030000,1024190000,1066220000,1049270000,1038520000,967320000,1058340000,1097890000,982110000,1089530000,1098980000,857270000,1023320000,1004130000,1025310000,978910000,945600000,976930000
"Q9BPX6","MICU1",107518000,90538000,108615000,114444000,115110000,138353000,146120000,141293000,137092000,134681000,150171000,147194000,209911000,192509000,191802000,201864000,227938000,252314000
"Q9BPY3","FAM118B",95942000,103566000,85653000,97193000,102060000,86173000,71435000,78401000,97170000,103130000,115332000,106326000,79382000,97361000,89081000,89689000,89812000,51734000
"Q9BPZ7","MAPKAP1",NA,NA,NA,15852000,NA,NA,NA,8045500,NA,19533000,NA,NA,17998000,NA,NA,18700000,NA,17302000
"Q9BQ39","DDX50",330440000,354958000,333700000,485220000,454060000,464310000,283712000,323627000,357610000,302707000,305395000,360660000,233800000,287004000,270403000,237916000,256882000,179235000
"Q9BQ52","ELAC2",444110000,489070000,481720000,362540000,372100000,408840000,300677000,266160000,290640000,271968000,301996000,332908000,257380000,297481000,315979000,271049000,359170000,278380000
"Q9BQ61","C19orf43",271852000,258505000,271024000,236114000,174974000,268582000,196649000,178624000,150850000,166513000,205405000,152036000,173594000,121352000,118653000,143922000,144542000,127331000
"Q9BQ67","GRWD1",279204000,387640000,268472000,278715000,302624000,288862000,305034000,279273000,296492000,310026000,305902000,250229000,308489000,212829000,253188000,258809000,128998000,273394000
"Q9BQ69","MACROD1",NA,NA,22565000,56484000,NA,62435000,132677000,192769000,205593000,342466000,447966000,639360000,864990000,1203060000,1143930000,1393420000,1701020000,1304730000
"Q9BQ70","TCF25",316360000,281776000,275774000,303474000,383320000,243939000,281187000,262581000,249158000,301340000,279307000,197493000,344600000,268364000,242748000,274478000,260287000,279819000
"Q9BQA1","WDR77",977650000,913440000,966230000,753860000,784390000,802860000,1093410000,1095050000,966520000,1015260000,1034470000,971900000,1035910000,984770000,1026090000,1063600000,1029610000,1028090000
"Q9BQB6","VKORC1",157319000,NA,223147000,371870000,234210000,399590000,238970000,259640000,417190000,305600000,305030000,543380000,NA,232092000,463860000,NA,118750000,NA
"Q9BQE3","TUBA1C",476070000,954950000,978580000,856510000,710900000,801610000,973210000,593690000,845020000,NA,268200000,488510000,NA,382061000,311414000,356050000,298124000,NA
"Q9BQE5","APOL2",34371000,60698000,84904000,135650000,NA,129267000,NA,66684000,21145000,NA,79833000,22379000,28903000,17252000,NA,93255000,72509000,23724000
"Q9BQG0","MYBBP1A",1050610000,945790000,903150000,1.115e+09,980180000,929540000,931670000,987010000,962260000,961450000,903350000,926560000,1017550000,914450000,982670000,968780000,906650000,884340000
"Q9BQI0","AIF1L",NA,NA,NA,NA,NA,NA,NA,NA,NA,78748000,76646000,72291000,336690000,332010000,252902000,349776000,298131000,315174000
"Q9BQS8","FYCO1",104218000,87229000,145798000,NA,30701000,53412000,106988000,62480000,121504000,229701000,237575000,236877000,267148000,269150000,266786000,334089000,336640000,328755000
"Q9BR39","JPH2",24494000,NA,NA,NA,48806000,57019000,104880000,83597000,46549000,172751000,136343000,132794000,380520000,289493000,243345000,400356000,470470000,585500000
"Q9BR61","ACBD6",NA,NA,13300000,31328000,62363000,25168000,NA,NA,NA,NA,NA,NA,NA,9801900,NA,14004000,NA,NA
"Q9BR76","CORO1B",1098810000,1017170000,994170000,926610000,1121170000,867690000,1021890000,1076430000,994240000,1016720000,1152970000,895670000,921160000,769060000,885420000,859770000,718510000,871670000
"Q9BRA2","TXNDC17",2416970000,2626310000,2954140000,3458200000,3365600000,3620400000,3452400000,3.351e+09,3732800000,3071180000,3061760000,3.477e+09,2767350000,3607800000,3371300000,3077320000,3437900000,2889420000
"Q9BRF8","CPPED1",4.148e+09,4121900000,4213200000,4208700000,4341800000,4216900000,3993500000,4163100000,3974500000,3752300000,3634200000,3724900000,3248800000,2999400000,2933050000,2701670000,2723860000,2759670000
"Q9BRG1","VPS25",248926000,321497000,254095000,294348000,291745000,362650000,348668000,312836000,317014000,330720000,343500000,429070000,339920000,350220000,415850000,399180000,406310000,384180000
"Q9BRJ2","MRPL45",NA,18320000,NA,13447000,16433000,NA,37846000,NA,36166000,NA,NA,NA,20667000,NA,NA,NA,NA,NA
"Q9BRJ6","C7orf50",270407000,305116000,275685000,262681000,280918000,207734000,297412000,282393000,247786000,260658000,259769000,227553000,212669000,148564000,149365000,190579000,142671000,168752000
"Q9BRJ7","NUDT16L1",84298000,160698000,228384000,283633000,223434000,218513000,483930000,407870000,411700000,450950000,443470000,416420000,502940000,406820000,469030000,337250000,352040000,366910000
"Q9BRK3","MXRA8",396440000,396790000,415610000,345540000,405250000,356720000,470490000,505440000,358680000,287940000,294565000,299650000,245614000,198570000,206458000,277744000,284114000,308439000
"Q9BRK5","SDF4",269529000,273014000,277665000,250424000,272750000,235241000,271839000,285526000,251079000,231359000,239158000,222623000,203175000,182093000,170543000,226471000,191098000,205852000
"Q9BRP8","WIBG",553430000,486010000,540380000,451580000,467100000,386970000,522170000,562610000,525230000,449030000,456320000,416620000,440990000,454050000,376364000,452780000,398340000,478030000
"Q9BRQ6","CHCHD6",14100000,13753000,25147200,NA,NA,16505000,12843000,19451000,14184000,NA,17342000,25705000,19901000,NA,12048000,27589000,22207100,14848000
"Q9BRR6","ADPGK",430600000,327584000,316519000,321820000,398020000,300632000,321426000,292065000,308975000,283705000,266298000,258272000,208443000,194383000,193350000,159236000,182977000,106454000
"Q9BRT3","MIEN1",199904000,247259000,278008000,304755000,265086000,317820000,236008000,246540000,275340000,217589000,203659000,311759000,187695000,225620000,259840000,249228000,259712000,208173000
"Q9BRU2","TCEAL7",13339000,12258000,22242800,5113500,NA,9245600,8066500,14322000,6787400,5927400,12428000,15173200,21613000,24678200,11032900,11636000,25291800,10806000
"Q9BRX2","PELO",332360000,291154000,262431000,320133000,403290000,311143000,253109000,235395000,235134000,305116000,240424000,233051000,294197000,232911000,271447000,269987000,216069000,268769000
"Q9BRZ2","TRIM56",66359000,63177000,47178000,NA,NA,65719000,NA,NA,24892000,NA,NA,26479000,NA,NA,NA,NA,NA,NA
"Q9BS26","ERP44",918680000,772240000,906310000,792800000,897070000,859250000,857730000,785980000,836820000,885010000,919870000,870370000,851440000,834310000,874510000,722720000,726980000,794220000
"Q9BSD7","NTPCR",99076000,49127000,46491000,60186000,111030000,74055000,46974000,126590000,97384000,37391000,60271000,87646000,NA,36701000,NA,106533000,37864000,NA
"Q9BSF4","C19orf52",18731000,21154000,16326000,18594000,NA,19704000,NA,NA,NA,NA,25654000,40558000,43252000,NA,NA,23631000,45810000,NA
"Q9BSH4","TACO1",120456000,98495000,41323000,130655000,NA,NA,139104000,56735000,116624000,53109000,101227000,136544000,56456000,139220000,152917000,146899000,133221000,178997000
"Q9BSJ2","TUBGCP2",399160000,273145000,380240000,352120000,376997000,430080000,309058000,343670000,266030000,291308000,286691000,324360000,290749000,253195000,290185000,273810000,199726000,242029000
"Q9BSJ8","ESYT1",7316300000,7039300000,7206300000,7063200000,7635500000,7104600000,6754300000,7007500000,7015400000,10797100000,10763500000,10663100000,13245800000,13462900000,13914700000,13852600000,13836100000,14193400000
"Q9BST9","RTKN",NA,NA,NA,NA,NA,13239000,28724000,32399000,21799000,NA,45837000,19593000,NA,19006000,NA,15116000,NA,NA
"Q9BSV6","TSEN34",NA,77457000,79729000,92783000,NA,98985000,NA,NA,77242000,29109000,18085000,18425000,NA,62273000,49076000,30973000,50515000,NA
"Q9BSW2","CRACR2A",11641000,12819000,13321000,10861300,12439800,13997000,14073900,10244100,8453100,10827500,10260400,9133200,8730100,9004000,7472200,3841600,5224700,6256500
"Q9BT22","ALG1",198831000,210408000,253536000,247084000,72539000,222584000,144344000,76373000,206279000,143107000,143765000,202210000,112746000,96658000,142941000,132083000,125712000,47874000
"Q9BT40","INPP5K",14119000,29352000,27956000,31574000,11668000,21951000,48451500,51244000,53768000,4.5e+07,12803000,38341000,50724000,62322000,71178000,99574000,89196000,99986000
"Q9BT73","PSMG3",87091000,77921000,71596000,110957000,65977000,125552000,34389000,100249000,78319000,NA,35970000,58736000,65425000,116878000,122803000,25252000,82284000,70795000
"Q9BT78","COPS4",3052140000,2843290000,2633160000,2600210000,2800020000,2569600000,2800040000,2950910000,2695190000,2780820000,2819730000,2551620000,3005880000,2517240000,2602470000,2662210000,2597070000,2833560000
"Q9BTA9","WAC",38471000,14859000,14983000,44266000,NA,60422000,17675000,13570000,22612000,14170000,NA,26342000,11300000,13701000,21505000,NA,NA,NA
"Q9BTC0","DIDO1",91323000,50935000,79513000,54447000,56451000,52088000,99777000,60608000,67234000,93714000,55878000,34907000,66844000,37347000,NA,NA,26923000,NA
"Q9BTD8","RBM42",156276000,48787000,109640000,31411000,92148000,42834000,100529000,123911000,52522000,135011000,109180000,139352000,74098000,112898000,71092000,109793000,NA,82566000
"Q9BTE1","DCTN5",73329000,31881000,NA,NA,102801000,NA,NA,48449000,NA,NA,55314000,19730000,27079000,86095000,NA,31547000,27306000,81126000
"Q9BTE3","MCMBP",724080000,729310000,823410000,650880000,758850000,715620000,421760000,479210000,396700000,331150000,353850000,334200000,172333000,207894000,200167000,109289000,112271000,120529000
"Q9BTE6","AARSD1",400760000,448240000,474440000,418330000,366040000,434180000,349876000,361970000,403610000,384580000,412700000,4.98e+08,476460000,484040000,514520000,476980000,418420000,406860000
"Q9BTM9","URM1",173405000,NA,110570000,357210000,NA,244971000,NA,NA,NA,NA,NA,74557000,NA,165556000,131185000,NA,99246000,NA
"Q9BTT0","ANP32E",1600060000,1516850000,1838290000,1916650000,1762710000,1903650000,2182580000,2261780000,2253610000,1845740000,1792600000,2192820000,1249360000,1400790000,1748840000,1122030000,966960000,997750000
"Q9BTT6","LRRC1",6632400,NA,NA,NA,NA,NA,10915000,12387000,NA,NA,NA,NA,NA,83606000,24723000,47243000,43628000,20972000
"Q9BTU6","PI4K2A",238277000,291155000,282538000,220196000,299098000,192203000,252884000,244413000,388130000,264815000,233852000,266450000,622692000,389554000,152791000,434007000,308549000,257950000
"Q9BTV4","TMEM43",2397620000,2317830000,2347100000,2461950000,2577930000,2363270000,2560870000,2648780000,2665400000,2645810000,2511280000,2502020000,2563390000,2448600000,2443870000,2.472e+09,2441440000,2344130000
"Q9BTW9","TBCD",1017810000,975230000,940300000,964410000,895880000,930300000,1083050000,964550000,963920000,1047220000,1064610000,1013810000,919890000,933810000,902360000,957090000,891750000,943950000
"Q9BTX1","NDC1",20700000,22679000,23427000,NA,19685000,NA,43513000,22373000,35306000,39957000,20710000,NA,16824000,NA,NA,NA,NA,18927000
"Q9BTY7","HGH1",NA,40663000,44522000,71233000,20353000,21321000,35341000,18236000,NA,42577000,40065000,NA,40007000,NA,15627000,42865000,NA,NA
"Q9BTZ2;P0CG22","DHRS4",266710000,293235000,280662000,250971000,279160000,297827000,330340000,363990000,258397000,338690000,372960000,313410000,263518000,294325000,327630000,274204000,347760000,272987000
"Q9BU02","THTPA",18053000,16356000,23214000,36227000,15788000,16212000,60009000,61051000,58143000,27080000,66140000,NA,43167000,68394000,44668000,76824000,44872000,69040000
"Q9BU23","LMF2",140872000,106442000,167986000,167651000,103447000,157791000,48913000,158376000,102858000,88296000,138785000,90040000,130953000,149426000,120573000,45635000,136793000,68930000
"Q9BU89","DOHH",561740000,509030000,541880000,563230000,607140000,620820000,536710000,482450000,494270000,524020000,499640000,524570000,462550000,490620000,603670000,466500000,482360000,408720000
"Q9BUB7","TMEM70",56872000,76513000,18164000,NA,60109000,NA,55125000,55523000,17562000,53753000,68547000,16501000,36489000,NA,NA,62875000,16197000,41709000
"Q9BUF5","TUBB6",16307400000,16580600000,1.5633e+10,18374700000,2.1344e+10,17231400000,1.7678e+10,17817400000,18635400000,23469900000,21679800000,20577400000,33123400000,3.3519e+10,3.3752e+10,3.9132e+10,3.7696e+10,3.9251e+10
"Q9BUH6","C9orf142",169338000,160225000,155096000,121215000,151341000,155301000,216562000,213422000,172313000,218039000,182517000,200416000,212810000,249530000,228593000,192741000,200374000,213173000
"Q9BUJ2","HNRNPUL1",2761880000,2329810000,2215010000,2602760000,2878170000,2315880000,3417500000,3421300000,3402200000,3589900000,3315600000,2957530000,2922330000,2717830000,2664950000,2472350000,2305860000,2720080000
"Q9BUL8","PDCD10",435980000,413760000,487660000,416290000,412650000,449570000,420870000,361270000,403080000,393730000,329793000,410540000,303429000,336430000,347610000,300717000,293332000,253047000
"Q9BUN8","DERL1",313983000,318325000,311578000,341920000,330670000,297505000,243744000,311445000,156724000,187660000,170594000,254238000,274039000,239192000,246749000,270649000,255365000,294652000
"Q9BUQ8","DDX23",786200000,765200000,703920000,623630000,709310000,595120000,830120000,802130000,788830000,802270000,746040000,613960000,656300000,543560000,570820000,492710000,442120000,486980000
"Q9BUR5","APOO",27381000,20467000,50202000,NA,NA,NA,69686000,80774000,84305000,52358000,55438000,61758000,NA,74113000,66839000,62913000,93928000,64198000
"Q9BUT1","BDH2",294150000,NA,NA,214206000,197408000,206590000,NA,115669000,179361000,291932000,191663000,414250000,47253000,303412000,365430000,309625000,115780000,200172000
"Q9BUZ4","TRAF4",NA,NA,NA,NA,NA,NA,NA,40267000,36595000,78066000,91154000,67001000,61789000,78338000,65873000,NA,32792000,17806000
"Q9BV19","C1orf50",NA,NA,41141000,34491000,NA,45855000,NA,NA,NA,NA,NA,126468000,NA,29107000,140650000,NA,111566000,43526000
"Q9BV20","MRI1",266149000,332225000,260044000,282242000,295396000,234116000,275611000,257118000,322026000,284741000,278743000,267336000,265346000,221331000,225330000,307387000,281415000,249489000
"Q9BV38","WDR18",496420000,468310000,4.35e+08,359070000,551400000,341510000,558110000,603100000,470560000,625900000,540910000,406720000,531730000,417720000,365150000,475560000,417940000,531190000
"Q9BV44","THUMPD3",160437000,161557000,154738000,97762000,207776000,160975000,145971000,134794000,127793000,145246000,146105000,137508000,130678000,113494000,131689000,123653000,117437000,84206000
"Q9BV57","ADI1",588100000,486280000,510590000,601210000,563810000,546560000,517250000,583940000,579680000,470170000,445270000,475010000,413650000,491160000,432720000,453990000,394090000,399680000
"Q9BV68","RNF126",256884000,161281000,198944000,275272000,292610000,248990000,94317000,170272000,194516000,206675000,190020000,67107000,320066000,287912000,195340000,322360000,332548000,297231000
"Q9BV79","MECR",53129000,52307000,67680000,66449000,49524000,57056000,99759000,102564000,93339000,31322000,40043000,77818000,26117000,97061000,67328000,89015000,103735000,109950000
"Q9BV86","NTMT1",271361000,239275000,272819000,215187000,204450000,211942000,180541000,190772000,203454000,154595000,149843000,210289000,154914000,197020000,191957000,186546000,182597000,158694000
"Q9BVA0","KATNB1",NA,NA,NA,NA,134570000,105383000,NA,NA,66140000,178774000,242713000,155936000,439890000,519130000,417620000,546970000,723300000,578230000
"Q9BVA1","TUBB2B",4.4015e+10,5.1476e+10,4.7507e+10,5.1621e+10,4.7234e+10,5.1854e+10,5.5952e+10,5.7324e+10,5.5686e+10,4.8442e+10,4.6046e+10,4.8058e+10,5.1272e+10,5.0243e+10,4.981e+10,5.1467e+10,5.2442e+10,5.3594e+10
"Q9BVC4","MLST8",21744000,NA,NA,NA,19362000,NA,NA,NA,NA,21230000,21267000,NA,24313000,NA,NA,NA,19886000,NA
"Q9BVC6","TMEM109",536517000,1607390000,1514760000,833340000,452679000,1030520000,1404170000,1749960000,1312400000,997470000,1230254000,1258250000,1335085000,1794520000,1542870000,1.707e+09,1904850000,2812780000
"Q9BVG4","PBDC1",791150000,810420000,886050000,911270000,865240000,841390000,877250000,833540000,793140000,724130000,713940000,703540000,654150000,642310000,668250000,711700000,629220000,683610000
"Q9BVG9","PTDSS2",138921000,43630000,96472000,163382000,128411000,84822000,62325000,136682000,NA,102820000,178765000,NA,82181000,126539000,46496000,173967000,54428000,133624000
"Q9BVI4","NOC4L",116039000,161857000,192801000,155279000,156460000,162022000,122032000,163189000,123808000,131849000,110828000,170290000,111867000,113360000,166036000,98153000,48630000,38283000
"Q9BVJ6","UTP14A",207035000,213001000,250345000,202748000,207879000,217754000,231944000,189601000,198965000,204099000,224592000,205408000,165143000,162317000,161941000,175472000,125849000,149834000
"Q9BVJ7","DUSP23",557190000,476760000,530440000,503550000,597150000,564580000,534790000,528490000,558360000,414660000,452390000,325903000,344107000,392740000,257980000,312547000,262066000,186201000
"Q9BVK6","TMED9",2252480000,2503970000,2720200000,2644810000,2540420000,2603780000,2400160000,2435190000,2306760000,2442670000,2381340000,2184930000,2580330000,2586400000,2652880000,2901240000,2729220000,2714080000
"Q9BVL2","NUPL1",395320000,377430000,383550000,349688000,398070000,327228000,317980000,380880000,348040000,414640000,338580000,443790000,342680000,309535000,312954000,329653000,278152000,303663000
"Q9BVP2","GNL3",414350000,469420000,443110000,472830000,430260000,434830000,442400000,500100000,458100000,492650000,510360000,527960000,438590000,433040000,443270000,449050000,405300000,385750000
"Q9BVQ7","SPATA5L1",77086000,51402000,80174000,33513000,NA,69040000,85042000,64931000,79149000,NA,59344000,65376000,NA,55849000,30202000,34464000,38353000,25218000
"Q9BVS4","RIOK2",126941000,49593000,47092000,77766000,NA,126203000,43705000,NA,NA,NA,56542000,NA,34379000,NA,26778000,NA,69920000,NA
"Q9BW19","KIFC1",291808000,255376000,234609000,275942000,251117000,267972000,NA,NA,NA,NA,NA,NA,NA,NA,NA,NA,NA,NA
"Q9BW27","NUP85",236518000,213834000,253041000,240735000,255190000,183198000,252442000,286736000,259596000,239299000,229460000,198816000,202277000,190509000,177219000,194451000,167554000,195964000
"Q9BW30","TPPP3",97651000,NA,NA,308321000,233996000,265666000,1292860000,1262980000,1229660000,1439340000,1311070000,1302490000,1206460000,1194540000,1166730000,1293900000,1112270000,1166520000
"Q9BW83","IFT27",80400000,NA,NA,NA,79022000,46716000,44251000,85219000,81532000,151975000,96767000,44228000,90922000,75531000,NA,NA,46872000,NA
"Q9BW85","CCDC94",40306000,NA,32525000,17306000,21623000,NA,NA,10336000,NA,19037000,NA,11823000,NA,NA,NA,NA,NA,NA
"Q9BW91","NUDT9",185885000,188341000,104945000,219490000,196312000,186870000,230193000,154582000,252803000,258620000,248952000,301859000,394710000,400250000,363810000,543570000,430570000,472680000
"Q9BWD1","ACAT2",3230500000,3638300000,3788600000,3033630000,2790450000,3231600000,3120100000,2838350000,2739730000,2503470000,2539600000,3105560000,2485580000,2499930000,2998460000,2783830000,2928390000,2633600000
"Q9BWE0","REPIN1",35741700,49825000,46854800,54206000,40498000,44544000,143891000,132930000,129905000,90119000,118594000,83733000,86428000,93911000,63980000,43352500,64516000,59324000
"Q9BWF3","RBM4",1944180000,2050360000,1974370000,1735730000,1950580000,1812470000,2143650000,2096670000,2022610000,2305180000,2229950000,1823610000,1897040000,1584850000,1455270000,1519670000,1445990000,1502130000
"Q9BWH2","FUNDC2",23763000,17229000,NA,23154000,37388000,36326000,22188000,NA,18944000,50964000,NA,21672000,73632000,70428000,83140000,36763000,NA,109590000
"Q9BWH6","RPAP1",718810000,721740000,537440000,613700000,653840000,585540000,664340000,633990000,544680000,580670000,561360000,474910000,630400000,554690000,497680000,526090000,586420000,509640000
"Q9BWJ5","SF3B5",724930000,678970000,610410000,698630000,737180000,684130000,662460000,680810000,663420000,647390000,617620000,537610000,644290000,669150000,522530000,491590000,451900000,442560000
"Q9BWM7","SFXN3",3209650000,3149490000,3086900000,3565900000,3390700000,3297400000,4201400000,3986700000,4214500000,4338200000,4201300000,4.118e+09,3857600000,3863200000,3715900000,3578900000,3494800000,3652100000
"Q9BWS9","CHID1",124760000,163375000,111291000,139324000,125240000,134453000,187431000,172080000,181856000,176820000,154139000,200348000,213532000,223665000,174479000,241010000,259013000,300121000
"Q9BWU0","SLC4A1AP",77267000,84105000,82035000,66039000,54067000,70419000,50081000,63017000,56787000,47079000,54340000,47978000,44526000,33224000,32362000,29916000,37778000,40738000
"Q9BX40","LSM14B",26054000,130143000,217233000,167393000,92432000,167956000,90389000,139193000,114905000,61074000,198304000,169076000,160767000,157118000,148564000,93504000,74961000,73859000
"Q9BX46;Q9H0Z9","RBM24;RBM38",1185520000,1039440000,979940000,1004520000,1376870000,973600000,1624940000,1708090000,1.452e+09,2197610000,1979650000,1667310000,1860750000,1499570000,1316640000,1407650000,1245770000,1457680000
"Q9BX66","SORBS1",24897000,9454500,NA,91923000,80527000,87505000,207321000,220569000,225153000,334968000,273673000,198694000,586330000,462840000,480540000,840280000,702920000,765380000
"Q9BX67","JAM3",194190000,249005000,240099000,195521000,173722000,196150000,418970000,480900000,298909000,412020000,413480000,342415000,561060000,528600000,450300000,433270000,497110000,531570000
"Q9BX68","HINT2",572450000,607610000,616590000,645020000,631620000,696220000,912160000,848070000,915670000,846980000,801300000,834750000,685850000,789180000,784470000,673350000,656850000,636100000
"Q9BXB4","OSBPL11",177564000,173986000,157837000,178018000,173148000,215082000,130996000,76228000,134462000,78731000,62894000,160421000,56655000,81667000,159584000,52120000,108373000,103950000
"Q9BXB5","OSBPL10",30852000,24925000,27488000,19416000,NA,48445000,64409000,77615000,68618000,19782000,32845000,91759000,32053000,32633000,33876000,22514000,32570000,19203000
"Q9BXF6","RAB11FIP5",1048470000,1022130000,934730000,1169940000,1154560000,1060960000,1156290000,1218580000,1204440000,1363650000,1387090000,1274480000,1666480000,1736470000,1698590000,1754550000,1820430000,1690100000
"Q9BXJ8","TMEM120A",NA,NA,NA,18869000,13528000,19268000,64432000,65314000,27463000,87070000,45684000,141732000,113618000,107725000,105225000,136805000,97816000,117060000
"Q9BXJ9;Q6N069","NAA15",2305690000,2103110000,1970540000,1801250000,2368300000,1678920000,1429670000,1647270000,1327160000,1738670000,1612950000,1255380000,1659060000,1369880000,1271380000,1328730000,1161160000,1405900000
"Q9BXK5","BCL2L13",648490000,799450000,869420000,846900000,719460000,912160000,1043760000,1015560000,1076450000,1053380000,1120810000,1291470000,1102430000,1130820000,1242500000,1173630000,1104370000,1086310000
"Q9BXP2","SLC12A9",17454000,39973000,72240000,98223000,47619000,45713000,NA,NA,49593000,NA,19714000,26647000,23409000,NA,29796000,NA,29356000,NA
"Q9BXP5","SRRT",1941970000,1837740000,1938410000,1872750000,1918020000,1750500000,2329410000,2204950000,2209760000,1873700000,2099990000,1830450000,1689670000,1640030000,1557600000,1406770000,1346750000,1437510000
"Q9BXR0","QTRT1",124623000,130412000,38658000,106457000,79463000,70842000,131634000,86480000,79835000,127278000,134082000,128905000,92298000,87802000,106066000,69686000,105352000,86950000
"Q9BXS4","TMEM59",30354000,26064000,15318000,6846300,NA,NA,12885000,7665100,18806500,NA,NA,NA,NA,NA,NA,NA,NA,NA
"Q9BXS5","AP1M1",2064490000,2085350000,1773060000,2073260000,2159280000,1843180000,1832200000,1737030000,1769190000,1589420000,1775140000,1573870000,1597340000,1502120000,1553310000,1634390000,1524370000,1601780000
"Q9BXV9","C14orf142",179929000,41159000,168107000,206014000,222518000,262949000,225475000,227181000,260980000,263698000,226605000,272178000,245587000,242117000,255821000,259428000,243446000,74575000
"Q9BXW7","CECR5",NA,28885000,24721000,NA,40512000,104570000,83034000,47371000,121957000,NA,42961000,35205000,NA,134121000,NA,NA,27089000,NA
"Q9BXW9","FANCD2",94178000,59312000,72823000,87151000,68318000,89970000,NA,17993000,28107000,NA,NA,NA,NA,NA,NA,NA,NA,NA
"Q9BY32","ITPA",1520610000,1758800000,1841060000,1739610000,1617500000,1671980000,2139910000,1965670000,1900330000,1848690000,2120750000,2076060000,1616850000,2101330000,1951970000,1793760000,2011050000,1572780000
"Q9BY42","RTFDC1",72500000,124832000,198239000,171956000,67244000,175892000,104529000,54965000,170602000,NA,56724000,161867000,85077000,132319000,136226000,43407000,118255000,78535000
"Q9BY43","CHMP4A",1127640000,1007590000,1079800000,1023640000,1088390000,921160000,976670000,936980000,812750000,906450000,916500000,856970000,971040000,789050000,756870000,993920000,800430000,889630000
"Q9BY44","EIF2A",1535910000,1511370000,1429820000,1359020000,1529270000,1236960000,1225720000,1101060000,1223540000,1281890000,1341860000,1110860000,1351720000,1244930000,1202800000,1393930000,1159160000,1314760000
"Q9BY77","POLDIP3",890650000,847890000,796640000,739440000,820910000,698600000,938840000,920670000,942490000,929840000,946370000,905070000,900930000,852370000,810990000,807470000,692360000,793990000
"Q9BYC9","MRPL20",30124000,55851000,34161000,19848000,NA,NA,78552000,21723000,NA,NA,NA,NA,30566000,16697000,NA,44526000,23263000,19118000
"Q9BYD1","MRPL13",209656000,261791000,249651000,252649000,198941000,204013000,269619000,247280000,262024000,276561000,274870000,337481000,229965000,284807000,288730000,236296000,302064000,241653000
"Q9BYD2","MRPL9",334206000,321969000,317486000,309786000,298390000,292283000,374400000,294064000,404710000,350110000,373590000,366710000,320528000,325615000,360590000,336608000,353140000,294975000
"Q9BYD3","MRPL4",270798000,298176000,291099000,294794000,198596000,307473000,300724000,356569000,376050000,339522000,283459000,353120000,316828000,350840000,3.99e+08,318346000,329513000,355528000
"Q9BYD6","MRPL1",261815000,225885000,159897000,214083000,275399000,162939000,292077000,229720000,216526000,292332000,266685000,208507000,290938000,210226000,116346000,245513000,251478000,268454000
"Q9BYG3","NIFK",379880000,410680000,367630000,403970000,317356000,396100000,325237000,365820000,375410000,299083000,384690000,444440000,254850000,271537000,301375000,296753000,297165000,292293000
"Q9BYM8","RBCK1",NA,53105000,NA,NA,NA,40016000,79188000,108600000,102404000,85357000,52830000,65485000,89547000,158388000,36954000,40436000,132025000,89057000
"Q9BYT8","NLN",731980000,725770000,761860000,6.26e+08,646210000,678740000,601030000,625320000,563840000,590970000,662340000,673700000,538460000,593170000,643410000,576690000,606820000,606350000
"Q9BYV2","TRIM54",NA,NA,NA,NA,NA,NA,NA,NA,NA,NA,NA,NA,245720000,256487000,294175000,515550000,498180000,434590000
"Q9BYV6;Q969Q1","TRIM55",97026000,190457000,108212000,188957000,84086000,216522000,33262000,83626000,60943000,287063000,190449000,272656000,869220000,823920000,907790000,1043620000,1.076e+09,1469490000
"Q9BYV8","CEP41",109733000,152036000,135203000,105968000,108782000,98272000,113961000,101105000,109234000,71513000,75757000,37248000,75226000,69520000,18741000,46505000,44585000,53426000
"Q9BYX2","TBC1D2",157191000,147860000,120277000,159610000,115812000,149912000,127711000,87261000,33573000,NA,NA,29247000,NA,94531000,44886000,38462000,69903000,68499000
"Q9BZ29","DOCK9",151443000,300978000,318469000,256834000,293511000,276815000,550610000,552910000,532720000,570500000,486740000,633770000,419230000,437740000,466980000,342580000,284155000,342360000
"Q9BZ67;Q9BZ68","FRMD8",102145000,26286000,62729000,97433000,83849000,95483000,30874000,76642000,89196000,103949000,60199000,99745000,NA,70646000,26730000,NA,53643000,24370000
"Q9BZ95","WHSC1L1",550720000,200690000,252220000,381340000,NA,NA,NA,NA,NA,NA,NA,192820000,NA,NA,NA,104240000,NA,NA
"Q9BZD4","NUF2",214224000,182829000,201840000,159201000,161705000,180938000,NA,NA,NA,NA,NA,NA,NA,NA,NA,NA,NA,NA
"Q9BZE1","MRPL37",558170000,477240000,485290000,491370000,510860000,464770000,574720000,533790000,550860000,620320000,647390000,530940000,600710000,515110000,489540000,530870000,518560000,553990000
"Q9BZE4","GTPBP4",755420000,908150000,874470000,741120000,759790000,769430000,700190000,674140000,663910000,769120000,746010000,809310000,651210000,651080000,702190000,578530000,608590000,508740000
"Q9BZE9","ASPSCR1",279208000,221028000,231774000,274445000,269054000,226701000,294066000,303588000,293112000,279972000,292001000,273349000,307669000,275381000,275901000,321999000,295439000,336540000
"Q9BZF1;Q9H0X9","OSBPL8",366610000,356020000,362720000,392540000,405940000,376220000,292147000,289819000,332920000,247211000,262190000,267450000,247297000,215884000,249839000,237916000,243554000,287589000
"Q9BZF9","UACA",1687150000,1776400000,1791450000,1641180000,1642810000,1663720000,1571610000,1660490000,1623320000,1422440000,1499750000,1412950000,1528390000,1617970000,1502900000,1945260000,2009630000,2141620000
"Q9BZG1","RAB34",482690000,487500000,458230000,446640000,422490000,479100000,374230000,421260000,404880000,369140000,365860000,388289000,222728000,278263000,321923000,233432000,180599000,228351000
"Q9BZH6","WDR11",125547000,152707000,149087000,147709000,151708000,83488000,133459000,122644000,98040000,67481000,80873000,89668000,75945000,52819000,61266000,87253000,57725000,55577000
"Q9BZJ0","CRNKL1",96486000,99288000,96971000,92717000,NA,80923000,76114000,32403000,99960000,129367000,142994000,68822000,76038000,72241000,43901000,32670000,72678000,40563000
"Q9BZK7;Q9BQ87","TBL1XR1",511890000,470210000,459980000,376650000,472880000,427410000,353980000,379440000,348400000,360349000,368737000,352310000,357430000,326022000,325680000,390170000,315109000,311328000
"Q9BZL1","UBL5",524330000,326847000,351178000,274701000,192828000,271259000,232453000,297725000,180472000,282709000,405360000,228308000,404784000,290772000,317732000,266347000,186593000,280464000
"Q9BZL4","PPP1R12C",298510000,251393000,270536000,229955000,248267000,253381000,327075000,301042000,283135000,390060000,389410000,283994000,342690000,322587000,277646000,246101000,282782000,241865000
"Q9BZV1","UBXN6",NA,102077000,187590000,159418000,141442000,176541000,210195000,124779000,235200000,149366000,237954000,167999000,160351000,199370000,126596000,189548000,211593000,155437000
"Q9BZX2","UCK2",203002000,134407000,167599000,NA,253522000,151546000,37087000,70930000,NA,52902000,34420000,NA,80231000,NA,50861000,NA,NA,NA
"Q9BZZ5","API5",2418540000,2459590000,2304160000,2488280000,2385660000,2229200000,2800370000,2572920000,2765270000,2553860000,2542700000,2449600000,2243120000,2265700000,2139640000,1909490000,2072590000,2064660000
"Q9C005","DPY30",368740000,242591000,465270000,341229000,390970000,365310000,362540000,236640000,455830000,177989000,386610000,344464000,NA,270201000,294139000,123880000,282423000,77018000
"Q9C035","TRIM5",89040000,96306000,87467000,50746000,23749000,81071000,47654000,44886000,46121000,46921000,42014000,62181000,55928000,47737000,34188000,40155000,20226000,64623000
"Q9C0B1","FTO",523430000,492080000,509140000,513480000,547050000,470300000,590260000,591350000,601250000,563320000,558130000,499080000,507920000,457460000,456720000,460400000,449400000,476530000
"Q9C0B5","ZDHHC5",74544000,34401000,34255000,68306000,58069000,56997000,59158000,37032000,53459000,NA,41482000,42498000,NA,49682000,NA,NA,NA,19352000
"Q9C0C2","TNKS1BP1",4696900000,4366400000,4463100000,5.776e+09,5357900000,5.506e+09,6.654e+09,6611400000,6345400000,6.329e+09,6083500000,5810600000,5689800000,6044400000,5610400000,5836600000,5900500000,6245400000
"Q9C0C4","SEMA4C",7240800,NA,NA,NA,29196300,NA,17109900,6322300,16265300,7771100,18787800,NA,7798800,NA,NA,NA,NA,NA
"Q9C0C9","UBE2O",211787000,196791000,164167000,190356000,198345000,227909000,181888000,173554000,189146000,228097000,207246000,222545000,254990000,226104000,226069000,204379000,134866000,210911000
"Q9C0D3","ZYG11B",NA,NA,NA,209970000,NA,179890000,NA,NA,479900000,NA,NA,2.09e+08,NA,NA,483750000,NA,241750000,NA
"Q9C0D5","TANC1",48425000,78469000,62713000,47609000,44978000,33899100,102092000,88859000,79374000,64389000,63386000,55356500,32715000,53612000,46668000,66041000,48629000,74172000
"Q9C0E2","XPO4",90022000,80178000,46227000,58704000,101783000,48551000,84616000,82774000,52269000,26740000,78080000,43032000,20189000,41520000,24158000,69752000,NA,43515000
"Q9C0E8","LNP",432680000,421050000,392260000,311657000,434270000,405690000,387340000,361460000,343910000,383980000,334583000,251250000,368530000,359291000,336800000,326380000,364390000,405730000
"Q9C0H2","TTYH3",9412800,18557300,9697600,NA,NA,NA,NA,7433600,NA,6420400,9561600,NA,8195500,NA,NA,17998200,NA,6167700
"Q9C0I1","MTMR12",11477000,NA,NA,NA,NA,NA,12299000,NA,NA,17249000,NA,15012000,20460000,11879000,10574000,34573000,36979000,NA
"Q9C0J8","WDR33",112267000,127846000,110689000,110174000,116758000,120626000,154908000,137025000,108439000,99065000,94738000,139166000,92406000,122004000,109932000,69354000,119647000,98343000
"Q9GZL7","WDR12",359810000,283146000,285053000,248600000,354080000,245347000,284204000,328569000,270978000,320913000,301614000,285450000,246759000,216377000,270397000,188700000,208008000,232121000
"Q9GZM5","YIPF3",113177000,49434000,87152000,157476000,112548000,88985000,35387000,127858000,NA,130614000,83099000,84036000,145594000,126338000,137948000,136396000,161937000,99375000
"Q9GZN8","C20orf27",337700000,341616000,321162000,262815000,306020000,266911000,364699000,290933000,286741000,292476000,278081000,278358000,359710000,251735000,247164000,225249000,221694000,275803000
"Q9GZP4","PITHD1",121804000,217700000,181987000,116455000,122165000,144229000,108790000,116151000,106272000,127906000,105755000,169548000,108993000,113761000,144438000,71385000,130220000,95988000
"Q9GZQ3","COMMD5",25576000,33487000,36774000,23526000,28692000,54706000,NA,51353000,59669000,NA,96565000,74427000,18807000,23684000,NA,NA,35525000,NA
"Q9GZR7","DDX24",310038000,336300000,307166000,366724000,440030000,323090000,271169000,235655000,249156000,263825000,264451000,240466000,197801000,190438000,170763000,157262000,169800000,172185000
"Q9GZS3","WDR61",1136240000,1076300000,1110160000,1048200000,1143120000,970140000,1095560000,1148610000,1134720000,1110190000,1102250000,1072540000,1143140000,1000230000,1094360000,1035720000,1008870000,1074960000
"Q9GZT3","SLIRP",643030000,684430000,830280000,6.34e+08,663600000,603760000,639080000,776610000,718470000,673790000,743400000,692640000,660960000,658710000,658240000,726100000,763910000,734440000
"Q9GZT4","SRR",435060000,479220000,478520000,653560000,544120000,596910000,601610000,626080000,650370000,591110000,641410000,667130000,531810000,520360000,631080000,581350000,626890000,545570000
"Q9GZT6","CCDC90B",NA,NA,NA,NA,21976000,NA,84712000,32331000,50376000,NA,20824000,NA,50356000,25132000,NA,27379000,22909000,NA
"Q9GZT8","NIF3L1",48936000,115482000,142145000,209823000,132118000,222396000,197673000,196098000,156908000,198854000,141665000,126755000,127787000,193050000,130256000,204428000,217258000,206671000
"Q9GZT9","EGLN1",98446000,104890000,82981000,101518000,96596000,93436000,58897000,92760000,60086000,75389000,80236000,15653000,47071000,68886000,23851000,58813000,59369000,51449000
"Q9GZU8","FAM192A",344300000,284266000,328190000,239481000,262320000,226589000,268650000,252504000,217136000,198819000,220193000,175777000,174032000,169650000,147528000,183083000,146660000,158769000
"Q9GZV5","WWTR1",185955000,144739000,154658000,91843000,146596000,136756000,NA,NA,NA,163851000,123702000,127378000,227095000,193946000,210516000,344907000,295583000,355600000
"Q9GZY8","MFF",530200000,1191430000,1134290000,1333260000,1306030000,1311100000,1823620000,1595980000,1495320000,1604030000,1446130000,1675380000,1222840000,1174850000,1254280000,1165900000,1093780000,1064390000
"Q9GZZ1","NAA50",924340000,902500000,960150000,779530000,915240000,719110000,731480000,674690000,619560000,668440000,691480000,602330000,607640000,599780000,609820000,616100000,519150000,546650000
"Q9GZZ9","UBA5",185231000,187867000,213042000,240564000,226095000,262448000,234853000,188635000,195960000,218207000,217949000,183618000,229659000,149362000,195966000,170155000,209458000,185999000
"Q9H008","LHPP",32895000,36077000,7606400,50791000,62037000,33914000,86506000,60589000,83700000,140801000,110612000,109856000,115560000,76912000,98573000,84638000,84282000,121375000
"Q9H019","MTFR1L",NA,NA,19857000,NA,NA,NA,84408000,95736000,39960000,24136000,124379000,NA,NA,39696000,NA,56353000,82640000,67894000
"Q9H061","TMEM126A",128549000,104615000,58639000,67878000,28501000,NA,70937000,110817000,72980000,77736000,117791000,23533000,56221000,NA,NA,32488000,NA,31627000
"Q9H074","PAIP1",653310000,528630000,549510000,577110000,575390000,571420000,606210000,628560000,560730000,544130000,558570000,487060000,546020000,541500000,554620000,562240000,605170000,614010000
"Q9H078","CLPB",NA,82045000,41906000,113065000,34914000,119407000,144798000,86072000,86566000,42492000,NA,130018000,39303000,128128000,139985000,126298000,123047000,60167000
"Q9H089","LSG1",42225000,67470000,85134000,53576000,44765400,12956000,45890000,59815000,44546000,24044700,47895200,14064000,33944000,12116000,33219000,38021000,20337700,43499000
"Q9H0A0","NAT10",328346000,384310000,354060000,414270000,402990000,428030000,439720000,512120000,420450000,385770000,390999000,330820000,395460000,337860000,356200000,247958000,297164000,292772000
"Q9H0A8","COMMD4",283950000,254976000,310157000,204267000,253057000,295049000,213157000,138706000,215613000,186098000,147202000,332180000,116736000,147145000,154052000,109433000,148085000,117913000
"Q9H0B6","KLC2",584880000,562060000,481250000,361390000,477410000,338180000,381170000,399640000,309876000,553660000,490640000,387600000,628470000,576170000,547990000,585580000,541530000,659280000
"Q9H0C8","ILKAP",415620000,512250000,483680000,447470000,455160000,493150000,561450000,575020000,458900000,495230000,484960000,490800000,439070000,451510000,377220000,331607000,354540000,365720000
"Q9H0D6","XRN2",1437480000,1429650000,1358720000,1338160000,1465630000,1312610000,1388620000,1360310000,1506330000,1305810000,1328160000,1223070000,1110350000,1077300000,1100110000,1041300000,882980000,1038710000
"Q9H0E2","TOLLIP",274740000,208330000,223244000,250186000,209056000,264116000,251893000,268284000,307780000,365130000,322212000,366360000,399520000,473480000,461200000,539500000,598700000,523850000
"Q9H0H0","INTS2",NA,NA,NA,NA,NA,NA,10655000,NA,NA,12639000,NA,35456000,13539000,22951000,NA,NA,14968000,NA
"Q9H0H5","RACGAP1",163759000,176414000,223906000,172613000,161866000,167450000,NA,NA,NA,NA,NA,NA,NA,NA,NA,NA,NA,NA
"Q9H0L4","CSTF2T",580740000,612240000,696280000,629930000,611840000,708720000,734910000,704330000,746740000,628130000,670110000,629430000,516200000,543890000,479180000,452660000,456250000,511180000
"Q9H0R4","HDHD2",163068000,201321000,205960000,210757000,181056000,211184000,262115000,230554000,290100000,244823000,236219000,316292000,228019000,244635000,203258000,232988000,238716000,220973000
"Q9H0S4","DDX47",181809000,204485000,222369000,206916000,171408000,219210000,144856000,156271000,148042000,139125000,102406000,168259000,154833000,150074000,142357000,128558000,139005000,144080000
"Q9H0U3","MAGT1",575350000,669970000,660080000,784350000,693310000,658920000,678970000,667700000,609190000,734110000,640660000,630130000,717460000,723330000,767450000,809220000,834150000,797190000
"Q9H0U4;Q92928","RAB1B",1219400000,1314820000,1362170000,1568730000,1296010000,1439410000,802220000,738150000,968600000,805720000,891620000,1075690000,1239600000,1373800000,1216320000,1139190000,1241690000,1142620000
"Q9H0V9","LMAN2L",127794000,129996000,134170000,132146000,138473000,146271000,160308000,105663000,168056000,174513000,126420000,218582000,175752000,176589000,187286000,153657000,120467000,54024000
"Q9H0W8","SMG9",261913000,237736000,233572000,189055000,257516000,198633000,190902000,150612000,156452000,166585000,124709000,146403000,225814000,204475000,204938000,234173000,235315000,261670000
"Q9H0W9","C11orf54",236740000,214658000,226940000,324704000,351050000,352560000,527710000,479260000,513720000,625110000,558160000,560460000,778350000,720140000,714450000,783290000,750110000,725830000
"Q9H147","DNTTIP1",NA,NA,NA,NA,21849000,NA,41278000,45919000,NA,62932000,38177000,62882000,NA,NA,NA,NA,NA,25041000
"Q9H173","SIL1",91276000,144503000,149761000,126001000,61857000,151455000,105521000,124853000,99690000,94956000,94246000,149352000,92719000,124409000,134324000,113596000,131716000,100550000
"Q9H1A4","ANAPC1",17066000,34365000,NA,NA,34687000,NA,NA,57131000,NA,42692000,NA,NA,17318000,NA,NA,NA,NA,NA
"Q9H1B7","IRF2BPL",229423000,202696000,208583000,253741000,277062000,268240000,600540000,495380000,589380000,542380000,520930000,499240000,426480000,436810000,425590000,314047000,335840000,336600000
"Q9H1E3","NUCKS1",444730000,527770000,500960000,607500000,575140000,458510000,749150000,716770000,568420000,655160000,626750000,465520000,577150000,5.28e+08,395270000,506030000,340020000,460510000
"Q9H1E5","TMX4",81832000,118092000,35528000,129076000,129453000,116521000,188162000,175650000,146480000,164259000,171643000,153229000,151874000,141111000,149699000,160853000,180605000,159679000
"Q9H1H9","KIF13A",74302000,34881000,24606000,90997000,99978000,82879000,130027000,121984000,109758000,160780000,139730000,122441000,145258000,131635000,101033000,105802000,101316000,122206000
"Q9H1I8","ASCC2",123436000,117615000,143619000,149012000,122983000,127734000,109460000,118309000,102249000,114549000,117230000,110906000,82612000,107839000,95199000,83293000,89326000,58434000
"Q9H1K1","ISCU",22476000,NA,36243000,NA,NA,NA,NA,105083000,25486000,40166000,NA,30938000,40103000,80081000,106002000,65898000,48824000,89595000
"Q9H1P3","OSBPL2",90689000,196485000,NA,279062000,228850000,83788000,82726000,93548000,72881000,251952000,120470000,91152000,248410000,97635000,289930000,2.28e+08,273800000,260670000
"Q9H1X3","DNAJC25",NA,NA,NA,NA,NA,NA,NA,22740000,NA,18210000,51570000,NA,27614000,19458000,NA,NA,NA,10949000
"Q9H1Y0","ATG5",155440000,133840000,189634000,177450000,217999000,170316000,210638000,222938000,174553000,247502000,225688000,124935000,219675000,198873000,192953000,202081000,197801000,119830000
"Q9H1Z4","WDR13",101658000,NA,92956000,56934000,122487000,22481000,58163000,81999000,83511000,94387000,57360000,30670000,30526000,114151000,NA,74281000,57539000,61438000
"Q9H223","EHD4",3073360000,3218200000,3078150000,3336900000,3254200000,2946930000,2930070000,2947330000,2940490000,2398590000,2246250000,2082020000,2281770000,1962240000,1894650000,1955450000,1807520000,2013260000
"Q9H269","VPS16",133914000,246737000,172600000,139462000,237897000,70536000,233217000,234324000,271567000,253206000,244588000,90182000,185484000,237826000,203084000,269184000,293613000,242924000
"Q9H299","SH3BGRL3",1387810000,1448980000,1719160000,1599280000,1957250000,1561100000,1697370000,1684050000,1542600000,1151490000,1281700000,1233160000,936600000,923200000,871210000,823420000,969190000,860360000
"Q9H2D6","TRIOBP",1069870000,1038900000,1107840000,1099810000,1184770000,970820000,934970000,8.96e+08,823970000,632530000,642080000,653490000,427730000,458340000,353750000,423860000,390270000,460950000
"Q9H2G2","SLK",1350360000,1329410000,1310250000,1358570000,1492550000,1326970000,1276350000,1273870000,1216130000,1265630000,1297440000,1082190000,1287490000,1228420000,1208230000,1141380000,1116050000,1236960000
"Q9H2H8","PPIL3",671440000,639120000,634100000,592270000,581390000,566770000,637500000,656680000,695820000,528810000,663940000,746320000,560060000,638030000,732240000,649690000,666250000,549600000
"Q9H2J4","PDCL3",1061240000,976690000,1049820000,886470000,1063690000,919120000,626810000,642460000,611930000,831100000,759020000,720540000,988910000,947340000,886760000,918470000,800530000,878310000
"Q9H2K8","TAOK3",43503000,90716000,111216000,60510000,NA,31197000,52525000,19246000,28552000,23278000,NA,22011000,NA,NA,NA,NA,NA,NA
"Q9H2L5;P50749","RASSF4",NA,NA,NA,18633000,NA,NA,37391000,71702000,130900000,200269000,171888000,239747000,300198000,300918000,310590000,219751000,255048000,204517000
"Q9H2M9","RAB3GAP2",751280000,723890000,668650000,643160000,696320000,625250000,482150000,498010000,480450000,522760000,531410000,498640000,529800000,510290000,517400000,563100000,490990000,596540000
"Q9H2P0","ADNP",274384000,267977000,236100000,228786000,254227000,199328000,268287000,209235000,303337000,173582000,212378000,223603000,67531000,156137000,95767000,101917000,46348000,158169000
"Q9H2P9","DPH5",230002000,269227000,198066000,189192000,200879000,216807000,171619000,184539000,196376000,231374000,221698000,184276000,227395000,235269000,262283000,207889000,201792000,215586000
"Q9H2U1","DHX36",378140000,322938000,350190000,401740000,332870000,339690000,321990000,318976000,363500000,348770000,350660000,335119000,342160000,395380000,356096000,312565000,342040000,429760000
"Q9H2U2","PPA2",208610000,253647000,215804000,227047000,161321000,232003000,284558000,270762000,271872000,268465000,315713000,279472000,247790000,272649000,247513000,208708000,210453000,242792000
"Q9H2W6","MRPL46",80525000,125942000,49911000,44427000,82599000,43111000,162082000,168623000,149852000,164427000,175206000,136910000,137763000,158587000,155025000,152585000,163254000,128326000
"Q9H307","PNN",950570000,833380000,842130000,873700000,810140000,760080000,969470000,1094400000,1060230000,994800000,911750000,791580000,983380000,766320000,728840000,727920000,733660000,853640000
"Q9H3F6;Q13829;Q8WZ19","KCTD10",79865000,86419000,79672000,75800000,55024000,70553000,64208000,32425000,19002000,31756000,27237000,50532000,18316000,30714000,10235000,13441000,12262000,38767000
"Q9H3H3","C11orf68",438390000,420080000,439360000,419830000,364150000,386930000,422590000,395540000,423690000,385430000,402380000,414210000,313353000,287924000,329586000,324740000,293144000,333510000
"Q9H3K2","GHITM",NA,NA,NA,NA,NA,NA,149064000,148581000,157178000,166853000,171423000,155516000,212958000,187038000,164538000,197172000,200645000,211419000
"Q9H3K6","BOLA2",1673150000,1807960000,1900660000,1694410000,1832260000,1565460000,1754440000,1710410000,1763800000,1578920000,1568960000,1322090000,1482810000,1281100000,1215220000,1377320000,1406980000,1448140000
"Q9H3M7","TXNIP",9815700,21419500,31661000,83427000,25518000,45744000,277816000,24709000,40026000,35191400,50497000,51104000,24838100,20720000,21792600,26805300,9534100,20440000
"Q9H3N1","TMX1",2065760000,1871570000,1752570000,1899860000,2332530000,1727360000,1978730000,2057980000,1750850000,2007900000,1937950000,1362860000,1845080000,1555260000,1402840000,1644860000,1521760000,1812060000
"Q9H3P2","NELFA",32790000,NA,23550000,33741000,69201000,NA,107591000,109851000,117642000,47114000,78678000,117556000,31444000,38807000,27394000,97260000,NA,28441000
"Q9H3P7","ACBD3",1449350000,1318330000,1446870000,1422110000,1437990000,1354180000,1160060000,1172030000,1171290000,1194570000,1230630000,1086580000,1278890000,1222890000,1157600000,1311230000,1319760000,1358410000
"Q9H3S7","PTPN23",1015620000,965030000,948910000,9.84e+08,980650000,978720000,1043410000,1021180000,955210000,1067760000,1035640000,1008140000,1126710000,1049020000,1093880000,1084440000,1049050000,1109550000
"Q9H3U1","UNC45A",1342180000,1271200000,1323610000,1065240000,1196980000,1019940000,952280000,1092960000,897780000,970810000,932670000,733320000,709530000,546460000,610340000,498160000,515540000,548140000
"Q9H3Z4","DNAJC5",669130000,482810000,508400000,433750000,708510000,411740000,661470000,711460000,496930000,731070000,666150000,435760000,657980000,529090000,432840000,609670000,491320000,607720000
"Q9H425","C1orf198",198209000,263658000,204769000,154703000,178229000,196202000,301940000,250022000,241972000,694450000,691140000,535440000,1482390000,1070730000,1189020000,3106570000,2345220000,2586020000
"Q9H444;P59074","CHMP4B",848240000,736810000,817540000,689470000,961630000,742820000,803140000,844680000,776190000,1123590000,874440000,748940000,1093010000,818780000,851610000,1036020000,891910000,1047580000
"Q9H446","RWDD1",NA,62395000,34769000,32985000,NA,51407000,24220000,21320000,NA,NA,NA,124555000,33114000,46587000,NA,NA,NA,29352000
"Q9H469","FBXL15",NA,NA,2591700,1046000,NA,3109400,1971600,4102800,1837900,722030,3640800,3558000,2828300,1305000,1269800,4492300,4824700,3639370
"Q9H488","POFUT1",849310000,951110000,880690000,988800000,960270000,997250000,878600000,934490000,976780000,909190000,931450000,1044500000,913440000,988170000,994910000,944050000,944260000,987700000
"Q9H4A3;Q96J92","WNK1",523870000,481960000,528490000,588590000,624880000,529440000,748960000,663210000,721640000,594590000,575080000,550470000,574690000,570120000,596410000,703800000,740330000,790310000
"Q9H4A4","RNPEP",2040540000,2107950000,2126290000,2234410000,2107870000,2220720000,2464450000,2245660000,2379220000,2116080000,2150320000,2447980000,1769710000,2092530000,2033470000,1808340000,1755430000,1761790000
"Q9H4A6","GOLPH3",238289000,243511000,250694000,165896000,74974000,207026000,NA,51129000,30423000,NA,46791000,95207000,97212000,132221000,103261000,47163000,94391000,115244000
"Q9H4G4","GLIPR2",749740000,729910000,669610000,814400000,983200000,787370000,1046550000,1135750000,961970000,832510000,797470000,697980000,639280000,520150000,463500000,538030000,467360000,590080000
"Q9H4I9","SMDT1",NA,NA,NA,NA,NA,NA,57872000,NA,37095000,61327000,58291000,41197000,125072000,43576000,NA,177330000,151132000,145034000
"Q9H4L5","OSBPL3",252196000,244745000,244236000,253931000,210122000,200014000,318656000,313785000,262220000,301069000,299248000,290481000,318290000,264900000,264705000,232727000,255599000,327065000
"Q9H4L7","SMARCAD1",119012000,81560000,93489000,NA,69101000,NA,48916000,158642000,NA,108349000,139273000,NA,42175000,NA,NA,40787000,NA,32010000
"Q9H4M9","EHD1",6638300000,6596700000,6.219e+09,5985400000,6264900000,5613800000,5739500000,5947300000,5443600000,6237200000,6150800000,5599900000,5638700000,5014300000,5071400000,4305100000,4250100000,4765600000
"Q9H501","ESF1",37972000,27777000,57363000,29426600,34781000,33344000,29313600,20462000,22632700,28036900,28944300,14869000,15115000,9375800,7172200,8163800,NA,9644500
"Q9H511","KLHL31",NA,NA,NA,NA,NA,NA,NA,NA,NA,28358000,28536000,NA,184609000,239520000,272092000,188390000,179355000,168666000
"Q9H553","ALG2",138532000,141410000,66184000,169535000,197469000,148158000,164609000,156210000,142283000,154235000,164312000,47201000,94391000,151121000,40947000,88746000,NA,150495000
"Q9H583","HEATR1",452580000,412540000,418690000,410890000,342690000,444450000,3.46e+08,368660000,364950000,350180000,355210000,510890000,310138000,363890000,341593000,305425000,279947000,272782000
"Q9H5N1","RABEP2",1021040000,1136320000,1577840000,1191640000,512920000,1332300000,1089770000,1217840000,1217600000,775420000,726800000,1200500000,752280000,1009010000,755720000,1008590000,899510000,1178970000
"Q9H6F5","CCDC86",169887000,85789000,258643000,248577000,140286000,133794000,113070000,39096000,59161000,67934000,180366000,113540000,NA,54534000,152276000,35950000,NA,NA
"Q9H6H4","REEP4",38085000,73555000,66166000,NA,54441000,NA,NA,NA,NA,31326000,NA,NA,30166000,NA,NA,NA,NA,20379000
"Q9H6R3","ACSS3",57108000,112902000,126629000,59574000,189483000,NA,68767000,196797000,NA,198236000,220271000,NA,150176000,69341000,NA,84519000,134112000,182831000
"Q9H6R4","NOL6",241858000,221730000,196968000,204362000,230349000,253905000,193705000,188240000,231478000,187959000,219757000,236802000,157253000,194874000,175922000,174616000,45074000,164731000
"Q9H6T3","RPAP3",259966000,211330000,197437000,217619000,207377000,183982000,164166000,148253000,175871000,129702000,194009000,129382000,187310000,114958000,127858000,200386000,45797000,99175000
"Q9H6U8","ALG9",NA,22477000,28197000,NA,NA,31198000,82897000,30993000,30447000,NA,63315000,NA,NA,63358000,21771000,NA,NA,NA
"Q9H6V9","C2orf43",32618000,35676000,NA,113937000,100218000,82365000,76141000,32013000,NA,102009000,99707000,98052000,23612000,39997000,24632000,23509000,15894000,61374000
"Q9H6X2","ANTXR1",1596330000,1167700000,972090000,1674050000,2153990000,1257250000,713190000,769470000,712420000,783930000,708800000,434374000,543010000,443690000,431730000,682830000,531440000,665380000
"Q9H6Y2","WDR55",83125000,126888000,115503000,42310000,126021000,81942000,71864000,111266000,65851000,107910000,115018000,60436000,97465000,20555000,35840000,45582000,47406000,NA
"Q9H6Z4","RANBP3",460780000,391050000,349110000,388430000,448080000,329570000,412570000,413250000,447200000,375230000,409410000,368930000,338004000,305918000,254644000,200584000,323130000,204577000
"Q9H773","DCTPP1",196264000,270927000,238060000,177256000,174077000,140951000,116019000,119378000,96639000,95268000,99950000,78246000,80978000,93655000,83546000,59396000,NA,NA
"Q9H7B2","RPF2",338079000,306158000,316980000,352290000,350010000,360950000,421970000,358280000,410540000,401490000,434380000,400700000,351040000,426470000,358070000,359790000,385740000,368320000
"Q9H7B4","SMYD3",16034000,NA,NA,NA,21362000,NA,24930000,28860000,NA,NA,44108000,52791000,19924000,NA,40288000,NA,NA,57424000
"Q9H7C4","SYNC",117497000,104401000,110943000,169460000,270792000,168774000,425680000,518300000,214063000,1298630000,1095470000,551732000,2024270000,1695290000,1764280000,3206300000,2378170000,3357800000
"Q9H7C9","AAMDC",365410000,342310000,287210000,251534000,366010000,229918000,199643000,305150000,241682000,239166000,243360000,155204000,206968000,182782000,137503000,166197000,173781000,181112000
"Q9H7D0","DOCK5",NA,20376000,18212000,22980000,NA,55706000,NA,49432000,NA,NA,52201000,21455000,NA,NA,NA,24167000,NA,NA
"Q9H7D7","WDR26",156339000,151803000,156818000,140126000,153700000,181823000,113069000,117859000,94767000,102446000,117574000,158345000,84296000,125754000,117103000,67754000,90239000,59565000
"Q9H7E9","C8orf33",189257000,NA,NA,47987000,107068000,33099000,47900000,NA,NA,109130000,NA,NA,138288000,44776000,NA,NA,35939000,NA
"Q9H7Z7","PTGES2",393130000,494110000,436710000,484690000,401330000,451730000,569310000,548580000,574390000,575730000,592600000,771310000,635860000,607240000,733110000,632680000,623400000,633340000
"Q9H814","PHAX",246829000,211490000,228348000,208224000,216096000,145070000,186090000,148537000,170475000,135377000,140685000,88109000,97665000,128275000,117040000,63818000,112864000,98611000
"Q9H832","UBE2Z",475420000,359320000,399490000,414780000,593260000,389950000,431680000,466240000,397450000,400130000,362594000,387360000,370847000,312888000,286224000,289949000,335980000,349820000
"Q9H840","GEMIN7",30889000,NA,52113000,NA,33751000,NA,25638000,25212000,NA,NA,NA,NA,NA,NA,NA,NA,25624000,NA
"Q9H845","ACAD9",931400000,868110000,832200000,908760000,965090000,901450000,1113940000,1128920000,1131880000,1332930000,1221660000,1232920000,1256070000,1157710000,1172860000,1048300000,1091250000,1177420000
"Q9H8H0","NOL11",NA,NA,NA,27080000,79376000,64916000,NA,NA,54312000,34892000,60898000,25427000,30748000,66856000,22585000,19815000,NA,26760000
"Q9H8H3","METTL7A",NA,NA,NA,NA,24392000,NA,180037000,97686000,183901000,190466000,131339000,51187000,163862000,135227000,115211000,188401000,187271000,185710000
"Q9H8Y8","GORASP2",901310000,864820000,961160000,930890000,815290000,975590000,1009210000,871700000,930990000,894470000,939350000,1101030000,1047380000,1297850000,1250740000,1317430000,1423480000,1245530000
"Q9H910","HN1L",1271850000,1150070000,1235610000,1036650000,1151590000,908810000,887300000,825120000,793360000,707640000,615130000,542250000,580330000,506140000,465600000,429470000,453940000,429880000
"Q9H936","SLC25A22",121917000,125065000,94946000,NA,67481000,68494000,108107000,167721000,122022000,113348000,181249000,120820000,122716000,163953000,110229000,115031000,29747000,34049000
"Q9H939","PSTPIP2",76265000,68924000,71992000,67677000,45771000,53382000,66698000,59770000,47953000,57954000,57442000,18393500,NA,12287000,24248000,20589400,NA,NA
"Q9H987","SYNPO2L",NA,NA,35545000,NA,77696000,24071000,1767840000,2024110000,1997400000,4403600000,4134200000,3584900000,5018500000,5012700000,4911600000,5078800000,4693500000,5297300000
"Q9H993","ARMT1",491550000,553910000,500860000,548470000,492480000,492310000,557540000,537510000,510280000,534130000,489470000,430380000,534460000,530030000,449840000,464720000,505710000,523290000
"Q9H9A5","CNOT10",64717000,38349000,34520000,94563500,74016000,73253000,81625000,32918000,46449000,59453000,37970200,17703000,26327000,69280000,44309000,52339600,34810000,43608000
"Q9H9A6","LRRC40",412910000,414080000,458200000,431600000,370770000,427850000,388460000,405380000,389560000,298666000,337870000,361690000,258256000,318799000,319739000,291801000,238073000,212713000
"Q9H9B4","SFXN1",1331870000,1259570000,1264080000,1188630000,1162630000,1085610000,1500620000,1468530000,1272690000,1355330000,1291400000,1045950000,1022820000,914920000,875980000,812310000,6.61e+08,857470000
"Q9H9E3","COG4",212896000,254997000,247895000,235458000,250763000,180935000,233920000,226055000,167142000,262034000,235073000,137994000,259234000,141072000,227597000,259939000,286125000,272555000
"Q9H9G7","AGO3",7213200,8257600,NA,17401100,22014000,13573000,12665000,32922000,8309900,10976000,10286000,8469000,NA,NA,NA,19107000,7705200,23235000
"Q9H9H4","VPS37B",368400000,3.66e+08,346342000,309435000,286417000,366510000,445470000,460250000,444810000,443060000,451820000,475140000,430560000,399940000,431170000,466390000,452240000,442890000
"Q9H9J2","MRPL44",330270000,340140000,3.57e+08,205775000,253938000,260144000,322084000,272549000,309495000,360770000,310180000,296225000,314250000,306019000,302737000,304443000,322380000,274738000
"Q9H9Q2","COPS7B",174687000,242856000,199965000,121121000,215952000,130955000,213466000,206600000,166640000,222622000,221439000,97171000,209527000,172561000,148776000,178544000,166784000,184368000
"Q9H9T3","ELP3",501780000,418030000,493440000,510010000,467370000,489750000,495890000,481960000,471788000,419660000,419540000,357749000,133100000,352970000,283330000,130310000,261820000,355030000
"Q9H9Y2","RPF1",NA,NA,15890000,18058000,NA,15847000,NA,NA,NA,36035000,NA,8408800,NA,NA,8145900,NA,NA,NA
"Q9H9Y6","POLR1B",NA,NA,41906000,NA,21045000,NA,42787000,NA,23374000,28103000,22694000,37219000,NA,NA,NA,NA,NA,NA
"Q9HA64","FN3KRP",231927000,223840000,196398000,233609000,189942000,214649000,245781000,261502000,276695000,256482000,225672000,153262000,243157000,235840000,131303000,236754000,246188000,225546000
"Q9HA65","TBC1D17",35117000,50790000,61653000,NA,42572000,32468000,110595000,116217000,77001000,92827000,76663000,91612000,177353000,157458000,144878000,161728000,210498000,132736000
"Q9HAN9","NMNAT1",94192000,152204000,110459000,104950000,134675000,72307000,160148000,102110000,175737000,100782000,126757000,181345000,NA,133763000,134757000,99894000,111491000,117287000
"Q9HAU4","SMURF2",106962000,78643000,126921000,59259000,30150000,20018000,NA,NA,NA,NA,NA,NA,NA,NA,NA,NA,NA,NA
"Q9HAU5","UPF2",119379000,104470000,77832000,111919000,91916000,41876000,118020000,109284000,120261000,113814000,107427000,121357000,35364000,100372000,119867000,101883000,96474000,105383000
"Q9HAV0","GNB4",106539000,NA,54450000,119190000,67374000,49438000,53637000,113016000,199930000,125978000,139189000,257571000,56624000,NA,NA,NA,NA,NA
"Q9HAV4","XPO5",589470000,639100000,645770000,548940000,543050000,644220000,451800000,452060000,507850000,420420000,457570000,603820000,424220000,478490000,502040000,520720000,462720000,395680000
"Q9HAV7","GRPEL1",2444400000,2123990000,2184230000,1733880000,2120040000,1751870000,2005440000,2036390000,1744080000,1962200000,1996520000,1730950000,2090500000,1925340000,1722990000,1935580000,1876860000,2166370000
"Q9HB07","C12orf10",1078070000,946640000,993220000,990240000,987040000,1097470000,969730000,997680000,1074040000,1065120000,1057300000,1181970000,895680000,1049070000,1212950000,1040670000,1034540000,919810000
"Q9HB40","SCPEP1",176117000,NA,125865000,58954000,65503000,117982000,256161000,225183000,233696000,151064000,235844000,220722000,135827000,123457000,198351000,68046000,110555000,110310000
"Q9HB71","CACYBP",4.002e+09,3726900000,3602900000,3050400000,3379500000,3038400000,3062900000,3198500000,3135800000,3.239e+09,3229860000,2949220000,3124190000,3093720000,3125700000,2882550000,2871040000,3067060000
"Q9HB90;Q9NQL2","RRAGC",20898000,NA,NA,NA,16170000,17761000,NA,NA,39313000,20087000,24434000,NA,17091000,NA,NA,NA,40815000,18430000
"Q9HBH5","RDH14",209110000,184630000,169838000,223958000,248337000,234536000,230910000,215788000,201137000,238990000,222323000,220322000,239003000,214496000,200762000,208412000,239252000,197443000
"Q9HBL0","TNS1",2382040000,2290850000,2357050000,2861510000,3033180000,2883760000,2403920000,2616450000,2401980000,3557200000,3.333e+09,3113800000,4590100000,4220900000,4196400000,5140500000,4.94e+09,5.338e+09
"Q9HBM1","SPC25",302752000,384500000,346120000,345469000,275653000,306616000,208317000,183288000,211372000,124570000,128964000,NA,NA,NA,NA,NA,NA,NA
"Q9HC07","TMEM165",732980000,613550000,568370000,483730000,534030000,438250000,255638000,387971000,299141000,281123000,266452000,251746000,350656000,238742000,271811000,229972000,265892000,308332000
"Q9HC35","EML4",1193540000,1422160000,1381470000,1298390000,1351500000,1243470000,1554080000,1705320000,1511110000,1381960000,1364100000,1123290000,1128280000,945610000,934990000,969040000,9.71e+08,1116510000
"Q9HC38","GLOD4",1683600000,1557700000,1549490000,1803930000,1677600000,1554990000,2085690000,2009550000,1849880000,1921070000,1940200000,1873770000,1816790000,1930180000,1917080000,1811790000,1704500000,1877860000
"Q9HC62","SENP2",NA,NA,NA,18491000,NA,NA,47776000,32043000,16740000,33145000,53798000,18740000,30227000,NA,14200000,NA,11430000,NA
"Q9HC78","ZBTB20",161418000,40404000,128288000,123259000,174602000,95345000,332292000,313250000,297418000,449720000,396220000,337010000,480600000,409820000,419790000,393850000,374340000,425640000
"Q9HCC0","MCCC2",163714000,201823000,NA,216766000,130620000,186609000,280709000,226499000,274905000,316125000,283390000,337467000,281095000,243564000,277641000,239351000,251050000,163649000
"Q9HCD5","NCOA5",199044000,184192000,211076000,200372000,210282000,123525000,199716000,277694000,209332000,201815000,202572000,315140000,125544000,253063000,261818000,165728000,110368000,110938000
"Q9HCD6","TANC2",64392000,48211000,NA,105176000,155677000,48541000,NA,68558000,171224000,61143000,NA,94163000,53062000,45583000,NA,NA,NA,NA
"Q9HCE0","EPG5",969360000,842750000,815130000,537220000,416710000,581610000,211797000,285934000,279595000,141096000,198529000,226725000,150628000,189175000,151107000,116342000,180198000,152855000
"Q9HCE1","MOV10",187487000,180464000,200768000,178921000,162702000,198735000,92690000,87597000,146621000,37803000,83480000,32855000,63473000,72596000,NA,81672000,NA,NA
"Q9HCG8","CWC22",63191000,62490000,84554000,57481000,47576000,75880000,82735000,62575000,58598000,40494000,15437000,53454000,36675000,34688000,24318000,NA,12797000,12823000
"Q9HCM4","EPB41L5",99360000,NA,NA,99056000,69558000,43016000,72496000,NA,85046000,27447000,NA,36559000,NA,NA,NA,NA,NA,NA
"Q9HCN4","GPN1",25585000,52231000,71162000,48622000,NA,48424000,NA,18675000,22204000,21143000,NA,55198000,40138000,NA,NA,NA,NA,47086000
"Q9HCN8","SDF2L1",383560000,342900000,367060000,467730000,548960000,428380000,363250000,439690000,343750000,428790000,460740000,388748000,736380000,606670000,589550000,632010000,615920000,669370000
"Q9HCS7","XAB2",228497000,285046000,221614000,212426000,201631000,215983000,222828000,197731000,197230000,2.18e+08,202475000,223416000,156409000,135402000,134223000,149621000,136506000,124976000
"Q9HCU5","PREB",138557000,134970000,150790000,153780000,182713000,149151000,164762000,170074000,109252000,192822000,205699000,203514000,210799000,190789000,193450000,184425000,217710000,200431000
"Q9HD15","SRA1",364422000,242699000,268985000,240479000,328389000,219027000,129201000,149592000,143096000,169510000,164687000,88652000,153339000,124668000,97990000,101961000,129201000,142144000
"Q9HD20","ATP13A1",820390000,856390000,774470000,790090000,845570000,827460000,869050000,991060000,881500000,998760000,1037390000,944690000,1046440000,950730000,1015960000,1048970000,894790000,1072470000
"Q9HD26","GOPC",1174020000,1184530000,1191430000,1100910000,1350880000,1147310000,904770000,944700000,920760000,848010000,758840000,780590000,682920000,784840000,804080000,856830000,830320000,849860000
"Q9HD33","MRPL47",112943000,108497000,65257000,68482000,115124000,45483000,86370000,120057000,141110000,146696000,152753000,101132000,132482000,77944000,122549000,83196000,85881000,118957000
"Q9HD42","CHMP1A",714770000,766730000,716780000,666280000,721770000,591920000,599650000,591790000,468900000,543900000,606230000,395550000,574070000,413470000,370580000,499050000,375590000,505970000
"Q9HD45","TM9SF3",1196200000,1138920000,1080730000,1027680000,1297100000,1003220000,840970000,852310000,852460000,972030000,895280000,861160000,1044240000,853280000,972910000,1051570000,1017930000,1052950000
"Q9HD67","MYO10",33949000,18557000,NA,63154000,21656000,36514000,41439000,41257000,58277000,65760000,19966000,36929000,36994000,59625000,55394000,22221000,33082000,37274000
"Q9HDC9","APMAP",1933860000,1805220000,1947620000,1710770000,1884070000,1585140000,1763090000,1778680000,1673600000,1761970000,1737430000,1.422e+09,1407380000,1251040000,1328780000,1282900000,1155150000,1382930000
"Q9NNW5","WDR6",136986000,147162000,128343000,104796000,138626000,106857000,134772000,159104000,112164000,114481000,119868000,102351000,123716000,85212000,100977000,92205000,97670000,131700000
"Q9NNW7","TXNRD2",93670000,38730000,85608000,63128000,81422000,103064000,97155000,164507000,81578000,134444000,168609000,147001000,168050000,118354000,101782000,90037000,104458000,130139000
"Q9NP61","ARFGAP3",937430000,947580000,960140000,1078500000,1057750000,956410000,763930000,694380000,762650000,701550000,674690000,655530000,816290000,717110000,726320000,664570000,684150000,669540000
"Q9NP66","HMG20A",NA,NA,NA,NA,13083000,21036000,NA,NA,47376000,18770000,NA,21712000,NA,20965000,NA,NA,21663000,14889000
"Q9NP72","RAB18",1132760000,1019160000,1043240000,901020000,1107590000,1107330000,428010000,574800000,512480000,863840000,847140000,916910000,1090210000,1048770000,1349560000,1152790000,1215940000,1054980000
"Q9NP73","ALG13",NA,76965000,143757000,67161000,NA,NA,67422000,NA,86758000,54320000,52961000,NA,55708000,53168000,61996000,NA,NA,NA
"Q9NP74","PALMD",328356000,381890000,421600000,643320000,692450000,664310000,1149090000,1269040000,1111630000,1199380000,1169480000,1078180000,1305020000,1126160000,1054530000,1052800000,1028540000,1148060000
"Q9NP79","VTA1",1546310000,1322370000,1251900000,1169800000,1499950000,1243470000,1349400000,1383640000,1253160000,1503250000,1361770000,1287430000,1424760000,1177760000,1284560000,1419600000,1306700000,1392010000
"Q9NP81","SARS2",169824000,142261000,55819000,45252000,111208000,89248000,228639000,213215000,236636000,259457000,261264000,231695000,301011000,255826000,234765000,233169000,252941000,316356000
"Q9NP92","MRPS30",72848000,NA,54284000,NA,111448000,NA,48998000,NA,NA,103650000,123249000,74046000,44875000,50750000,NA,56822000,40844000,NA
"Q9NP97;Q8TF09","DYNLRB1;DYNLRB2",1261900000,1463340000,1522470000,1662230000,1814040000,1745840000,1501050000,1483790000,1402080000,1659990000,1555270000,1705660000,1497100000,1641410000,1673830000,1694910000,1650330000,1582320000
"Q9NPA0","EMC7",308724000,387450000,327722000,395420000,373400000,440400000,319968000,302861000,352770000,322193000,327270000,388500000,268280000,391210000,492360000,356980000,402950000,362890000
"Q9NPA8","ENY2",466480000,543720000,550400000,545580000,449860000,521210000,554520000,528540000,543790000,489560000,485110000,513650000,437520000,431440000,435720000,411190000,396120000,395740000
"Q9NPD3","EXOSC4",403950000,440280000,438570000,351260000,319965000,322345000,454560000,380360000,380170000,290537000,317579000,278722000,263480000,252682000,228092000,262246000,232003000,245805000
"Q9NPE3","NOP10",114156000,56703000,51515000,NA,102416000,139192000,186895000,97937000,122078000,167287000,200756000,104139000,162490000,215932000,NA,117019000,175774000,132354000
"Q9NPF4","OSGEP",265478000,224376000,151896000,182019000,257209000,220782000,280821000,270025000,274885000,307485000,295070000,267561000,272164000,232952000,289769000,256583000,229169000,276636000
"Q9NPH2","ISYNA1",NA,NA,NA,NA,NA,NA,NA,NA,NA,228171000,197034000,276801000,400970000,499900000,542160000,383800000,470810000,321210000
"Q9NPI6","DCP1A",101271000,99779000,104325000,86182000,71440000,68633000,105395000,66996000,96842000,63578000,91199000,98881000,77658000,65407000,NA,54164000,46242000,81331000
"Q9NPL8","TIMMDC1",15088000,NA,59717000,29685000,13753000,13659000,NA,13894000,NA,NA,29888000,NA,NA,12946000,15345000,NA,NA,NA
"Q9NPQ8;Q9NVN3","RIC8A",1613180000,1616720000,1741430000,1503230000,1403230000,1609890000,1342870000,1424840000,1361090000,1215370000,1212750000,1307300000,1083440000,1.225e+09,1253280000,1133730000,1246600000,1176760000
"Q9NQ29","LUC7L",62495000,NA,NA,69073000,29318000,66005000,NA,61235000,NA,29275000,56322000,NA,NA,NA,NA,NA,NA,NA
"Q9NQ48","LZTFL1",296450000,270964000,276855000,291041000,308048000,274863000,387780000,391810000,360440000,401840000,362730000,313918000,339760000,275058000,271656000,293127000,256741000,288778000
"Q9NQ50","MRPL40",NA,94577000,55823000,172056000,NA,190159000,217395000,262160000,231229000,NA,NA,204952000,NA,NA,207143000,111650000,94128000,89266000
"Q9NQ88","TIGAR",627130000,642190000,742400000,543430000,535780000,615920000,679380000,696700000,802090000,536960000,507330000,638670000,518030000,560700000,579130000,491310000,626270000,494470000
"Q9NQC3","RTN4",8868700000,10088200000,10191500000,7296400000,7339800000,5779700000,6511800000,7161100000,6970500000,12355400000,12345400000,13632800000,29303500000,22179600000,21821300000,29817300000,3.5625e+10,3.6291e+10
"Q9NQC7","CYLD",22348000,NA,51445000,NA,NA,48572000,NA,46052000,17834000,32445000,44035000,NA,34738000,21915000,64013000,NA,50446000,NA
"Q9NQG5","RPRD1B",295338000,521770000,520680000,523270000,512660000,549180000,807930000,786770000,768490000,642630000,724670000,694900000,585090000,584910000,554560000,498410000,447400000,438220000
"Q9NQH7","XPNPEP3",46339000,209053000,126564000,118213000,118238000,61296000,213077000,130099000,130168000,53962000,45967000,236671000,64297000,52494000,76124000,104373000,56030000,104111000
"Q9NQP4","PFDN4",276345000,311544000,354010000,342700000,376340000,316810000,378760000,316490000,304151000,353260000,350150000,333894000,338160000,232698000,391880000,414300000,360060000,358810000
"Q9NQR4","NIT2",557440000,606940000,661270000,604630000,511950000,626210000,681830000,638380000,753580000,722200000,733080000,768770000,736650000,742470000,729470000,737630000,761360000,703090000
"Q9NQS1","AVEN",174555000,68324000,185475000,248873000,177995000,282031000,210931000,246460000,256189000,221538000,248519000,267489000,234460000,254005000,296536000,231917000,227148000,254453000
"Q9NQT4","EXOSC5",147935000,154647000,151285000,139241000,116906000,102280000,126989000,152138000,197636000,122857000,131071000,142014000,71616000,69197000,138925000,64389000,71328000,36747000
"Q9NQT5","EXOSC3",278964000,286231000,279742000,188125000,206897000,186577000,196704000,266287000,140277000,117820000,49646000,160140000,137994000,77041000,201494000,32293000,NA,40503000
"Q9NQT8","KIF13B",955690000,905900000,1013920000,1134780000,1233410000,1030530000,1333970000,1348510000,1434610000,1547720000,1551080000,1434910000,1548420000,1398870000,1393860000,1417440000,1352650000,1370130000
"Q9NQW6","ANLN",716710000,759550000,806740000,477770000,698170000,558640000,NA,NA,NA,NA,NA,NA,NA,NA,NA,NA,NA,NA
"Q9NQW7","XPNPEP1",2536480000,2426450000,2445220000,2898910000,2811070000,2788340000,3182800000,3119400000,3241300000,3406100000,3344600000,3731300000,3.422e+09,3463700000,3592600000,3.663e+09,3.835e+09,3739200000
"Q9NQX7","ITM2C",NA,NA,NA,NA,NA,NA,NA,NA,NA,NA,NA,27520000,161195000,35927000,50390000,NA,103399000,98071000
"Q9NQY0","BIN3",48722000,124286000,76030000,76737000,46722000,100946000,94977000,37055000,50120000,141109000,150757000,123132000,165257000,209630000,177207000,191710000,187215000,168800000
"Q9NQZ2","UTP3",133644000,114830000,111618000,125563000,90407000,124827000,134605000,95842000,91050000,92603000,109609000,109990000,118657000,80470000,124564000,90045000,91446000,104045000
"Q9NQZ5","STARD7",NA,NA,NA,19576000,NA,NA,30397000,NA,13375000,NA,13521000,27264000,NA,NA,46629000,8893100,32035000,NA
"Q9NR09","BIRC6",173350000,164359000,169114000,214629000,197067000,381863000,203035000,147121000,227607000,139324000,159371000,309482000,195803000,224601000,326770000,277049000,296990000,187974000
"Q9NR12","PDLIM7",3932700000,3155800000,3344900000,3221300000,3980300000,3026160000,3072910000,3661900000,3117500000,3228880000,3145990000,2527170000,2804570000,2137270000,2113040000,2320540000,2328190000,2610340000
"Q9NR28","DIABLO",317109000,333683000,308537000,380080000,307518000,374852000,453800000,459250000,450260000,539960000,577400000,524160000,466540000,540610000,559760000,519100000,475760000,479170000
"Q9NR30","DDX21",3107740000,3196060000,3087650000,3304300000,3369400000,3.326e+09,1979280000,1848100000,1908940000,2032470000,2074820000,2072240000,2160380000,2198420000,2225070000,1800980000,1740950000,1739540000
"Q9NR31","SAR1A",1084310000,1164700000,1071970000,1139160000,1132340000,549760000,402450000,398466000,380900000,617980000,625330000,323221000,553970000,592400000,497240000,577300000,755260000,741350000
"Q9NR45","NANS",3212070000,2898100000,2905180000,3006680000,3176700000,3.114e+09,3273100000,3272500000,3354100000,3024990000,3054580000,2870190000,2970910000,2529110000,2678230000,2648210000,2467410000,2809280000
"Q9NR46","SH3GLB2",355710000,422110000,380960000,378660000,332670000,363760000,415450000,409040000,437220000,446930000,487870000,488560000,481140000,543560000,518290000,563630000,616540000,522800000
"Q9NR50","EIF2B3",563640000,554970000,498580000,534680000,615050000,536010000,544030000,478770000,538820000,595260000,670400000,554600000,680230000,619150000,569360000,648300000,593340000,622910000
"Q9NR56;Q9NUK0","MBNL1",1048450000,1038310000,1032290000,782090000,1042620000,764280000,960780000,935560000,810560000,717310000,848100000,642580000,799870000,686370000,600790000,657990000,617940000,688140000
"Q9NRG9","AAAS",636950000,1115970000,1031750000,768370000,984020000,884750000,917840000,907460000,825710000,504150000,820900000,715830000,413350000,660650000,708260000,677360000,500740000,705500000
"Q9NRL3","STRN4",670380000,615360000,552900000,621830000,760860000,617200000,606490000,628070000,523500000,727920000,687250000,533440000,798610000,664430000,638800000,588480000,608240000,757590000
"Q9NRN5","OLFML3",157563000,139665000,140961000,142498000,154752000,136970000,16388000,NA,27379000,34944000,NA,NA,25909000,23499000,39903000,NA,NA,NA
"Q9NRN7","AASDHPPT",297922000,399760000,389100000,285380000,326661000,273811000,284269000,383930000,311340000,342640000,392230000,313060000,283523000,284159000,278230000,278026000,244029000,277703000
"Q9NRR5","UBQLN4",203093000,203860000,180817000,242678000,199033000,209146000,258487000,201134000,250211000,189699000,236072000,230014000,215324000,263435000,242231000,225001000,252144000,240547000
"Q9NRV9","HEBP1",1334410000,1335830000,1289600000,1014900000,1113330000,1070520000,955390000,880480000,830790000,847240000,788640000,741580000,777860000,736020000,620500000,803660000,729670000,781820000
"Q9NRW3;Q8IUX4;Q96AK3","APOBEC3C",71966000,43364000,28826000,82582000,158909000,137139000,104573000,106217000,111499000,99451000,59976000,NA,21285000,55913000,NA,30942000,25267000,NA
"Q9NRW7","VPS45",500890000,519240000,507330000,472930000,505870000,485540000,457360000,437960000,430770000,458280000,478820000,540320000,527230000,557330000,531070000,510970000,511370000,519150000
"Q9NRX1","PNO1",117936000,158257000,140684000,168829000,157055000,165299000,126605000,108707000,129582000,118939000,125485000,151104000,117876000,158012000,83635000,131781000,75812000,125746000
"Q9NRX2","MRPL17",139354000,131604000,199951000,126777000,110191000,141627000,170014000,164980000,174614000,146720000,162222000,167918000,134606000,145149000,153577000,138718000,162793000,95923000
"Q9NRX4","PHPT1",2282340000,2295530000,2324260000,3217700000,3146140000,3126960000,3552300000,3241760000,3331200000,3484900000,3555910000,3244200000,3.787e+09,4092700000,3767200000,4537400000,4.435e+09,4404300000
"Q9NRX5","SERINC1",43300000,46493000,52544000,NA,NA,42666000,NA,42619000,NA,NA,33163000,39924000,43732000,NA,NA,50527000,36243000,32009000
"Q9NRY4","ARHGAP35",177380000,152153000,147350000,181223000,168718000,186777000,174002000,229779000,212370000,226555000,215644000,62866000,213021000,107065000,116668000,128362000,NA,169650000
"Q9NRY5","FAM114A2",885880000,826760000,875330000,1013770000,937110000,960700000,677670000,681930000,687010000,767300000,769650000,776830000,852550000,913230000,968880000,944470000,872630000,816170000
"Q9NS00","C1GALT1",287588000,323142000,270700000,287243000,329399000,143295000,125219000,84517000,70993000,134950000,95560000,50669000,122482000,89912000,NA,91099000,72062000,86560000
"Q9NS69","TOMM22",1554910000,1412300000,1637860000,1306980000,1363390000,1446300000,1587680000,1559730000,1593210000,1822600000,1732920000,1773150000,1656840000,1610780000,1522180000,1464940000,1452420000,1451100000
"Q9NS86","LANCL2",396730000,396350000,337396000,400850000,366470000,358300000,434160000,458740000,462890000,427910000,498110000,413530000,450660000,408260000,426750000,545450000,552530000,626580000
"Q9NSC5","HOMER3",492210000,474870000,505490000,507780000,508580000,500430000,730760000,637940000,677940000,739230000,698180000,637230000,716660000,722490000,617360000,721240000,681240000,699590000
"Q9NSD9","FARSB",3675600000,3958700000,3746700000,3444100000,3628900000,3442500000,3333300000,3410600000,3091400000,3325900000,3333800000,3302600000,3370500000,3152400000,3390400000,3181700000,3028760000,3287100000
"Q9NSE4","IARS2",1064200000,925680000,879380000,961550000,1144090000,985010000,1352570000,1364370000,1202250000,1539330000,1304590000,1417920000,1292460000,1152460000,1326710000,1110630000,1095130000,1249800000
"Q9NSI2","FAM207A",29612000,60311000,47977000,19033000,NA,NA,NA,NA,NA,NA,18518000,NA,NA,NA,21937000,NA,NA,NA
"Q9NSK0;Q6P597","KLC4",109350000,NA,43637000,56728000,129680000,130791000,145478000,150386000,138759000,134218000,153104000,147248000,135985000,152703000,155344000,168645000,176319000,156707000
"Q9NSV4","DIAPH3",245529000,222038000,251313000,191548000,224030000,231319000,NA,44787000,NA,NA,NA,NA,NA,NA,NA,NA,NA,NA
"Q9NSY1","BMP2K",32110000,17266000,NA,45016000,42980000,36117000,44739000,14869000,16144000,13946000,15753000,12505000,17527000,14349000,NA,NA,NA,NA
"Q9NT62","ATG3",242890000,330954000,343422000,272905000,373451000,301167000,163173000,292895000,166737000,270758000,143006000,86205000,193845000,174003000,143158000,257919000,276558000,153584000
"Q9NTI5","PDS5B",348350000,369800000,394620000,428960000,404730000,399910000,484090000,493190000,511690000,433790000,466280000,371300000,337846000,323036000,367500000,286519000,260347000,306316000
"Q9NTJ3","SMC4",2349870000,2255460000,2186410000,1639340000,1776150000,1476530000,1009080000,998480000,917190000,495250000,647510000,516940000,300116000,308844000,264513000,145132000,174738000,123527000
"Q9NTJ4","MAN2C1",NA,NA,NA,NA,NA,NA,28651000,NA,NA,24755000,NA,35754000,NA,59656000,35493000,26125000,20038000,NA
"Q9NTJ5","SACM1L",1004860000,1006350000,1081960000,940500000,1081700000,1020310000,776790000,798720000,798740000,786350000,712550000,593720000,595700000,555010000,488920000,519590000,541450000,583720000
"Q9NTK5","OLA1",3435300000,3506700000,3374500000,3525900000,3999400000,3450100000,3641900000,3781800000,3.5e+09,3976100000,4004400000,3715400000,4600900000,3963600000,4249200000,4280400000,4118400000,4739500000
"Q9NTX5","ECHDC1",553440000,511910000,546070000,489770000,5.48e+08,496470000,525080000,521510000,502050000,519290000,567390000,558680000,491690000,500440000,562570000,495430000,459980000,453390000
"Q9NTZ6","RBM12",1060620000,898140000,1014420000,903460000,920810000,905870000,880570000,912770000,978160000,881190000,858030000,974150000,785440000,702920000,727400000,632580000,744160000,648510000
"Q9NU22","MDN1",29454000,50640000,59664000,41588000,25541000,65806000,20226000,86677000,53612000,71893000,98055000,88296000,44194000,81792000,73840000,85303000,54949000,116194000
"Q9NUG6","PDRG1",12239000,79135000,89199000,85079000,47378000,78004000,22235000,NA,47228000,NA,66530000,92946000,68089000,75362000,91360000,72236000,60837000,52434000
"Q9NUI1","DECR2",172628000,171806000,196269000,207402000,72117000,177073000,193804000,228546000,217948000,281976000,275653000,165270000,121323000,243085000,70085000,230215000,223176000,226382000
"Q9NUJ1","ABHD10",184905000,196692000,236742000,216330000,186906000,218641000,233616000,241007000,262250000,251933000,251170000,304638000,255447000,275674000,288712000,264105000,253640000,245560000
"Q9NUJ3","TCP11L1",110239000,96935000,105682000,98182000,97719000,106998000,100788000,105170000,86408000,84760000,85941000,62427000,86953000,78625000,72485000,69043000,78433000,79999000
"Q9NUL3","STAU2",32076000,31912000,NA,NA,104235000,NA,25157000,NA,NA,31674000,29460000,NA,66983000,NA,NA,45195000,NA,NA
"Q9NUL5","C19orf66",70094000,76234000,31498000,54406000,81960000,61591000,84635000,74039000,35301000,92539000,91664000,77380000,71984000,37755000,66992000,64641000,37925000,71785000
"Q9NUM4","TMEM106B",NA,NA,NA,NA,NA,NA,NA,NA,26010000,35914000,NA,NA,34212000,28393000,75769000,30939000,28217000,28666000
"Q9NUP1","BLOC1S4",85356000,54984000,58860000,75200000,NA,87087000,44416000,50443000,96401000,25651000,64668000,89006000,NA,48776000,33253000,43214000,22651000,NA
"Q9NUP9;O14910;Q9HAP6","LIN7C",664380000,614670000,667260000,587050000,742050000,638540000,627510000,750620000,664740000,744320000,764240000,663770000,726800000,738460000,683650000,619040000,560270000,472430000
"Q9NUQ2","AGPAT5",59071000,68591000,NA,NA,50706000,153052000,239877000,283039000,251387000,511400000,387230000,341763000,389580000,357330000,4.06e+08,283212000,271447000,296637000
"Q9NUQ6","SPATS2L",2237470000,2245670000,2112410000,2508040000,2741310000,2320310000,2854800000,2995220000,2900050000,4086900000,4041400000,3.791e+09,3785100000,3725900000,3736100000,3228700000,3254400000,3426900000
"Q9NUQ7","UFSP2",185831000,171274000,166987000,206209000,217168000,202527000,188267000,108481000,169723000,170078000,199942000,204861000,109742000,166070000,196217000,150884000,201616000,196795000
"Q9NUQ8","ABCF3",416600000,369190000,394760000,400060000,391990000,367760000,387090000,387230000,336320000,369790000,420020000,364860000,372880000,394050000,358470000,366480000,401650000,369450000
"Q9NUQ9;Q9H0Q0","FAM49B",1159040000,1193580000,1260520000,1485360000,1540790000,1381770000,1859510000,1987840000,1926770000,3024910000,2948750000,2946490000,3219100000,3120100000,3056960000,2776870000,2673170000,2890690000
"Q9NUU7","DDX19A",1041320000,1133180000,1131710000,1221770000,994500000,1195390000,1042510000,1002830000,1093240000,1109540000,1102820000,1377020000,875270000,1027340000,1118340000,1002420000,1028720000,861910000
"Q9NUY8","TBC1D23",123255000,138467000,158125000,172374000,97106000,107690000,107601000,108197000,155994000,175158000,156674000,150012000,109284000,184533000,192502000,171897000,160619000,182752000
"Q9NV06","DCAF13",56458000,70898000,18235000,53346000,15287000,40699000,NA,NA,32540000,17255000,17748000,14617000,NA,NA,36551000,15318000,NA,20429000
"Q9NV31","IMP3",15204000,NA,19395000,19810000,15324000,NA,60856000,15335000,32402000,15117000,20110000,NA,17064000,33410000,19580000,NA,NA,17951000
"Q9NV35","NUDT15",173713000,206767000,188312000,189137000,192750000,195321000,178479000,193754000,174684000,165102000,163072000,99083000,93442000,NA,49089000,51018000,NA,48739000
"Q9NV70","EXOC1",405310000,446630000,433800000,454870000,561420000,454320000,398200000,416660000,405120000,406600000,382970000,456160000,386160000,421610000,421370000,440360000,425940000,434250000
"Q9NV96;Q3MIR4","TMEM30A",147496000,181377000,161835000,164403000,174340000,141204000,154866000,132490000,128822000,135931000,125480000,117148000,163781000,113380000,111722000,NA,NA,85582000
"Q9NVA1","UQCC1",NA,NA,NA,26892000,26536000,24649000,NA,NA,50903000,21865000,23589000,101493000,NA,NA,100245000,NA,55589000,21296000
"Q9NVA2","SEPT11",7753800000,7922500000,7490500000,7527800000,8287700000,7340600000,9511900000,9742300000,9067500000,9786100000,9672900000,9024200000,8417600000,8105700000,7896400000,8537700000,8403800000,9012200000
"Q9NVD7","PARVA",3747200000,3815700000,3894400000,3676400000,3637500000,3.801e+09,3720700000,3.75e+09,3733800000,3328500000,3365500000,3337500000,3288700000,3262500000,3569200000,3470500000,3561200000,3484300000
"Q9NVE7","PANK4",226179000,177407000,204585000,198324000,240214000,197636000,195698000,159940000,216536000,221585000,172969000,190012000,207089000,181055000,195442000,208973000,206825000,212403000
"Q9NVG8","TBC1D13",218297000,202131000,202828000,198574000,169838000,201565000,244654000,249563000,211253000,282819000,271467000,261324000,279609000,261483000,306658000,344500000,348140000,343510000
"Q9NVH1","DNAJC11",124561000,209006000,140896000,194961000,187992000,206090000,231959000,212936000,259493000,240459000,252121000,246868000,184292000,218448000,194367000,214140000,227577000,190101000
"Q9NVH2","INTS7",113400000,431640000,334960000,NA,68981000,261070000,NA,237210000,332400000,390500000,521990000,168430000,1.56e+08,NA,NA,NA,NA,NA
"Q9NVI1","FANCI",611320000,423540000,1337800000,263046000,240730000,193530000,66895000,NA,NA,NA,NA,NA,NA,NA,NA,NA,NA,NA
"Q9NVI7","ATAD3A",2207810000,2085840000,2014680000,1789720000,1898170000,1628230000,2147720000,2137520000,2021190000,2305610000,2270570000,1834770000,1873430000,1620690000,1703990000,1767840000,1645010000,1910980000
"Q9NVJ2","ARL8B",351968000,435630000,362434000,399330000,379600000,5.37e+08,295170000,279625000,439950000,306743000,377990000,577210000,380910000,585220000,723300000,676840000,768400000,519600000
"Q9NVM6","DNAJC17",30924000,62504000,66806000,8903100,NA,98649000,40415000,35027000,42939000,17187000,21066000,35461000,19405000,30672000,34198000,35894000,29715000,NA
"Q9NVN8","GNL3L",84989000,25803000,29354000,52408000,31697000,24408000,NA,57300000,NA,57209000,68532000,36698000,90411000,26218000,50981000,84101000,23507000,49469000
"Q9NVP1","DDX18",727880000,747950000,781890000,838370000,836420000,893700000,708390000,753040000,772160000,744020000,733800000,779720000,649860000,656820000,675870000,542590000,592250000,468050000
"Q9NVS2","MRPS18A",271236000,235791000,260979000,281227000,321200000,287257000,382260000,352160000,383850000,366330000,365790000,300529000,390440000,319727000,307715000,370660000,324940000,369790000
"Q9NVS9","PNPO",437650000,412990000,397830000,370760000,444430000,333840000,440930000,463830000,417970000,500020000,510250000,399260000,522790000,436080000,404250000,432810000,393650000,452190000
"Q9NVZ3","NECAP2",543310000,558990000,596510000,429680000,472730000,382487000,462530000,402390000,447140000,352250000,229140000,359157000,103130000,176258000,179192000,NA,NA,80129000
"Q9NW13","RBM28",280723000,285945000,225151000,317604000,369320000,247263000,318173000,352180000,309369000,316373000,292208000,250988000,326805000,222594000,235078000,220012000,167719000,250412000
"Q9NW15","ANO10",138311000,203082000,179456000,150534000,104259000,160957000,176034000,148499000,145299000,68942000,135724000,114710000,46628000,136372000,115378000,143096000,115251000,154434000
"Q9NW64","RBM22",30977000,125832000,40948000,123588000,NA,97619000,93302000,146973000,125991000,130192000,104875000,NA,84638000,102493000,171714000,131024000,79081000,35049000
"Q9NW82","WDR70",100651000,91419000,101712000,84843000,104741000,61307000,127172000,122881000,114097000,111313000,112096000,82051000,88755000,75215000,47687000,47148000,22825000,68519000
"Q9NWB6","ARGLU1",130069000,157817000,187896000,50924000,64766000,183278000,117386000,199927000,172882000,130310000,107812000,30968000,98376000,54612000,132076000,63873000,47576000,NA
"Q9NWH9","SLTM",436600000,377170000,450730000,388070000,509570000,415790000,543740000,531800000,457230000,482950000,461680000,469290000,402470000,325784000,318926000,379260000,344930000,376940000
"Q9NWM8","FKBP14",NA,28414000,NA,13697000,4746000,27229000,10153000,21002000,NA,NA,NA,17986100,NA,19933900,NA,NA,NA,NA
"Q9NWR8","CCDC109B",NA,NA,NA,7096500,6977800,7591700,8587000,NA,NA,23494000,9602100,NA,11650000,NA,9752300,11816000,11048000,31862000
"Q9NWS0","PIH1D1",180922000,54641000,100834000,178488000,160627000,130184000,57098000,50322000,95138000,94777000,39194000,NA,NA,NA,48810000,NA,49578000,104953000
"Q9NWT6","HIF1AN",61938000,57987000,45325000,NA,NA,75057000,NA,NA,NA,NA,NA,121256000,NA,81256000,33025000,NA,40953000,NA
"Q9NWU2","GID8",257775000,268733000,192336000,276450000,244775000,343360000,189109000,160356000,190995000,155084000,152577000,223664000,167869000,225238000,256371000,213542000,236087000,172322000
"Q9NWU5","MRPL22",NA,22951000,27250000,19774000,14607000,52109000,NA,26315000,50889000,NA,28834000,39524000,NA,60762000,52471000,40531000,46111000,48817000
"Q9NWV4","C1orf123",746410000,760900000,775400000,757890000,808180000,811430000,905180000,865280000,788460000,890910000,915560000,838240000,894530000,809960000,822520000,857170000,787230000,892110000
"Q9NWV8","BABAM1",185632000,109012000,151751000,164419000,225543000,184817000,203914000,187390000,179427000,211907000,175473000,204865000,201274000,227020000,192820000,191001000,188526000,172840000
"Q9NX08","COMMD8",105991000,215792000,220707000,215614000,188615000,71620000,173797000,173214000,176923000,158810000,142979000,NA,126214000,78485000,46032000,111510000,149310000,131380000
"Q9NX14","NDUFB11",97143000,242620000,359950000,310530000,137814000,238100000,255110000,143530000,395650000,425800000,296370000,354250000,188210000,376660000,327790000,293439000,357370000,129840000
"Q9NX20","MRPL16",53654000,59986000,146309000,158043000,169909000,198655000,179705000,114131000,192109000,225112000,193355000,239006000,209228000,207755000,261629000,96587000,205599000,56410000
"Q9NX24","NHP2",328607000,290067000,307420000,256535000,351840000,291977000,371130000,360630000,330840000,400040000,364510000,342060000,332049000,363850000,334380000,277502000,351700000,323646000
"Q9NX40","OCIAD1",990020000,1001240000,1001360000,925520000,1106790000,936730000,1132710000,1280200000,1168160000,1445250000,1388950000,1339510000,1426320000,1311820000,1208180000,1256790000,1148610000,1273840000
"Q9NX46","ADPRHL2",559350000,605860000,529410000,538910000,621760000,535270000,632310000,661750000,585240000,631080000,659310000,698980000,697280000,580520000,625800000,729020000,540500000,711530000
"Q9NX47","MARCH5",126911000,148990000,132178000,141666000,147477000,157293000,174866000,167293000,208609000,204958000,206486000,210151000,143807000,151336000,192915000,157315000,157133000,140269000
"Q9NX55","HYPK",403400000,362812000,384490000,403020000,386180000,447150000,303374000,302156000,301319000,322510000,323753000,372750000,310654000,346247000,377060000,288566000,404990000,264447000
"Q9NX58","LYAR",330915000,362729000,403742000,247647000,344666000,233310000,158380000,285952000,247995000,253638000,168671000,118725000,203049000,225665000,129103000,152107000,111911000,212944000
"Q9NX61","TMEM161A",NA,NA,8288800,NA,NA,9997900,17780400,8322300,NA,8794200,9812000,NA,NA,9334600,NA,18489900,NA,10762000
"Q9NX62","IMPAD1",410370000,408950000,406200000,444260000,411220000,399020000,284821000,321331000,312101000,384740000,328790000,396020000,492640000,504800000,540440000,564470000,545760000,574180000
"Q9NX63","CHCHD3",866680000,800030000,777410000,631530000,814390000,593870000,895450000,949730000,772600000,1017150000,945220000,859780000,966730000,814410000,837540000,864110000,840720000,927460000
"Q9NX70","MED29",16494000,39033000,33181000,17082000,11071000,NA,NA,47022000,13469000,26253000,17092000,NA,NA,NA,NA,NA,NA,12784000
"Q9NXA8","SIRT5",37086000,69259000,34085000,NA,102712000,NA,99131000,107883000,NA,114729000,119714000,45375000,27187000,106117000,47923000,187724000,109820000,144581000
"Q9NXC5","MIOS",70181000,21827000,17235000,103319000,95767000,99694000,49159000,69739000,NA,44425000,61104000,76463000,68946000,NA,38733000,37079000,NA,48670000
"Q9NXE4","SMPD4",161005000,178902000,174341000,171137000,171290000,199675000,219894000,200336000,203769000,206992000,209116000,185608000,175537000,158793000,149579000,137238000,151182000,148464000
"Q9NXF1","TEX10",168642000,173765000,152214000,176188000,161289000,169147000,178994000,204824000,219534000,208728000,192004000,208878000,167862000,191906000,190974000,165525000,162494000,149109000
"Q9NXG2","THUMPD1",90188000,29585000,33624000,65615000,90890000,NA,99373000,96969000,72166000,93890000,100720000,NA,93277000,29140000,NA,NA,NA,79934000
"Q9NXH9","TRMT1",NA,110751000,30616000,25721000,NA,29847000,NA,NA,NA,NA,NA,70139000,NA,NA,70187000,33100000,NA,NA
"Q9NXR1;Q9GZM8","NDE1",NA,116232000,145143000,63024000,99889000,109464000,21235500,NA,49779000,NA,NA,26494000,10828000,NA,23941000,NA,17453000,NA
"Q9NXR7","BRE",148511000,118737000,153550000,170602000,158654000,183268000,185980000,174940000,158375000,187642000,194305000,188173000,196671000,188135000,203524000,208786000,202907000,180943000
"Q9NXV2","KCTD5",35095000,86415000,38763000,88245000,37476000,88202000,28218000,27754000,20739000,25753000,NA,NA,23514000,20112000,NA,NA,NA,NA
"Q9NXV6","CDKN2AIP",148898000,128724000,133235000,138993000,129173000,123941000,187210000,182255000,175698000,139679000,159622000,128520000,126959000,134828000,124870000,117396000,86163000,134286000
"Q9NY12","GAR1",129766000,78559000,249287000,173849000,73129000,169728000,293383000,271755000,303385000,288766000,296897000,277619000,257176000,249013000,270297000,262448000,250224000,175062000
"Q9NY27","PPP4R2",267340000,229253000,254345000,282166000,313040000,191976000,290502000,283222000,235319000,286707000,286897000,210977000,273814000,237915000,212363000,266819000,191579000,244153000
"Q9NY33","DPP3",3037210000,3073630000,2913200000,3091590000,3275200000,2982650000,3.361e+09,3339500000,3422400000,3598900000,3470200000,3580400000,3561500000,3596100000,3769900000,3891900000,3727900000,3788500000
"Q9NY61","AATF",NA,125391000,120825000,106607000,57196000,140926000,143792000,52362000,50779000,NA,NA,128396000,NA,114311000,48150000,44336000,99961000,53530000
"Q9NY93","DDX56",104158000,25798000,72132000,124303000,110370000,148786000,117377000,121079000,117738000,114763000,117570000,141530000,77257000,121045000,115588000,34711000,28822000,28733000
"Q9NYB0","TERF2IP",141157000,47616000,125179000,123760000,120636000,77913000,182119000,149930000,101336000,180059000,170982000,143995000,NA,89154000,96251000,NA,NA,37137000
"Q9NYB9","ABI2",245262000,243747000,285455000,238198000,301991000,279920000,255209000,266953000,203281000,244320000,273854000,265661000,247620000,161267000,214037000,218795000,195204000,138537000
"Q9NYF8","BCLAF1",2461280000,2026760000,2014900000,2337290000,2857830000,1917950000,2941670000,3000780000,2772140000,3069200000,2683850000,2068020000,2756310000,2235860000,2245030000,2183690000,1930770000,2320700000
"Q9NYH9","UTP6",43735000,59489000,66926000,58450000,44977000,27303000,17220000,44335000,41048000,20242000,44312000,12355000,37327000,17552000,31909000,16301000,18429000,39581000
"Q9NYI0","PSD3",409710000,326966000,333864000,347130000,392330000,393397000,217015000,312317000,269317000,168472000,108018000,133631000,178706000,125323000,189122000,209653000,182102000,203339000
"Q9NYJ1","COA4",129705000,59761000,130697000,196059000,132780000,217791000,149963000,222544000,134474000,334820000,338225000,290784000,388120000,331976000,294695000,338720000,331335000,313421000
"Q9NYK5","MRPL39",216635000,266987000,225813000,161301000,287356000,230938000,265775000,225929000,275957000,270089000,284536000,238359000,283328000,236239000,216836000,158232000,244994000,247150000
"Q9NYL9","TMOD3",3338600000,3091190000,3250570000,2749510000,2906690000,2886990000,2220320000,2254280000,2110820000,1784600000,1815730000,1746050000,1233750000,1230160000,1226950000,1045160000,1108910000,1001180000
"Q9NYM9","BET1L",49962000,49568000,75517000,129284000,59663000,136028000,44055000,NA,102891000,NA,NA,108717000,116986000,132032000,153220000,137992000,128520000,87509000
"Q9NYU2","UGGT1",4775500000,4942300000,4821200000,5324100000,5453200000,5228200000,4.888e+09,4755600000,4945100000,4914300000,4809700000,4520100000,5309500000,5495800000,5.53e+09,5521300000,5.602e+09,5540500000
"Q9NYY8","FASTKD2",156701000,81805000,127981000,84181000,31891000,119803000,26020000,46927000,62106000,26643000,52035000,51344000,86361000,86536000,29344000,22939000,28950000,68708000
"Q9NZ01","TECR",1214610000,1138370000,1211040000,1331540000,1132970000,1207900000,1253880000,1173060000,1321030000,1206800000,1246790000,1188560000,1113520000,1188460000,1177940000,1139530000,1127240000,1054940000
"Q9NZ08","ERAP1",309578000,292698000,264882000,384820000,369860000,398460000,309230000,332880000,386760000,381180000,370600000,371570000,355060000,421590000,431280000,400600000,411990000,423160000
"Q9NZ32","ACTR10",5.99e+08,524540000,631660000,544990000,606280000,596980000,516400000,513010000,559980000,523540000,520680000,652760000,580710000,602300000,663420000,561440000,617890000,513210000
"Q9NZB2;Q5T035","FAM120A",2048970000,2165200000,2113300000,2033330000,2098380000,1916530000,2054220000,2124990000,1876780000,2183330000,2117020000,1805180000,2067580000,1883580000,1739910000,1775680000,1717110000,1926810000
"Q9NZC3","GDE1",48912000,23850000,NA,46441000,45326000,NA,72878000,70042000,52331000,77066000,46612000,21144000,49510000,NA,NA,23305000,21789000,45751000
"Q9NZD2","GLTP",583830000,514690000,515140000,447430000,507330000,492970000,351500000,304949000,323350000,283206000,268189000,244622000,215377000,186012000,201407000,203865000,106149000,168480000
"Q9NZI8","IGF2BP1",1451890000,1325420000,1517400000,1340350000,1269140000,1308850000,1058440000,972080000,1056530000,908020000,872660000,901220000,880110000,868440000,948040000,794870000,878320000,807960000
"Q9NZJ4","SACS",958470000,916720000,1023420000,1359580000,1212550000,1259560000,2092260000,2086680000,2094210000,2030920000,2156100000,2224920000,1771340000,1842940000,1882910000,1776450000,1601810000,1683280000
"Q9NZJ9","NUDT4",321496000,323360000,292264000,220313000,421850000,255346000,332301000,380340000,247098000,410120000,415280000,272417000,449720000,286150000,231580000,487370000,371506000,444710000
"Q9NZL4","HSPBP1",406180000,435490000,432620000,415440000,335146000,403270000,209990000,214294000,247857000,194005000,226284000,320257000,155221000,198146000,292028000,207744000,249986000,135164000
"Q9NZL9","MAT2B",1273130000,1254750000,1269910000,1361790000,1298590000,1421450000,1341800000,1325640000,1367630000,1154670000,1215830000,1276580000,1014220000,1146070000,1090980000,1016880000,1015710000,935460000
"Q9NZM1","MYOF",19274400000,18864600000,1.9033e+10,18157500000,18696900000,1.7487e+10,17739500000,17592500000,17223500000,17908700000,17627300000,16344100000,14788900000,1.4553e+10,14641200000,12577800000,12402400000,13092800000
"Q9NZN4","EHD2",6216300000,6245500000,5970100000,8143800000,8614800000,8057400000,6745500000,6905700000,7115100000,7445700000,7099700000,7355200000,6359700000,6252500000,6990300000,5750900000,5641800000,5612800000
"Q9NZN5","ARHGEF12",55911000,108397000,72074000,71317000,76490000,70904000,84168000,115714000,119106000,114729000,73226000,70310000,32909000,NA,NA,46525000,NA,32259000
"Q9NZN8","CNOT2",46709000,107758000,69213000,79184000,44207000,129063000,33615000,NA,NA,34224000,33174000,87181000,31526000,68204000,67711000,38006000,75074000,29164000
"Q9NZQ3","NCKIPSD",91349000,102523000,87096000,82071000,115386000,107767000,85818000,85873000,46704000,73805000,61596000,22289000,94013000,88754000,89507000,90585000,85296000,69255000
"Q9NZQ7","CD274",211121000,189069000,192423000,37677000,43574000,40232000,34649000,40984000,29368000,NA,NA,NA,NA,NA,NA,NA,NA,NA
"Q9NZT2","OGFR",294966000,351032000,341740000,194734000,275743000,260845000,318577000,304588000,251922000,278932000,255040000,242953000,308580000,173508000,136003000,183896000,185997000,209667000
"Q9NZU5","LMCD1",710840000,590840000,665820000,751730000,979010000,845510000,1058040000,1090370000,852200000,931380000,1008780000,705600000,1162180000,1041630000,986050000,1380150000,1365290000,1609290000
"Q9NZW5","MPP6",57566000,67935000,40852000,29280000,82304000,64443000,125463000,112900000,114167000,149651000,167171000,136328000,153503000,169232000,135352000,46808000,96315000,91223000
"Q9NZZ3","CHMP5",575680000,701230000,679100000,655240000,649300000,642240000,704080000,581630000,623990000,631360000,642480000,585040000,597090000,582470000,604520000,654310000,635080000,609330000
"Q9P000","COMMD9",520740000,584190000,536260000,544200000,509620000,609810000,521460000,540490000,5.72e+08,580430000,485970000,579970000,450350000,524180000,512040000,504390000,549090000,507950000
"Q9P013","CWC15",306261000,281765000,284439000,304321000,270590000,333631000,320550000,322650000,334200000,271319000,256477000,309783000,136444000,247687000,235144000,204517000,242465000,184510000
"Q9P015","MRPL15",239020000,146846000,223267000,195626000,231384000,205408000,247443000,177411000,261649000,294618000,213833000,276140000,221845000,257521000,247098000,228755000,226129000,255605000
"Q9P016","THYN1",220166000,197153000,227555000,244732000,256907000,206985000,389360000,352030000,380320000,323280000,336027000,319041000,277507000,307072000,287236000,311671000,276478000,278186000
"Q9P032","NDUFAF4",12197000,17612000,NA,29196000,27150000,17468000,39052000,13607000,47156000,30068000,24165000,20521000,26432000,13409000,45249000,15344000,NA,48224000
"Q9P035","HACD3",1120100000,1135490000,1126390000,1169650000,948960000,1082100000,932460000,948370000,970350000,818780000,953720000,866860000,652540000,689570000,683980000,658370000,632420000,616810000
"Q9P0I2","EMC3",182361000,169603000,163866000,199214000,193843000,164246000,146167000,156189000,172887000,171569000,156449000,186640000,173145000,189764000,210887000,172974000,192390000,198498000
"Q9P0J0","NDUFA13",511640000,401940000,418650000,406740000,526950000,341750000,540650000,523860000,535350000,571350000,654030000,511150000,622730000,557540000,518110000,581750000,534600000,537670000
"Q9P0J1","PDP1",46189000,18390000,NA,17947000,20008000,35622000,31271000,87863000,22320000,86012000,89109000,45671000,91586000,77366000,70675000,97120000,78199000,56418000
"Q9P0J7","KCMF1",24480000,NA,27979000,56019000,92309000,50835000,NA,NA,69342000,28269000,11103000,47939000,NA,125301000,116886000,37157000,85578000,30455000
"Q9P0K7;Q9C0D0","RAI14",4210500000,3868900000,3976700000,4154300000,4406100000,4084200000,4071900000,4024200000,3894200000,3143300000,3102400000,3.016e+09,2486360000,2372430000,2371430000,2163800000,2115990000,2285340000
"Q9P0L0","VAPA",4103400000,4035200000,4191800000,4002700000,4319600000,3715400000,3942400000,4143500000,3676800000,4325900000,4109100000,3373500000,5015800000,4512600000,4094200000,5262900000,4.585e+09,5163600000
"Q9P0M6","H2AFY2",176209000,168025000,165324000,176170000,139204000,165911000,283848000,330720000,276963000,328391000,294206000,284154000,335176000,266628000,259841000,268005000,306103000,275309000
"Q9P0M9","MRPL27",167239000,214937000,101548000,151670000,167582000,147137000,178568000,200676000,229199000,201449000,199049000,128037000,165906000,125927000,177654000,172742000,178804000,157593000
"Q9P0P0","RNF181",335967000,331910000,312470000,312862000,398440000,310040000,92802000,135803000,173307000,232307000,191693000,230105000,241319000,261696000,219259000,176024000,214548000,241174000
"Q9P0U4","CXXC1",NA,15336900,NA,12175400,NA,6477400,23906700,9070900,NA,8559500,8847100,12406000,NA,NA,6323300,NA,NA,NA
"Q9P0V3","SH3BP4",200294000,256236000,233942000,178790000,185258000,188826000,NA,32229000,67837000,40781000,NA,NA,NA,NA,NA,NA,NA,NA
"Q9P0V9","SEPT10",500010000,578230000,507540000,4.96e+08,602240000,472160000,561730000,583060000,538800000,516490000,524810000,439150000,461920000,408640000,454650000,461800000,403780000,456880000
"Q9P121","NTM",84741000,163466000,158451000,185395000,147506000,194466000,223822000,186840000,207594000,210394000,242374000,200655000,191392000,184061000,216878000,263175000,203871000,248043000
"Q9P1F3","ABRACL",548710000,541740000,690750000,755670000,610320000,545510000,560630000,362190000,691530000,316120000,480590000,636250000,245170000,4.74e+08,576290000,478420000,479160000,264240000
"Q9P1Z2","CALCOCO1",92224000,77116000,50722000,NA,54630000,77791000,27765000,66994000,27134000,69037000,65492000,86875000,49118000,87807000,48275000,141135000,131118000,186454000
"Q9P227","ARHGAP23",NA,NA,NA,72988000,52306000,NA,NA,NA,NA,46561000,NA,NA,57006000,148596000,NA,72145000,85540000,128545000
"Q9P246","STIM2",98687000,82208000,17549000,83055000,105501000,78911000,79405000,98817000,65407000,105341000,96082000,48649000,165240000,120050000,125681000,137788000,113818000,127037000
"Q9P253","VPS18",109220000,64802000,92877000,95510000,117236000,59451000,74800000,27897000,60615000,32744000,102332000,104524000,35972000,57869000,56983000,70526000,67030000,106476000
"Q9P258","RCC2",1072770000,995370000,1043430000,918250000,1105300000,1022590000,970760000,895090000,936240000,784760000,760640000,805020000,655150000,555330000,544780000,538490000,509580000,605390000
"Q9P260","KIAA1468",370450000,365190000,380780000,404410000,362610000,380070000,426670000,333920000,348720000,354080000,356890000,343790000,349780000,334060000,322295000,340750000,348238000,296716000
"Q9P265","DIP2B",115181000,104804000,203532000,163433000,118222000,170153000,275203000,246984000,254527000,280781000,274690000,325354000,303073000,284982000,314705000,310740000,352850000,322800000
"Q9P270","SLAIN2",306039000,299981000,202528000,146307000,296027000,229443000,117547000,92392000,73821000,276901000,238870000,164491000,224935000,200642000,197086000,134210000,140223000,151160000
"Q9P287","BCCIP",254274000,212974000,272029000,276287000,292178000,224236000,267091000,280829000,296795000,292632000,308800000,264118000,322700000,368400000,280327000,271501000,230844000,226351000
"Q9P291","ARMCX1",257004000,198628000,256527000,276982000,265303000,264243000,297999000,338330000,322982000,319066000,297403000,280066000,272790000,285745000,285908000,312327000,266296000,261824000
"Q9P299","COPZ2",315079000,252775000,227182000,226476000,266307000,144883000,212578000,244756000,209529000,200264000,209748000,83890000,194207000,175178000,122809000,186284000,183934000,215398000
"Q9P2B2","PTGFRN",NA,NA,NA,NA,NA,NA,148438000,164649000,165099000,NA,129437000,69632000,NA,55347000,NA,NA,NA,NA
"Q9P2B4","CTTNBP2NL",397830000,407660000,361330000,318344000,379070000,339310000,210561000,202035000,185962000,150595000,155408000,124032000,98532000,75683000,76898000,86517000,112975000,97274000
"Q9P2E3","ZNFX1",114138000,60653000,37488000,79164000,89526000,34496000,39382000,44666000,NA,NA,42683000,51243000,37963000,NA,NA,35706000,NA,NA
"Q9P2E9","RRBP1",20012700000,19075800000,19586800000,19070800000,2.0015e+10,16826900000,1.5082e+10,14849800000,13746800000,11322600000,11181200000,8687400000,9379800000,8597500000,7745700000,8331300000,7742800000,9251700000
"Q9P2I0","CPSF2",NA,118457000,193537000,61160000,61222000,126824000,51649000,NA,NA,NA,117790000,207108000,NA,NA,NA,NA,NA,34147000
"Q9P2J5","LARS",5187800000,5048400000,4939700000,5907900000,5926500000,5622500000,5455400000,5.512e+09,5784500000,6034600000,5938600000,6086500000,6998500000,6833700000,7040300000,7458600000,7417500000,7328500000
"Q9P2K5","MYEF2",NA,NA,NA,22043000,21624000,22038000,48908000,50913000,47413000,NA,25962000,73785000,92286000,51780000,94021000,65995000,59241000,100198000
"Q9P2K8","EIF2AK4",634410000,641150000,603310000,549500000,604270000,497280000,444180000,414890000,418330000,341030000,315517000,303929000,261476000,236807000,218337000,196469000,201566000,213128000
"Q9P2Q2","FRMD4A",116465000,94247000,133053000,106758000,101553000,60416000,98981000,NA,NA,NA,NA,NA,NA,NA,NA,NA,NA,NA
"Q9P2R3","ANKFY1",738890000,828510000,842710000,849670000,744180000,912770000,796580000,850670000,875690000,726070000,882040000,913570000,673210000,745700000,791420000,676180000,735180000,713740000
"Q9P2R7","SUCLA2",568730000,570480000,517850000,522020000,511450000,473350000,798900000,813960000,763960000,901260000,857870000,803730000,878960000,828170000,826350000,907420000,832430000,963310000
"Q9P2T1","GMPR2",411225000,324163000,308747000,342567000,404120000,313520000,371290000,377150000,394510000,365658000,350022000,288645000,359261000,312491000,295633000,329135000,287013000,352148000
"Q9P2W9","STX18",108023000,112341000,93717000,114055000,124560000,117933000,60771000,107637000,82353000,85567000,120703000,106880000,111818000,84303000,94848000,114180000,107838000,102362000
"Q9P2X0","DPM3",158216000,170371000,171945000,221225000,156742000,219673000,124573000,103377000,187875000,126724000,191771000,176830000,113175000,189793000,189324000,111990000,181099000,118922000
"Q9P2X3","IMPACT",72324000,40087000,33120000,44946000,35311000,NA,105216000,37628000,78961000,NA,NA,113168000,NA,NA,NA,NA,NA,NA
"Q9UBB4","ATXN10",2786810000,3051950000,3111200000,2942430000,2800410000,2875820000,2193690000,2414150000,2302820000,2248360000,2358740000,2189740000,2284400000,2064340000,2070920000,2153710000,1977080000,2117350000
"Q9UBB5","MBD2",81605000,44150000,NA,48940000,NA,43461000,44806000,87287000,43113000,NA,37315000,79928000,105591000,NA,37541000,64151000,98471000,34145000
"Q9UBB6","NCDN",341100000,384960000,393790000,389920000,393390000,368020000,416160000,414240000,401620000,495390000,482670000,463030000,474670000,462320000,463150000,449220000,423750000,455540000
"Q9UBC2","EPS15L1",1308590000,1218440000,1314310000,1232270000,1211340000,1146060000,1238870000,1205160000,1048880000,1135270000,1131120000,985680000,985800000,909890000,923460000,917600000,838060000,985600000
"Q9UBE0","SAE1",1199910000,933560000,922440000,934560000,1037170000,815760000,1016680000,773640000,928950000,909910000,901670000,711320000,922690000,582360000,562520000,612510000,456280000,626660000
"Q9UBF2","COPG2",841290000,899620000,847690000,1012980000,911580000,1026870000,918700000,868890000,976500000,1009860000,979920000,1203020000,1039070000,1041420000,1187970000,1060940000,1145230000,1001490000
"Q9UBF9","MYOT",NA,NA,NA,NA,NA,NA,NA,NA,NA,39493000,NA,NA,266880000,216002000,205251000,324612000,266842000,333620000
"Q9UBG0","MRC2",1374130000,1360160000,1335010000,1822720000,2057390000,2000130000,1901790000,1917290000,1991440000,1542710000,1522310000,1737480000,1132880000,1251240000,1152690000,1473170000,1356770000,1301120000
"Q9UBH6","XPR1",19447700,13753800,10108000,22831700,29738800,6028400,10922600,7052600,11378000,14744600,14003300,10393600,10526500,11001200,9544900,4383000,NA,10984500
"Q9UBI1","COMMD3",382170000,421580000,383640000,417220000,453080000,460010000,481490000,510810000,449530000,442270000,484660000,430100000,425170000,433240000,426960000,374540000,435460000,411250000
"Q9UBI6","GNG12",2186740000,1803920000,1590750000,1473110000,2192420000,1355210000,2268720000,2285310000,2057470000,2088070000,1744110000,1407190000,1315100000,1239450000,1128200000,1168400000,992620000,1318560000
"Q9UBK9","UXT",36504000,115366000,39836000,NA,75874000,72597000,78999000,27716000,41905000,34285000,29801000,NA,64837000,35412000,NA,41209000,NA,28513000
"Q9UBL0","ARPP21",NA,NA,NA,NA,NA,25131000,66800000,56898000,75269000,298891000,312998000,286154000,768790000,846900000,835660000,794040000,9.54e+08,947950000
"Q9UBL3","ASH2L",137245000,115556000,122163000,107210000,115789000,104909000,114908000,114847000,115384000,117645000,81054000,99028000,92038000,93599000,44676000,22247000,55589000,13365000
"Q9UBM7","DHCR7",106682000,139141000,132386000,184904000,126478000,149242000,126103000,94427000,134208000,126610000,149309000,128623000,214494000,240684000,261894000,321223000,332540000,339790000
"Q9UBN7","HDAC6",106054000,88098000,55470000,118545000,71023000,120827000,109387000,111903000,125296000,102699000,101956000,123024000,89308000,127345000,117141000,108811000,158392000,154817000
"Q9UBP6","METTL1",70463000,121151000,121792000,112014000,118204000,108419000,43855000,113525000,99462000,107493000,75205700,65445000,36779000,78561000,77259000,NA,NA,NA
"Q9UBQ0","VPS29",2023850000,2026250000,1892780000,1592930000,1.792e+09,1421910000,1796540000,1758110000,1674120000,1680510000,1722210000,1496840000,1674440000,1284170000,1362870000,1570270000,1277870000,1587760000
"Q9UBQ5","EIF3K",2304770000,2329720000,2130980000,1895200000,2326780000,1886190000,1935150000,1.942e+09,1908340000,2230110000,2121180000,1809800000,2125990000,2036540000,2138920000,1956740000,2055440000,2119850000
"Q9UBQ7","GRHPR",2876120000,2505330000,2758940000,2864910000,3217500000,2974280000,3329200000,3672400000,3418300000,4258400000,3904100000,3751200000,4632200000,4268400000,4392600000,4695100000,4553400000,4742600000
"Q9UBR2","CTSZ",569790000,538280000,524060000,531220000,643220000,581450000,945300000,872210000,799850000,795880000,799640000,614110000,737450000,564080000,548890000,493370000,487150000,620920000
"Q9UBS4","DNAJB11",2134280000,2136920000,2040610000,1949570000,2311050000,2071510000,2222810000,2172500000,1905590000,2349230000,2388400000,2352090000,2926030000,2665570000,2515960000,2707710000,2703720000,2575100000
"Q9UBS8","RNF14",209571000,215608000,218510000,201839000,212153000,182396000,217872000,212306000,192450000,265552000,226505000,163592000,189833000,195654000,153600000,212282000,157767000,215680000
"Q9UBT2","UBA2",1768330000,1636610000,1638990000,1697060000,1752220000,1583130000,1769440000,1788440000,1839220000,1757950000,1751890000,1744400000,1501770000,1497870000,1428300000,1178740000,1172510000,1302090000
"Q9UBU8","MORF4L1",127388000,NA,NA,40851000,124105000,128876000,83982000,42460000,85444000,89869000,NA,111705000,NA,87573000,32023000,NA,71329000,NA
"Q9UBU9","NXF1",586510000,671130000,667170000,704660000,670250000,783300000,718860000,669210000,693590000,624480000,627150000,787920000,568230000,555760000,656910000,559680000,526270000,494760000
"Q9UBV2","SEL1L",159051000,132852000,121968000,130986000,196120000,132015000,157617000,158392000,96982000,212145000,171804000,157376000,289131000,194221000,171313000,203110000,192981000,255666000
"Q9UBV8","PEF1",391010000,248480000,399370000,360950000,393070000,377900000,352964000,408200000,369580000,427310000,387907000,357890000,374340000,366830000,403660000,395520000,380790000,352843000
"Q9UBW8","COPS7A",1017880000,887710000,898700000,763890000,888120000,710440000,775830000,959820000,776270000,995800000,922870000,758510000,1053730000,789200000,768510000,838130000,792580000,948450000
"Q9UBX3","SLC25A10",233824000,212234000,243074000,234085000,263942000,236191000,298821000,293730000,300686000,323009000,281776000,286159000,251256000,254425000,254397000,221813000,213215000,229034000
"Q9UBY9","HSPB7",19310000,36865000,34409000,101224000,58984000,83648000,137138000,114628000,135372000,122939000,104965000,83032000,335760000,215833000,192540000,545050000,484360000,664130000
"Q9UDR5","AASS",NA,NA,NA,NA,NA,NA,29832000,29124000,30522000,55091000,68047000,115905000,76798000,NA,119138000,107719000,101661000,74543000
"Q9UDT6","CLIP2",123346000,122010000,113952000,105640000,89959000,103383000,90822000,85671000,81486000,42706000,78935000,47715000,49734000,36799000,NA,NA,12067000,40256000
"Q9UDW1","UQCR10",236120000,382060000,331865000,360480000,422740000,360850000,474410000,468890000,495010000,530060000,655660000,600780000,566760000,516250000,561050000,547910000,513980000,557960000
"Q9UDY2","TJP2",539780000,502520000,498260000,468850000,441050000,399320000,493610000,460220000,424460000,445020000,516250000,362810000,348170000,352830000,326890000,228704000,240355000,266364000
"Q9UDY4","DNAJB4",8463900000,7991400000,7741400000,9081100000,9614100000,8608400000,4517500000,4741200000,4.611e+09,3876200000,3448200000,3059280000,3327700000,2788090000,2859170000,2649150000,2387450000,2754610000
"Q9UEE9","CFDP1",55972000,NA,54822000,143793000,64514000,52022000,NA,NA,NA,NA,NA,110213000,116554000,50353000,143687000,NA,NA,110356000
"Q9UER7","DAXX",94049000,82762000,77890000,94751000,79125000,82302000,103289000,101699000,82141000,86913000,70912000,72836000,23841000,18008000,46446000,36137000,61332000,22195000
"Q9UEU0","VTI1B",103934000,116200000,125801000,117057000,93102000,102112000,47960000,28799000,62512000,72425000,79298000,68774000,71701000,87936000,38877000,86209000,68213000,50655000
"Q9UEW8","STK39",695260000,685330000,760590000,596520000,495320000,620450000,562660000,599230000,597560000,722090000,747990000,785530000,729900000,692190000,831180000,686060000,699880000,731350000
"Q9UEY8","ADD3",485140000,455510000,443830000,492920000,646850000,526410000,589180000,596970000,681530000,532700000,494460000,512190000,420870000,402960000,412700000,390720000,428720000,376580000
"Q9UFB7;Q9Y2D9","ZBTB47;ZNF652",4856000,NA,4404300,7980200,14074800,NA,11066700,11867500,9427900,19850600,14892500,NA,11330400,11820900,3324400,5678800,13760900,19205500
"Q9UFC0","LRWD1",8529800,NA,8871800,8024400,NA,NA,16929500,17002800,NA,NA,10136000,16001900,NA,8789700,3715900,NA,11118400,NA
"Q9UFG5","C19orf25",141447000,184779000,185106000,180402000,155094000,178696000,170920000,137981000,162830000,47307000,164696000,185081000,138425000,186414000,169230000,173988000,202733000,148027000
"Q9UFN0","NIPSNAP3A",434990000,392710000,369280000,465020000,569590000,340680000,617940000,685380000,705930000,824040000,799670000,720290000,789830000,688590000,769190000,828680000,774210000,732520000
"Q9UFW8","CGGBP1",82023000,98308000,122993000,96114000,61689000,99299000,120415000,108606000,102578000,63932000,69667000,66723000,50425000,47943000,48338000,39930000,46999000,35831000
"Q9UG63","ABCF2",1382200000,1298040000,1322180000,1214700000,1569910000,1121500000,815090000,877710000,821840000,1198160000,1076080000,849200000,1231370000,951520000,891730000,847480000,871740000,957110000
"Q9UGP4","LIMD1",366070000,339050000,375810000,295930000,316091000,364610000,382130000,377250000,387600000,374190000,393710000,339650000,336690000,303375000,286995000,281903000,245574000,277424000
"Q9UGP8","SEC63",1086950000,1057720000,1077040000,1116580000,1174370000,906830000,873720000,877250000,849450000,824390000,784950000,684850000,699800000,611550000,697760000,672330000,590960000,659020000
"Q9UGR2","ZC3H7B",104819000,151069000,145838000,155297000,77479000,111947000,84203000,106482000,90698000,64246000,71330000,88669000,56536000,96625000,71421000,67931000,82312000,89993000
"Q9UGV2","NDRG3",202235000,237741000,270345000,NA,139302000,232874000,239552000,138300000,225863000,193759000,130697000,226335000,187153000,142204000,157115000,127932000,51787000,113872000
"Q9UH62","ARMCX3",623860000,621310000,634450000,599190000,652110000,659600000,766440000,797160000,803800000,876080000,801320000,775050000,850900000,881090000,926980000,921560000,904120000,881630000
"Q9UH65","SWAP70",842070000,838800000,872840000,829010000,823820000,804400000,774880000,779440000,728290000,707980000,662550000,655170000,683120000,701460000,667390000,713570000,707870000,820730000
"Q9UH99","SUN2",1841090000,1592720000,1579790000,1638960000,1776130000,1740360000,2638930000,2787370000,3119200000,3151400000,3185950000,3.179e+09,3217700000,3338600000,3628800000,2812980000,2533030000,2676820000
"Q9UHA3","RSL24D1",46935000,67937000,56956000,75932000,27257000,91634000,50992000,NA,25390000,22345000,32743000,57045000,NA,97960000,95985000,24576000,29416000,18182000
"Q9UHA4","LAMTOR3",235635000,249733000,258966000,227029000,239547000,200759000,216712000,230054000,204648000,149486000,147192000,217235000,218747000,231046000,265808000,240976000,231109000,208839000
"Q9UHB6","LIMA1",3844200000,3584400000,3842100000,4.753e+09,5009800000,4568300000,5.997e+09,5828500000,5302600000,5476900000,5205700000,4616200000,4674700000,4105900000,3942500000,3885100000,4093200000,4403400000
"Q9UHB9","SRP68",1532360000,1498970000,1376690000,1540250000,1436140000,1509640000,1328720000,1258600000,1348710000,1368750000,1330920000,1432680000,1466660000,1525800000,1513530000,1568940000,1493860000,1494230000
"Q9UHD1","CHORDC1",1976040000,1865100000,1787590000,1780340000,2006110000,1728680000,1786750000,1780990000,1664070000,2102750000,2123270000,1675500000,2238770000,1837410000,1770270000,1812220000,1665530000,1897460000
"Q9UHD2","TBK1",222660000,217592000,212889000,223125000,221178000,112302000,221559000,237493000,237903000,208648000,202322000,257414000,197482000,186306000,230902000,185417000,195637000,204773000
"Q9UHD8","SEPT9",8019300000,7737400000,7337800000,8128400000,8677200000,7.645e+09,11535700000,12669100000,1.103e+10,13535500000,13287800000,10944400000,13400700000,1.2974e+10,11897400000,1.1888e+10,11965900000,12895600000
"Q9UHD9","UBQLN2",631030000,595090000,579250000,555850000,564920000,513300000,535080000,570430000,543410000,585410000,579630000,553340000,570940000,460310000,483780000,505490000,492850000,582260000
"Q9UHG3","PCYOX1",398350000,376150000,361830000,447390000,521960000,505620000,575500000,565580000,573150000,567370000,524290000,508360000,507650000,443960000,560080000,532150000,547910000,547150000
"Q9UHI6","DDX20",107403000,27933000,NA,113435000,169329000,58132000,100520000,NA,33643000,25421000,76226000,37666000,31341000,119423000,81995000,NA,31634000,NA
"Q9UHL4","DPP7",83140000,NA,162044000,173373000,184818000,155435000,312672000,303829000,349610000,370650000,395100000,363110000,385200000,357120000,380780000,405230000,401900000,346610000
"Q9UHN6","TMEM2",94668700,208038000,1.79e+08,128519000,49987300,106970000,72685000,77713000,68503000,38732100,58696600,69379000,79152000,70267000,84157000,100449000,107179000,143701000
"Q9UHP9","SMPX",NA,NA,NA,NA,NA,NA,NA,NA,171741000,783360000,705470000,517560000,1467620000,1040060000,1097200000,1140310000,943210000,1095020000
"Q9UHQ4","BCAP29",669310000,525990000,529190000,685280000,581500000,511630000,630080000,530780000,571710000,474910000,510820000,396860000,591950000,536280000,488260000,546230000,520450000,683880000
"Q9UHQ9","CYB5R1",2578690000,2509970000,2380690000,3194700000,3282800000,3435100000,6041300000,6334900000,6181900000,9857600000,9254100000,9852800000,12124600000,11151800000,12130400000,1.2158e+10,1.2178e+10,13061500000
"Q9UHV9","PFDN2",1595860000,1660820000,1760910000,1502810000,1369130000,1630790000,1258340000,1191200000,1071610000,1265560000,1250750000,1232190000,1383390000,1541250000,1401050000,1651390000,1599960000,1678710000
"Q9UHX1","PUF60",3577800000,3313100000,3418800000,3239900000,3365300000,3189900000,3028490000,3004390000,3137700000,3.308e+09,3121410000,2913120000,3154500000,2985030000,3039300000,2693430000,2710130000,2733710000
"Q9UHY1","NRBP1",549180000,539820000,5.23e+08,508290000,591830000,525330000,4.13e+08,393200000,402800000,409700000,437750000,495710000,371270000,398330000,420980000,377920000,392080000,379590000
"Q9UHY7","ENOPH1",202865000,428750000,343050000,442690000,411040000,533500000,440780000,407730000,448250000,364231000,384630000,544400000,350080000,451360000,528530000,412030000,479920000,3.31e+08
"Q9UI09","NDUFA12",6.57e+08,584960000,5.42e+08,375889000,440250000,308477000,476910000,733480000,534940000,676460000,547890000,435960000,702940000,476230000,395840000,550030000,497160000,575320000
"Q9UI10","EIF2B4",222528000,200272000,207055000,287333000,250179000,274048000,223797000,206091000,237313000,239890000,269253000,225916000,324440000,228882000,309483000,306496000,228019000,191424000
"Q9UI12","ATP6V1H",7.98e+08,768790000,769390000,748430000,758220000,746800000,719110000,644260000,777830000,692870000,761520000,671130000,677170000,656280000,680900000,6.83e+08,730900000,579720000
"Q9UI26","IPO11",140724000,161067000,180113000,160110000,136657000,179254000,176428000,137111000,148179000,126713000,132866000,157138000,109620000,133079000,121206000,73206000,90339000,122593000
"Q9UI30","TRMT112",1127070000,1183970000,1075060000,1137540000,1126270000,971670000,1083530000,966430000,983400000,1045300000,1084200000,688600000,1009350000,957340000,812910000,858900000,709860000,993650000
"Q9UIA9","XPO7",331710000,345990000,366210000,337930000,301619000,324990000,463740000,451040000,405550000,453720000,469150000,488390000,446470000,392800000,456300000,383100000,405350000,427590000
"Q9UIC8","LCMT1",114823000,109374000,71846000,110028000,124088000,94395000,140009000,123189000,129292000,138189000,130944000,83287000,100999000,123593000,114609000,124372000,127175000,139980000
"Q9UID3","VPS51",150131000,120532000,153482000,123745000,112693000,152650000,117754000,108857000,131632000,115098000,121861000,147829000,126639000,132185000,159514000,151842000,158351000,126337000
"Q9UIG0","BAZ1B",236774000,286138000,267273000,283927000,253751000,276027000,263788000,268410000,253223000,232685000,199863000,216450000,191254000,168309000,88410000,132437000,130129000,158303000
"Q9UII2","ATPIF1",85708000,279418000,461828000,57365000,45158300,170681000,70358000,102558000,115253000,84443000,86688400,295900000,152478000,132516000,60912000,244012000,218080000,107717000
"Q9UIJ7","AK3",665170000,769190000,725300000,676630000,796650000,683500000,1067360000,1247920000,1036910000,1458880000,1459320000,1264260000,1423030000,1189710000,1028310000,1200310000,1131900000,1284350000
"Q9UIQ6","LNPEP",249714000,284976000,261490000,217495000,234110000,227933000,146138000,168057000,163309000,152781000,170034000,125596000,212027000,252099000,242327000,211414000,209738000,204351000
"Q9UIW2","PLXNA1",104692000,148210000,92359000,199854000,168821000,146781000,222037000,160999000,174676000,238691000,279744000,216732000,341240000,320122000,313990000,320126000,296442000,325684000
"Q9UJ41","RABGEF1",130125000,78507000,45010000,40323000,42116000,82620000,NA,75523000,38830000,80993000,83523000,NA,NA,79478000,35025000,NA,35088000,131769000
"Q9UJ68","MSRA",176092000,276303000,256221000,234665000,260977000,196448000,223939000,245445000,214708000,64267000,241288000,209511000,141962000,120501000,159749000,183363000,69298000,182051000
"Q9UJ70","NAGK",3323600000,3351900000,3193200000,3439300000,3400500000,3176100000,3064270000,3113730000,3239900000,2891860000,2909490000,2651960000,2443430000,2479200000,2447830000,2508620000,2478580000,2744590000
"Q9UJ83","HACL1",92836000,NA,83082000,39511000,79932000,68951000,36690000,NA,NA,37224000,65041000,NA,26005000,NA,24343000,NA,NA,NA
"Q9UJA5","TRMT6",270522000,270542000,199139000,216130000,262063000,202011000,241816000,196232000,231379000,219104000,228386000,175052000,135915000,170659000,150265000,155535000,160458000,173755000
"Q9UJF2","RASAL2",36028000,34486000,25636000,40505000,41775000,45518000,33386300,27547100,29069800,21031200,6839900,23789000,24415800,27783600,21400500,27791100,24978800,35927000
"Q9UJM3","ERRFI1",147130000,191251000,194827000,208418000,149197000,213141000,NA,NA,NA,NA,31545000,NA,NA,49373000,NA,NA,NA,NA
"Q9UJS0","SLC25A13",182891000,208525000,178660000,210060000,171051000,199618000,191911000,183997000,210499000,188632000,166161000,230742000,190970000,174814000,189821000,180736000,201297000,179963000
"Q9UJU6","DBNL",2274620000,2207420000,2222830000,2360640000,2111410000,2376560000,2532610000,2327700000,2324870000,2042650000,2212240000,2138720000,1966480000,2085610000,1936610000,1961440000,1893350000,1932130000
"Q9UJW0","DCTN4",863800000,676560000,788910000,791290000,693960000,836270000,653960000,683820000,733820000,700710000,744130000,818240000,665090000,727420000,795800000,733330000,703170000,662830000
"Q9UJX2","CDC23",99300000,88139000,86291000,70071000,75894000,76371000,76910000,88716000,76825000,70289000,76388000,38609000,73358000,58223000,38976000,57859000,67695000,78116000
"Q9UJX3","ANAPC7",199619000,217442000,197605000,174309000,189985000,165767000,156222000,157485000,149604000,151385000,169671000,132038000,152801000,147107000,100663000,158549000,106740000,159533000
"Q9UJY1","HSPB8",129692000,141406000,120829000,144090000,172598000,127301000,189695000,230750000,159904000,658460000,593560000,455330000,979420000,917490000,828090000,966140000,911730000,912380000
"Q9UJY4","GGA2",34541000,NA,NA,NA,45795000,NA,NA,37412000,43953000,91624000,137031000,66814000,157173000,59077000,239296000,NA,NA,108010000
"Q9UJY5","GGA1",38772000,NA,46839000,41336000,31098000,NA,NA,NA,NA,NA,NA,NA,NA,41425000,36025000,46477000,36680000,NA
"Q9UJZ1","STOML2",2193960000,2.252e+09,2143760000,1986760000,1913550000,1874110000,2468320000,2551250000,2573300000,2486900000,2427180000,2358400000,2382800000,2421100000,2191010000,2307020000,2349810000,2337440000
"Q9UK41","VPS28",970800000,772070000,853710000,808680000,997190000,807170000,1082290000,1125130000,954910000,1194500000,1052020000,923610000,1286770000,1069040000,998650000,1192880000,1124960000,1251880000
"Q9UK76","HN1",4536300000,4851200000,4.621e+09,4.171e+09,4916100000,3913800000,4683300000,4447700000,4009500000,7187400000,6529800000,5666700000,9361700000,8989900000,7955200000,8705400000,7196200000,9.407e+09
"Q9UKD2","MRTO4",725520000,712840000,797440000,703540000,729720000,665090000,686410000,661850000,743740000,629720000,799970000,529040000,491210000,478960000,520620000,486610000,441230000,469020000
"Q9UKF6","CPSF3",495920000,500840000,502640000,429650000,457060000,447930000,472630000,466870000,4e+08,439710000,417210000,405110000,385680000,318934000,351694000,308756000,254424000,295978000
"Q9UKG1","APPL1",573760000,541010000,568240000,601260000,627230000,657300000,740950000,663380000,689520000,815460000,805250000,800740000,865640000,839910000,784720000,785160000,779130000,747610000
"Q9UKI2","CDC42EP3",786270000,730900000,725940000,579330000,649490000,607780000,389620000,398360000,364490000,226893000,231482000,252621000,107418000,153371000,180034000,182867000,133222000,150140000
"Q9UKK3","PARP4",784160000,858610000,842090000,814890000,722400000,707080000,548900000,590720000,667290000,565680000,544080000,580900000,487780000,530490000,545760000,649860000,558690000,599880000
"Q9UKK9","NUDT5",1983930000,2273450000,2249050000,2178800000,2417480000,2145520000,2687660000,2534830000,2502210000,2396160000,2404660000,2036540000,1881300000,1760300000,1696710000,1626190000,1514490000,1578090000
"Q9UKL0","RCOR1",148455000,NA,166411000,248754000,149794000,83538000,161312000,293560000,250135000,230795000,173551000,NA,135524000,79309000,NA,NA,132758000,83204000
"Q9UKM7","MAN1B1",54537000,91811000,99154000,74779000,34638100,87929000,81201000,65872000,70262000,43750000,44813800,52509000,34186000,66904000,57250000,48565000,86860000,91237000
"Q9UKM9","RALY",2339250000,1871460000,1806250000,1813360000,2369090000,1885580000,2317890000,2258030000,2148440000,2798070000,2558540000,1935450000,2548930000,2152800000,2194480000,2351030000,2159740000,2455130000
"Q9UKN8","GTF3C4",55602000,NA,53490000,30316000,29746000,34503000,75072000,NA,60421000,NA,36330000,34399000,NA,NA,53889000,NA,NA,NA
"Q9UKP3","ITGB1BP2",NA,NA,NA,NA,NA,NA,NA,NA,NA,206458000,174405000,192624000,465440000,481450000,461780000,419850000,342301000,421090000
"Q9UKV3","ACIN1",1986620000,1898560000,1836140000,2003400000,2087840000,1839740000,2362490000,2528090000,2526530000,2344660000,2153950000,2130540000,2021780000,1922600000,1784320000,1812670000,1738550000,1782620000
"Q9UKV8;Q9HCK5","AGO2",353880000,339535000,278813000,355020000,383570000,356240000,384220000,378710000,353470000,450660000,436500000,347360000,446380000,398910000,346760000,425300000,322070000,425570000
"Q9UKX2","MYH2",14851200,11313600,17206500,9003500,9030200,7453500,5319300,8318400,2990000,900040000,783690000,804810000,24997900000,11991500000,20946700000,28532400000,1.5228e+10,22798200000
"Q9UKX3","MYH13",NA,NA,NA,NA,NA,NA,NA,NA,NA,84478000,87681000,NA,186580000,588740000,567480000,636440000,834760000,415050000
"Q9UKX5","ITGA11",266757000,237988000,217481000,262174000,247724000,237764000,91015000,176643000,35920000,224837000,201801000,47927000,321170000,290876000,271714000,658610000,546050000,649970000
"Q9UKX7","NUP50",200055000,248376000,260931000,147150000,311715000,167704000,255372000,226439000,53329000,218945000,151614000,NA,NA,NA,NA,NA,NA,NA
"Q9UKY7","CDV3",8436200000,7714800000,7698100000,8.373e+09,8.89e+09,7238400000,6947900000,7220100000,6455600000,8822300000,8668800000,6356900000,10303100000,9082300000,7790800000,8919500000,8653400000,10338900000
"Q9UKZ1","CNOT11",69608000,92011000,53971000,94802000,108984000,94167000,26725000,89487000,52784000,44945000,44969000,32796000,32534000,46410000,83401000,87438000,79636000,69737000
"Q9UL12","SARDH",139271000,80824000,193828000,142379000,229101000,160520000,464383000,329777000,295515000,506550000,449480000,473250000,660324000,397610000,356790000,394450000,387440000,524850000
"Q9UL15","BAG5",334420000,361170000,362620000,394570000,409310000,344280000,344510000,283415000,304664000,375550000,330950000,326358000,294606000,321093000,326390000,274038000,285531000,276950000
"Q9UL18","AGO1",NA,NA,12246000,14570000,NA,NA,29510000,NA,46208000,13458000,12743000,11281000,NA,37920000,16726000,20525000,11427000,12629000
"Q9UL25","RAB21",750720000,824180000,787060000,895780000,888550000,848730000,595170000,521570000,635890000,627140000,639060000,702720000,747950000,756430000,778160000,789600000,834220000,860970000
"Q9UL26","RAB22A",152370000,139684000,149265000,150487000,195160000,150415000,173916000,148048000,182807000,142981000,135579000,163729000,154887000,110816000,113043000,92826000,35176000,71738000
"Q9UL46","PSME2",2446950000,2672540000,2550040000,3363700000,3439300000,3264800000,4143400000,3659300000,3916300000,3760100000,3877900000,3729300000,3859700000,3976900000,3729200000,4165100000,4188400000,4169500000
"Q9ULA0","DNPEP",616420000,612850000,555700000,419400000,571390000,479740000,672400000,639310000,662630000,649530000,781740000,601700000,669490000,557110000,561160000,658750000,575310000,706610000
"Q9ULC3","RAB23",696970000,603450000,644230000,1874480000,804990000,1055840000,544690000,565680000,700770000,639420000,611460000,745470000,685710000,2258320000,1478930000,1106580000,899360000,1212420000
"Q9ULC4","MCTS1",1458180000,1335110000,1189590000,1228740000,1452710000,1119940000,1253530000,1283330000,1148600000,1257960000,1200800000,1152390000,1325090000,1158810000,1106350000,1498410000,1350710000,1393150000
"Q9ULF5","SLC39A10",12525000,NA,10052000,16646000,26969000,22118700,12183000,19934000,NA,NA,12370000,NA,NA,NA,NA,NA,NA,NA
"Q9ULH0","KIDINS220",NA,NA,24453000,NA,29528000,20928000,NA,NA,NA,NA,34608000,16218000,NA,NA,28348000,NA,NA,NA
"Q9ULH1","ASAP1",154676000,175706000,55467000,168100000,160726000,110893000,189128000,165247000,140200000,151681000,48083000,133173000,133417000,138992000,84736000,NA,110562000,NA
"Q9ULK4","MED23",82954000,23069000,51185000,NA,48199000,20888000,41453000,NA,16606000,22667000,44877000,NA,24437000,29854000,NA,NA,NA,35899000
"Q9ULP9","TBC1D24",NA,NA,NA,48897000,NA,53438000,NA,NA,NA,NA,67980000,61998000,NA,72021000,94892000,40886000,41316000,NA
"Q9ULQ0","STRIP2",16841000,34371000,31142000,13002000,NA,10992000,13284000,NA,NA,NA,NA,NA,15851000,11540000,NA,13590000,13427000,15860000
"Q9ULR0","ISY1",207431000,82278000,143782000,125531000,201158000,29727000,127588000,149670000,37171000,190805000,151469000,74143000,29098000,43066000,94074000,84141000,20758000,50448000
"Q9ULT8","HECTD1",1130800000,1122650000,1081930000,1083330000,1291970000,1204870000,1122140000,1127620000,1149020000,1339370000,1273790000,1172750000,1095710000,1030640000,1078560000,825370000,870500000,925780000
"Q9ULV4","CORO1C",8.251e+09,7546800000,7.338e+09,7312100000,9008500000,7742400000,7878900000,8239500000,7407300000,7100300000,7466200000,6866800000,5998600000,5318200000,5.217e+09,4588300000,4530900000,4872300000
"Q9ULW0","TPX2",307709000,349782000,336260000,317950000,266396000,307563000,NA,NA,NA,NA,NA,NA,NA,NA,NA,NA,NA,NA
"Q9ULX3","NOB1",190044000,214961000,205274000,185844000,168954000,188075000,143673000,134401000,153752000,154567000,144179000,138875000,49676000,104746000,65409000,63503000,94196000,69427000
"Q9ULX6","AKAP8L",103821000,32260000,49483000,NA,66143000,61822000,165838000,171706000,205676000,156316000,132179000,NA,189681000,143600000,NA,180079000,218155000,172235000
"Q9ULZ3","PYCARD",241374000,354738000,447550000,428490000,319080000,389910000,407710000,361610000,408730000,304415000,293027000,361510000,232547000,285279000,349569000,189456000,215812000,177272000
"Q9UM00","TMCO1",273448000,322078000,258131000,278001000,275927000,246806000,271021000,244635000,229709000,233633000,243433000,213232000,207331000,201830000,197357000,213964000,192302000,264896000
"Q9UM22","EPDR1",60319000,120551000,NA,304234000,135485000,186010000,386980000,414490000,426790000,407620000,407310000,427600000,432450000,386170000,451550000,472900000,433800000,489210000
"Q9UM54","MYO6",626980000,611340000,655380000,741650000,761530000,712830000,1090400000,1012820000,1059030000,1122480000,1121860000,1150890000,9.82e+08,948940000,922200000,810200000,808760000,758900000
"Q9UMS0","NFU1",399530000,535970000,580250000,421930000,555580000,429990000,360610000,444100000,320064000,370360000,330987000,327563000,282914000,263054000,296792000,350730000,285087000,311830000
"Q9UMS4","PRPF19",2835570000,2757900000,2836240000,3058920000,2993530000,3187700000,3541500000,3390800000,3735300000,3611800000,3880500000,3710800000,3204480000,3244500000,3327700000,2884510000,2906450000,2661150000
"Q9UMS6","SYNPO2",1731570000,1673160000,1736340000,2260380000,2593980000,2110580000,3876700000,3972700000,3521200000,6908700000,6205600000,5130700000,9477300000,7832400000,7297200000,8399900000,7333700000,8190300000
"Q9UMX0","UBQLN1",1768250000,1703460000,1758490000,1648940000,1617600000,1709280000,1231920000,1258170000,1322390000,1142450000,1127470000,1253360000,998150000,1112640000,1134970000,974880000,1010590000,1019460000
"Q9UMX5","NENF",182250000,187313000,194409000,223222000,268357000,184441000,245184000,218393000,174970000,263459000,245833000,169033000,278879000,233801000,240951000,301620000,210082000,205468000
"Q9UMY4","SNX12",631170000,588280000,635420000,620840000,667970000,599620000,739830000,740120000,699570000,652210000,554460000,636300000,542270000,590510000,585520000,614050000,504790000,546810000
"Q9UN37","VPS4A",771890000,659860000,734380000,711970000,711320000,633730000,604880000,565200000,560170000,731090000,630570000,533070000,694190000,562860000,542880000,561020000,550120000,500540000
"Q9UN70","PCDHGC3",222155000,161726000,125723000,175151000,174873000,111536000,169020000,193396000,182588000,210197000,185953000,181587000,167895000,177641000,98363000,146828000,134309000,156557000
"Q9UN86","G3BP2",3264800000,3078830000,3214320000,2563840000,3091680000,2554270000,1947720000,1894040000,1891030000,2186010000,2161940000,1848220000,2404710000,2160270000,2099140000,2096110000,2064270000,2563640000
"Q9UNE7","STUB1",987290000,1010090000,955620000,792390000,806940000,793670000,931290000,931010000,843800000,949600000,743520000,739240000,881410000,929450000,768220000,939220000,944050000,1012160000
"Q9UNF0","PACSIN2",1930330000,2047930000,1841540000,1701070000,2346900000,1565430000,1817930000,2026250000,1624030000,1990670000,1816690000,1324080000,1861480000,1314760000,1214680000,1620120000,1.422e+09,1785330000
"Q9UNF1;Q12816","MAGED2",1353920000,1348050000,1353380000,1431140000,1371300000,1395610000,899350000,855910000,999890000,1143700000,1185770000,1.204e+09,1174650000,1345120000,1441540000,1320330000,1332290000,1270950000
"Q9UNH7;Q86XE0","SNX6",1356230000,1229760000,1216600000,1257700000,1384530000,1237310000,1736570000,1543840000,1496090000,1542050000,1508570000,1395340000,1455650000,1261970000,1235490000,1174510000,1221690000,1279650000
"Q9UNI6","DUSP12",60038000,47490000,60071000,82836000,94240000,47120000,57199000,73189000,64741000,64335000,51254000,49011000,54806000,23379000,24968000,55570000,NA,19767000
"Q9UNK0","STX8",145494000,142934000,151548000,120184000,112268000,119759000,83674000,63747000,98015000,52926000,59057000,92096000,66731000,78029000,81196000,143233000,115682000,121428000
"Q9UNM6","PSMD13",3.743e+09,3769400000,3663700000,3111800000,3.419e+09,3201790000,3.28e+09,3499100000,3337700000,3.601e+09,3471100000,3245200000,3691500000,3519700000,3513500000,3491900000,3614300000,3699500000
"Q9UNN5","FAF1",159766000,189548000,193813000,108708000,127470000,143007000,145690000,124368000,151974000,126201000,127237000,131255000,131529000,122336000,80961000,116091000,112772000,126457000
"Q9UNP9","PPIE",133565000,140967000,135488000,155706000,151692000,143679000,98612000,141484000,167121000,107682000,133916000,144320000,46245000,101200000,133460000,26618000,106934000,38514000
"Q9UNQ2","DIMT1",94822000,40247000,59142000,80436000,66344000,77522000,27289000,53774000,41056000,NA,NA,34097000,NA,20636000,17061000,NA,NA,18225000
"Q9UNS2","COPS3",1423060000,1343910000,1279520000,1451890000,1441130000,1340580000,1371620000,1383350000,1.457e+09,1513330000,1384350000,1336030000,1477810000,1444830000,1429890000,1369060000,1411250000,1530050000
"Q9UNW1","MINPP1",53102000,47473000,12251000,28809000,61722000,49169000,72050000,NA,18295000,43649000,47556000,30979000,34231000,34711000,18462000,15052000,30650000,NA
"Q9UNX3","RPL26L1",278609000,354060000,335400000,375400000,271412000,323429000,438970000,472010000,361400000,292118000,295517000,337633000,398710000,447570000,300562000,322144000,384630000,436520000
"Q9UNX4","WDR3",125783000,117311000,113994000,111459000,122598000,132686000,33952000,69028000,58972000,78437000,45792000,135310000,53788000,78118000,133510000,NA,107856000,80168000
"Q9UNZ2","NSFL1C",2527360000,2379520000,2606760000,2410900000,2678210000,2.529e+09,2994020000,3147810000,2705630000,3129700000,3041530000,2626440000,3737500000,3455300000,3194500000,3978500000,3672700000,3915200000
"Q9UNZ5","C19orf53",56265000,53963000,27324000,63715000,76585000,36190000,69572000,69510000,65274000,97756000,87638000,33122000,79564000,57945000,58383000,64183000,63977000,75354000
"Q9UP83","COG5",147508000,126131000,143295000,129518000,145887000,NA,82575000,104707000,112786000,92056000,115202000,113863000,111799000,75990000,124588000,121797000,71441000,153224000
"Q9UP95","SLC12A4",399250000,377640000,358845000,300023000,393890000,319008000,212278000,162667000,243832000,315170000,295925000,229228000,354060000,308589000,330740000,368330000,312781000,386310000
"Q9UPE1","SRPK3",NA,NA,NA,NA,NA,NA,NA,17196000,NA,57311000,84490000,39044000,91028000,53363000,56865000,90497000,NA,68714000
"Q9UPN3","MACF1",2.7429e+10,25308800000,24985700000,3.1898e+10,3.0986e+10,29945500000,3.3329e+10,3.4074e+10,3.4487e+10,5.3712e+10,5.1625e+10,4.882e+10,6.2999e+10,5.9423e+10,6.0362e+10,5.5923e+10,5.4821e+10,5.8221e+10
"Q9UPN4","CEP131",82518000,79090000,60710000,11734000,39689000,49314000,30415500,41684000,16365500,15651600,4406000,NA,5601200,9678600,5747300,NA,6364200,9051600
"Q9UPN7","PPP6R1",386960000,357690000,375660000,418130000,389710000,422070000,375830000,340690000,327310000,349250000,360060000,377190000,381510000,389100000,380220000,351310000,333406000,371990000
"Q9UPQ0","LIMCH1",136415000,117582000,85538000,224333000,214320000,192671000,206204000,205143000,241628000,498590000,475330000,391440000,892140000,929200000,802410000,1128380000,996900000,1243380000
"Q9UPT5","EXOC7",424930000,439370000,486130000,383370000,418650000,354789000,447140000,475520000,417590000,470500000,463660000,442070000,482320000,466880000,483080000,469690000,542060000,500590000
"Q9UPT6","MAPK8IP3",NA,NA,NA,NA,NA,NA,NA,NA,NA,95842000,104992000,76748000,182540000,191429000,193107000,181559000,200352000,177900000
"Q9UPT8","ZC3H4",127420000,108602000,137816000,149541000,123326000,113448000,137583000,149011000,133085000,126984000,110243000,99068000,106491000,85101000,86867000,31425000,39523000,82882000
"Q9UPU5","USP24",194072000,111197000,219082000,171037000,57599000,151653000,52099000,157008000,55235000,145909000,94795000,138750000,137453000,118124000,102070000,72761000,101009000,53215000
"Q9UPU7","TBC1D2B",146260000,153211000,162189000,181744000,198164000,157275000,249925000,280879000,249277000,318159000,261372000,246343000,276040000,260594000,210619000,183008000,168179000,227156000
"Q9UPU9","SAMD4A",13537000,NA,NA,NA,NA,NA,NA,NA,NA,20404000,33703000,30780000,81703000,156351000,143370000,113274000,134635000,83891000
"Q9UPY3","DICER1",38614000,62141000,19710000,62285000,122646000,87649000,66307000,NA,86436000,18656000,27036000,50785000,17428000,82049000,54379000,NA,27164000,30749000
"Q9UPY8","MAPRE3",37150000,NA,NA,NA,NA,43249000,NA,NA,45625000,145329000,195935000,183981000,816630000,647940000,633600000,1145190000,1215820000,1352730000
"Q9UPZ3","HPS5",648240000,819720000,726480000,434830000,460540000,354400000,386760000,380420000,604700000,480710000,565560000,454580000,266810000,241220000,662870000,566760000,658830000,389690000
"Q9UQ03","CORO2B",95846000,97834000,76145000,56486000,95188000,44021000,48362000,52643000,43366000,33933000,38574000,69967000,64748000,21807000,NA,58969000,41749000,69788000
"Q9UQ13","SHOC2",361330000,322599000,297441000,262564000,364420000,254077000,298364000,337141000,285413000,278416000,304908000,252962000,333366000,247881000,246664000,278451000,253463000,243123000
"Q9UQ35","SRRM2",3927200000,3582800000,3498400000,3460600000,3730400000,2950240000,4228900000,3942700000,3857200000,4060200000,3.805e+09,3212400000,3169400000,2872990000,2669640000,2212500000,2116170000,2525770000
"Q9UQ80","PA2G4",8631200000,8489600000,7739500000,7.229e+09,8356100000,6908800000,6373200000,6446800000,6375300000,7134400000,6952500000,6223200000,7604400000,6529700000,6691500000,6595900000,6219200000,7130200000
"Q9UQB8","BAIAP2",868880000,847990000,853880000,988480000,1041230000,1054940000,639620000,632090000,662760000,525470000,532120000,502130000,721020000,666500000,680250000,1072880000,1102250000,1109650000
"Q9UQE7","SMC3",2304760000,2259910000,2215200000,2042220000,2239750000,1975160000,2406640000,2424980000,2467480000,2246050000,2173160000,1.849e+09,1565350000,1486490000,1481710000,1279220000,1.387e+09,1416600000
"Q9UQL6","HDAC5",NA,NA,NA,NA,NA,NA,2168120,852800,1884030,3261030,3205190,1127900,2116320,3246450,3125650,1839320,2368200,2961200
"Q9UQR1","ZNF148",6310900,11617000,13369200,6053700,9538000,14602500,NA,8385600,16340300,13149100,9716500,16215400,15324300,10060000,NA,23795000,8158800,12752000
"Q9Y217;Q9Y216","MTMR6",370420000,405090000,370620000,461460000,496330000,451770000,382860000,424790000,344270000,367092000,366924000,328857000,304564000,312509000,353435000,378403000,300717000,200492000
"Q9Y221","NIP7",100225000,105746000,112211000,72636000,104119000,83079000,79734000,34069000,114383000,72831000,108450000,96656000,99051000,104226000,111172000,73958000,101734000,104778000
"Q9Y223","GNE",54498000,32092000,53297000,37630000,58648000,38382000,16390000,9234600,11758000,NA,11519000,25900000,8498200,18997500,21750000,11294000,7670900,NA
"Q9Y224","C14orf166",2056280000,2114150000,2181810000,2449440000,2148070000,2700380000,2157660000,2307580000,2520770000,2006620000,2031960000,2849120000,1945140000,2551190000,2629460000,2421580000,2742510000,2239210000
"Q9Y230","RUVBL2",4040400000,3912300000,3922800000,3869700000,4111100000,3.502e+09,3844600000,3536800000,4035800000,3655400000,3857700000,3385600000,3430200000,3046200000,3139140000,3098690000,3173330000,3157300000
"Q9Y235","APOBEC2",NA,NA,NA,NA,NA,NA,NA,NA,NA,308760000,337856000,400070000,803530000,939900000,889300000,1155350000,1177590000,1067590000
"Q9Y237","PIN4",386980000,420700000,455510000,494960000,594560000,490730000,439090000,519530000,441980000,439380000,416250000,500360000,339110000,410690000,415370000,332961000,322916000,331552000
"Q9Y241;A8MV81","HIGD1A;HIGD1C",211790000,NA,35533000,54854000,148312000,69142000,NA,NA,NA,79803000,38340000,NA,99159000,33967000,40283000,56104000,40052000,95408000
"Q9Y244","POMP",142920000,85221000,107070000,145988000,92199000,163014000,NA,81179000,35615000,114912000,86904000,119285000,122907000,168547000,162817000,NA,33054000,NA
"Q9Y250","LZTS1",97270000,92301000,59561000,86710000,65127000,100523000,102383000,99530000,94280000,106912000,131929000,128311000,106690000,98984000,109346000,63237000,60381000,91737000
"Q9Y259","CHKB",NA,NA,31213000,48258000,NA,63646000,NA,33051000,33967000,NA,NA,122964000,NA,79350000,76975000,NA,85441000,NA
"Q9Y262","EIF3L",5470900000,5.279e+09,5254300000,5106100000,5098800000,4934200000,4.007e+09,4.062e+09,4297800000,4526500000,4563100000,4361300000,4543500000,4537100000,4513200000,4413400000,4204800000,4250400000
"Q9Y263","PLAA",1492610000,1308060000,1360660000,1377680000,1379530000,1215130000,1342140000,1245780000,1446940000,1340590000,1282310000,1338460000,1381700000,1349420000,1289430000,1470070000,1466780000,1461570000
"Q9Y265","RUVBL1",4498300000,4.309e+09,4336100000,4178200000,4525300000,4089300000,4498200000,4.526e+09,4249300000,4436500000,4123600000,4031700000,3903200000,3767300000,3959300000,3531200000,3477200000,3542100000
"Q9Y266","NUDC",3693200000,3221030000,3231400000,3001700000,3407400000,2751750000,2244400000,2165380000,2163210000,2162130000,2116380000,1946100000,2264890000,2017810000,1.871e+09,1983010000,1892320000,2013900000
"Q9Y276","BCS1L",106248000,92483000,146244000,144175000,107446000,151034000,54481000,139003000,118545000,NA,61332000,49686000,50493000,85110000,163091000,103944000,114601000,49896000
"Q9Y277","VDAC3",1510170000,1464630000,1458280000,1714570000,1488120000,1705050000,1965650000,1900480000,2216140000,2220940000,2311460000,2238360000,1863660000,1854090000,2115180000,2039540000,1838430000,2165140000
"Q9Y281","CFL2",2342950000,2363010000,2485170000,2447910000,2373580000,2359580000,3327800000,3052400000,3301700000,3.663e+09,4147100000,3899900000,3810800000,4186700000,4.664e+09,4022200000,3.714e+09,3609800000
"Q9Y282","ERGIC3",133424000,196740000,212327000,194041000,204367000,170174000,220191000,132476000,192285000,159514000,138324000,150437000,134837000,196727000,148532000,203015000,160855000,173416000
"Q9Y285","FARSA",3025160000,3182100000,2993140000,2899550000,3075230000,3029570000,2670140000,2578810000,2816260000,2745160000,2614800000,2944370000,2627290000,2872420000,2925700000,2619960000,2944350000,2590190000
"Q9Y294","ASF1A",149383000,154464000,154597000,33005000,85590000,56330000,128553000,77992000,68351000,34338000,69061000,105228000,NA,25067000,19847000,NA,NA,51191000
"Q9Y295","DRG1",1099840000,1133400000,1102760000,1351600000,1133460000,1179330000,1069800000,1017190000,1094580000,1043320000,1.058e+09,1072810000,1116420000,1128540000,1152310000,1169610000,1191240000,1099900000
"Q9Y2A7","NCKAP1",1756260000,1708510000,1662290000,1990540000,1950070000,1926900000,1677890000,1758670000,1874730000,1836010000,1699890000,1938970000,1863300000,1821220000,1890040000,1700930000,1793730000,1683160000
"Q9Y2B0","CNPY2",1204090000,1038060000,1178690000,1321700000,1466200000,1341570000,1170650000,1194300000,1117110000,1234560000,1139870000,1205980000,1261420000,1175810000,1222830000,1207340000,1109160000,1250330000
"Q9Y2C4","EXOG",78537000,20488000,33693000,59289000,52173000,37539000,61478000,88795000,32761000,96300000,67773000,128370000,95810000,100612000,131759000,30293000,64976000,105870000
"Q9Y2D4","EXOC6B",66503000,31480000,34919000,31779000,61952000,NA,100938000,61041000,NA,79452000,NA,NA,66639000,NA,NA,NA,22223000,85779000
"Q9Y2D5","AKAP2",2655480000,2642580000,2840950000,3218300000,3466500000,3197500000,2593190000,2432790000,2331710000,1979680000,2029050000,1891570000,1817650000,1863710000,1845710000,2113030000,1958590000,2138550000
"Q9Y2E4","DIP2C",NA,NA,NA,NA,NA,NA,NA,NA,NA,68105000,NA,31702000,78905000,65979000,40251000,111431000,95025000,108314000
"Q9Y2G5","POFUT2",193189000,157126000,156232000,169356000,154159000,174843000,190881000,181497000,193459000,162130000,179105000,215141000,190314000,165764000,169994000,207686000,175855000,188048000
"Q9Y2H0","DLGAP4",376582000,345930000,299993000,271313000,326390000,258203000,196843000,188664000,193741000,272468000,283014000,217230000,3.29e+08,378570000,308422000,324088000,343020000,349990000
"Q9Y2H5","PLEKHA6",890850000,799330000,704500000,1484440000,1604990000,1215890000,1076460000,984810000,1037250000,657370000,655610000,637190000,330329000,323516000,266333000,201585000,217189000,112517000
"Q9Y2H6","FNDC3A",429450000,415070000,425280000,382280000,442890000,351690000,253109000,222135000,291591000,223628000,264082000,253664000,207650000,202919000,230919000,115691000,122241000,197052000
"Q9Y2I1","NISCH",40221000,28481000,54278000,112799000,80965000,31528000,55010000,83661000,54153000,108875000,115370000,122086000,61534000,69568000,122170000,73820000,96604000,107875000
"Q9Y2I8","WDR37",59165000,69311000,58827000,101620000,88825000,107035000,119883000,126854000,106178000,125358000,108885000,125357000,99464000,95341000,109391000,62055000,94963000,93728000
"Q9Y2J8","PADI2",NA,NA,NA,NA,11801000,NA,403300000,390760000,444710000,1906350000,1689870000,1.616e+09,3.244e+09,3042960000,3114550000,3814200000,3330700000,3725500000
"Q9Y2K7","KDM2A",NA,26578900,29251600,12651000,3146900,24537300,14144100,18188800,15195600,4189000,12634900,11353500,6858100,15489500,7639600,9581800,11796100,9537600
"Q9Y2L1","DIS3",538350000,555790000,571430000,501840000,537980000,489690000,620740000,553750000,625490000,497430000,542720000,479410000,487610000,448960000,384560000,360400000,376070000,372040000
"Q9Y2L5","TRAPPC8",84611000,62826000,NA,41327000,84436000,NA,22766000,78874000,20738000,85116000,83493000,25790000,56106000,NA,41187000,84688000,NA,65051000
"Q9Y2Q3","GSTK1",1719580000,1530710000,1465160000,1744390000,2001200000,1533630000,2044420000,1974090000,1816840000,1991320000,1881770000,1751810000,1898760000,1545820000,1583460000,1538530000,1493680000,1583690000
"Q9Y2Q9","MRPS28",109939000,165787000,115522000,108521000,175796000,130694000,176541000,180157000,143600000,180351000,194414000,145673000,208702000,190239000,192650000,121441000,184118000,217444000
"Q9Y2R0","COA3",350210000,190322000,289722000,201392000,183724000,211103000,196363000,358347000,292778000,271074000,269604000,275958000,100110000,286734000,218512000,330386000,354640000,336654000
"Q9Y2R4","DDX52",76489000,26447000,40893000,79364000,26674000,83601000,NA,NA,70256000,NA,25772000,21172000,56906000,35147000,50122000,NA,22280000,18117000
"Q9Y2R5","MRPS17",141996000,197347000,193932000,134650000,192661000,183251000,253986000,239199000,243997000,186248000,293698000,209343000,150880000,245420000,245467000,195977000,224849000,225647000
"Q9Y2R9","MRPS7",431970000,359400000,377470000,352030000,395230000,308468000,392570000,421420000,374200000,435280000,462550000,346330000,415180000,397340000,385320000,403370000,361100000,421230000
"Q9Y2S0","POLR1D",38589000,43623000,75379000,78542000,52264000,85349000,69175000,NA,111919000,NA,31390000,23090000,NA,NA,63434000,NA,NA,NA
"Q9Y2S6","TMA7",4.17e+08,549940000,574330000,839050000,559468000,589290000,831950000,574080000,677320000,549790000,543700000,453090000,586060000,564190000,471080000,499830000,478420000,545710000
"Q9Y2S7","POLDIP2",355480000,379550000,408590000,398180000,412420000,405510000,385490000,359120000,349030000,370870000,371700000,311960000,323350000,365150000,338330000,341270000,316117000,314870000
"Q9Y2T2","AP3M1",822730000,927420000,875230000,1003140000,935730000,883330000,817880000,756030000,917530000,838190000,871970000,826760000,845700000,709220000,789740000,781120000,714430000,708090000
"Q9Y2U8","LEMD3",630680000,575910000,611160000,592010000,555380000,541500000,654360000,694180000,707660000,641380000,591990000,500790000,587510000,492740000,471070000,531930000,513930000,574390000
"Q9Y2V2","CARHSP1",1823410000,1942660000,2026190000,2629060000,2472680000,2479490000,2383080000,2.479e+09,2431680000,2039320000,2011930000,2241410000,1681740000,1742810000,1960550000,2017390000,1908440000,1639980000
"Q9Y2W1","THRAP3",3186570000,2936040000,2913550000,3128450000,3627200000,2597550000,4226700000,4279900000,3668200000,4088900000,3686900000,3021360000,3498300000,2900720000,2648680000,2515180000,2220050000,2851220000
"Q9Y2W2","WBP11",301525000,380210000,402940000,286689000,345050000,279816000,334880000,348270000,362330000,345450000,333270000,273662000,307892000,302510000,320993000,262994000,251956000,275379000
"Q9Y2X3","NOP58",2465320000,2144380000,2031360000,1945180000,2548160000,1619010000,2.553e+09,2573580000,2274380000,2667010000,2446190000,2009210000,2353450000,1759430000,1712680000,2012880000,1595250000,2112670000
"Q9Y2X7","GIT1",439060000,480190000,430810000,520940000,446220000,451540000,586350000,567420000,528190000,567230000,557870000,505330000,549960000,583570000,584070000,628330000,584720000,647790000
"Q9Y2Y0","ARL2BP",NA,NA,78269000,103390000,192703000,153831000,94360000,171736000,72524000,90734000,153732000,74319000,49261000,128346000,181925000,70771000,40375000,43236000
"Q9Y2Z0","SUGT1",3758600000,3678700000,3827700000,3547400000,3722600000,3248900000,3490900000,3575100000,3321400000,4.356e+09,4221600000,3533800000,4.655e+09,4243500000,3934600000,3888800000,3769300000,4248100000
"Q9Y2Z4","YARS2",215882000,211937000,216365000,147666000,188516000,178433000,272947000,219073000,230447000,236451000,228683000,225515000,235541000,197980000,206754000,212195000,205374000,213790000
"Q9Y305","ACOT9",1138190000,1150080000,1049040000,1239050000,1166800000,1215250000,1535120000,1437340000,1494430000,1729380000,1692100000,1820870000,1750940000,1683610000,1761650000,1789830000,1738380000,1734980000
"Q9Y312","AAR2",92675000,74009000,94107000,24626000,20057000,24402000,NA,44599000,33763000,NA,21457000,23313000,24459000,NA,NA,30890000,19917000,48556000
"Q9Y314","NOSIP",274080000,269757000,300744000,222386000,210057000,216420000,276972000,229449000,228819000,198579000,245599000,225068000,167520000,196806000,233914000,185491000,124985000,149843000
"Q9Y316","MEMO1",136643000,199900000,198846000,169306000,198262000,150795000,208865000,202548000,180738000,145839000,205733000,193815000,165391000,208917000,232287000,131862000,123312000,191035000
"Q9Y320","TMX2",84684000,140568000,162150000,144203000,36572000,128336000,102914000,28389000,103411000,99484000,95994000,136122000,21889000,58025000,36230000,19905000,50299000,18012000
"Q9Y333","LSM2",271844000,64386000,146206000,207563000,234187000,248685000,206442000,207152000,269982000,182747000,234330000,319731000,220600000,303194000,307426000,131282000,318320000,129996000
"Q9Y371","SH3GLB1",1933110000,2130050000,2170230000,1820640000,2102760000,1859020000,1675190000,1841370000,1532040000,1996580000,2091770000,1814340000,2208450000,1911330000,1901660000,2174370000,2137080000,2179850000
"Q9Y376;Q9H9S4","CAB39",847920000,798580000,749650000,750940000,827600000,622920000,926350000,920280000,931540000,1209180000,1134380000,1084190000,1322670000,1276830000,1300450000,1155370000,1091850000,1187230000
"Q9Y383","LUC7L2",2052110000,2138070000,1976030000,1959920000,2138180000,1720550000,2364300000,2279480000,2255800000,2004030000,1977650000,1872540000,1728560000,1589520000,1537080000,1656280000,1518310000,1609340000
"Q9Y394","DHRS7",401680000,469630000,403710000,507020000,399090000,469800000,491600000,419480000,592910000,450160000,458850000,521080000,478810000,487940000,543720000,550770000,523580000,496600000
"Q9Y399","MRPS2",NA,NA,NA,20143000,NA,62027000,NA,35906000,NA,NA,NA,41721000,NA,NA,NA,18115000,44550000,22483000
"Q9Y3A2","UTP11L",NA,NA,NA,55359000,22484000,NA,NA,19012000,20331000,22132000,13115000,NA,22272000,NA,NA,26415000,NA,19472000
"Q9Y3A3","MOB4",184757000,224425000,228084000,309538000,262680000,283942000,219959000,260933000,218841000,267809000,306964000,300512000,268678000,338550000,338760000,307190000,282133000,259480000
"Q9Y3A4","RRP7A",NA,NA,107095000,137415000,41587000,120811000,39974000,NA,50512000,NA,41436000,128919000,NA,130340000,80525000,43536000,31441000,39312000
"Q9Y3A5","SBDS",3822400000,4014500000,3752800000,3807400000,4292200000,3850200000,4141600000,4061900000,4497100000,5881800000,5800600000,5704500000,7169100000,6.784e+09,7057100000,6851900000,6673100000,6803700000
"Q9Y3A6","TMED5",78790000,NA,81826000,NA,186199000,101781000,22921000,NA,NA,NA,NA,103918000,NA,147908000,126451000,NA,NA,NA
"Q9Y3B3","TMED7",828450000,1015710000,878430000,900300000,870140000,940680000,878170000,830290000,1004360000,856840000,982720000,997300000,1005200000,1182410000,1147820000,1367820000,1268760000,1237180000
"Q9Y3B4","SF3B6",538960000,529310000,525590000,393050000,504630000,392380000,541660000,579610000,544110000,544520000,556310000,483350000,460850000,515410000,426820000,442390000,473750000,420410000
"Q9Y3B7","MRPL11",395760000,380080000,333100000,342180000,354800000,370740000,436950000,434170000,418070000,408830000,407840000,307909000,392940000,360800000,347720000,381220000,347674000,336601000
"Q9Y3B8","REXO2",608100000,586180000,706550000,664460000,608510000,658650000,396720000,410900000,402870000,340110000,366910000,426220000,288924000,322395000,452940000,388570000,451010000,293966000
"Q9Y3B9","RRP15",143903000,118492000,145804000,115428000,167817000,129720000,111427000,150260000,118685000,144919000,97980000,85518000,108173000,102348000,76685000,89599000,89949000,91339000
"Q9Y3C0","CCDC53",NA,NA,14626000,45764000,NA,34936000,NA,NA,14029000,NA,NA,13351000,NA,27308000,30605000,12397000,14671000,NA
"Q9Y3C1","NOP16",165119000,191011000,175535000,150874000,156569000,146671000,180212000,173870000,142605000,179178000,180844000,87666000,164496000,96395000,177350000,137838000,125684000,151499000
"Q9Y3C6","PPIL1",277213000,298032000,287448000,316670000,211299000,246193000,316758000,311327000,341150000,348467000,337512000,286057000,234005000,332694000,277339000,303337000,305899000,319876000
"Q9Y3C8","UFC1",472854000,499770000,506570000,535650000,639160000,523530000,478180000,574710000,518240000,517180000,483230000,595920000,432500000,613320000,557380000,384450000,443490000,418250000
"Q9Y3D0","FAM96B",315998000,359900000,311547000,357800000,255560000,365070000,316838000,380510000,333340000,337690000,279782000,370930000,362631000,349680000,412260000,360350000,348040000,308916000
"Q9Y3D3","MRPS16",29128000,NA,NA,NA,31655000,26420000,NA,35684000,26384000,32420000,68921000,30795000,35646000,NA,NA,NA,NA,79532000
"Q9Y3D6","FIS1",54090000,67298000,NA,219751000,NA,202591000,206666000,153064000,226545000,197772000,211828000,243430000,131879000,223201000,251494000,221729000,163653000,203513000
"Q9Y3D7","PAM16",32850000,110403000,121807000,57437000,NA,96890000,NA,87359000,NA,144389000,NA,28502000,NA,148445000,47947000,41253000,113377000,NA
"Q9Y3D8","AK6",NA,24679000,64030000,89741000,83184000,87130000,21042000,23100000,44854000,NA,23489000,NA,NA,45999000,NA,NA,NA,NA
"Q9Y3D9","MRPS23",240889000,245017000,225604000,214032000,194838000,235498000,263746000,278939000,262623000,269351000,284857000,277834000,247541000,251214000,248112000,266718000,310537000,295174000
"Q9Y3E0","GOLT1B",225833000,280407000,296264000,336850000,240244000,360140000,256250000,234553000,273124000,219698000,196079000,271624000,191292000,239118000,275287000,267896000,259489000,219855000
"Q9Y3E5","PTRH2",770220000,667380000,668790000,677940000,733360000,650800000,616390000,554870000,597690000,639130000,691040000,612350000,835250000,713750000,721090000,762340000,736100000,843700000
"Q9Y3E7","CHMP3",201694000,209236000,241815000,204924000,203211000,249651000,175132000,188300000,237373000,202137000,159795000,244300000,176905000,226638000,273474000,191785000,216353000,186110000
"Q9Y3F4","STRAP",5965300000,5716900000,5966100000,5736600000,5743400000,5565600000,4911300000,4914900000,4.802e+09,5009900000,4976500000,4926300000,4927100000,5121700000,5069100000,4581100000,4453100000,4716600000
"Q9Y3I0","RTCB",4340600000,4431800000,4407900000,4.359e+09,4393100000,4.326e+09,5161900000,5155700000,5002700000,4999100000,4894600000,5337500000,4912900000,4498200000,4593500000,4921700000,4651800000,5138600000
"Q9Y3I1","FBXO7",181827000,197606000,147846000,153416000,91242000,153736000,135032000,109989000,133876000,108410000,62101000,112417000,51028000,62142000,64585000,75676000,82847000,73815000
"Q9Y3L3","SH3BP1",109098000,NA,70475000,61863000,98373000,58368000,NA,NA,NA,NA,119183000,96031000,NA,49918000,55836000,NA,46792000,NA
"Q9Y3M8","STARD13",372780000,355830000,385600000,332410000,349890000,349733000,259002000,253821000,267490000,273545000,289797000,305765000,229438000,239990000,265422000,192981000,184312000,173160000
"Q9Y3P9;B7ZAP0;Q5R372","RABGAP1",748010000,819950000,743080000,820920000,845430000,850680000,809670000,840410000,837550000,1109860000,1018660000,1029160000,1147220000,1157860000,1092300000,1126090000,1074310000,1078820000
"Q9Y3Q3","TMED3",30692000,8858800,NA,NA,25054000,NA,73055000,49254000,72696000,28493000,56044000,38747000,74628000,76747000,69929000,124890000,94229000,132452000
"Q9Y3T9","NOC2L",174993000,227324000,213203000,191113000,206884000,100950000,132265000,222201000,201267000,165043000,179756000,181495000,173462000,114973000,163072000,144811000,147001000,52731000
"Q9Y3U8","RPL36",3833900000,4.004e+09,4250600000,3694700000,4435500000,3508100000,3208800000,3375100000,3366600000,3893900000,3580810000,2965530000,4050200000,3435600000,3468500000,3393600000,3290300000,3443700000
"Q9Y3Y2","CHTOP",425560000,462340000,408510000,537510000,574350000,534550000,669930000,662420000,717070000,854700000,862380000,620470000,938970000,794200000,798600000,780560000,725160000,880700000
"Q9Y450","HBS1L",667940000,732010000,689390000,814490000,809380000,779790000,691460000,616020000,689940000,668670000,678490000,641430000,812510000,689300000,693650000,747240000,632580000,643750000
"Q9Y478","PRKAB1",42953000,33248000,32056000,105832000,91319000,102890000,61720000,24820000,61569000,15991000,30271000,59900000,11908000,27714000,74528000,25058000,52859000,NA
"Q9Y490","TLN1",6.9677e+10,6.6893e+10,6.8237e+10,7.0814e+10,7.1151e+10,6.8648e+10,6.6551e+10,6.6957e+10,6.5495e+10,6.0653e+10,5.9868e+10,5.8656e+10,5.387e+10,5.2704e+10,5.3075e+10,4.7782e+10,4.7983e+10,5.0628e+10
"Q9Y4A5","TRRAP",28556000,17061000,18333000,10433000,NA,NA,NA,25199000,NA,30212000,13807000,11648000,11713000,NA,15507000,NA,NA,NA
"Q9Y4B5","MTCL1",262297000,236298000,210257000,218845000,122305000,238976000,193783000,203815000,272758000,263881000,290594000,396310000,543270000,434140000,396860000,377320000,347560000,372110000
"Q9Y4C2","TCAF1",551350000,561980000,557830000,590480000,627550000,567230000,286933000,329345000,358467000,487730000,481010000,503250000,398860000,444010000,463120000,426110000,417590000,439480000
"Q9Y4C8","RBM19",15796000,39102000,63987000,16136000,NA,12519000,33139000,14230000,42392000,NA,26127000,NA,NA,7885100,NA,NA,6871300,10394000
"Q9Y4E8","USP15",319368000,289450000,264182000,301639000,331580000,347498000,266222000,253794000,246572000,271522000,282702000,284646000,272737000,281879000,306488000,251914000,284458000,291807000
"Q9Y4F1","FARP1",158877000,157222000,154153000,157924000,147804000,172721000,150034000,147842000,132975000,141653000,106386000,125306000,130086000,105776000,117570000,178987000,175785000,178516000
"Q9Y4F5","CEP170B",81109000,NA,65433000,NA,NA,48879000,152168000,127375000,122691000,242989000,161487000,244415000,275455000,257145000,236064000,82267000,277905000,210639000
"Q9Y4F9","FAM65B",NA,NA,NA,NA,NA,NA,11911000,16643900,12335100,NA,9353800,6749300,NA,6359500,3008200,NA,NA,NA
"Q9Y4G6","TLN2",236600000,340504000,194699000,317446000,298720000,388440000,503420000,445900000,529910000,551360000,457390000,437630000,416810000,540590000,486650000,401700000,494770000,420400000
"Q9Y4H2","IRS2",201792000,204583000,215080000,266860000,244506000,254943000,NA,58752000,NA,82519000,NA,NA,NA,NA,NA,NA,NA,NA
"Q9Y4I1","MYO5A",1119360000,1003770000,953980000,992200000,1193410000,1191540000,880210000,8.31e+08,856880000,672040000,654020000,811790000,408700000,610850000,614770000,493810000,391830000,486440000
"Q9Y4K1","AIM1",96710000,49495000,91451000,72676000,56711000,37963000,NA,NA,47969000,NA,42581000,NA,NA,NA,NA,NA,NA,NA
"Q9Y4K4","MAP4K5",303606000,292046000,280186000,245658000,287620000,230913000,210343000,232085000,222386000,216408000,209557000,128304000,NA,NA,NA,NA,NA,142562000
"Q9Y4L1","HYOU1",8857900000,8355600000,8058900000,8284100000,8949900000,8350800000,7145800000,7.31e+09,7020400000,9550300000,8811300000,8669100000,13921500000,12901300000,13524200000,1.3712e+10,13868400000,1.3971e+10
"Q9Y4P1","ATG4B",470590000,369980000,367070000,375480000,372630000,359880000,257901000,318775000,322070000,358530000,336262000,363740000,456340000,4.12e+08,437180000,676770000,544280000,604710000
"Q9Y4P3","TBL2",498476000,812100000,771740000,780350000,765060000,859220000,739180000,796850000,798810000,312817000,454864000,542510000,367851000,423880000,345530000,403770000,444350000,356705000
"Q9Y4R8","TELO2",161416000,201189000,154118000,49412000,59413000,120847000,NA,67373000,151344000,112941000,50091000,37946000,144310000,99363000,61280000,60238000,NA,98742000
"Q9Y4W2","LAS1L",202022000,176303000,171700000,141090000,147030000,95194000,154813000,169155000,142572000,189264000,171783000,145362000,153178000,129790000,114114000,133521000,123563000,152880000
"Q9Y4W6","AFG3L2",130635000,244837000,240161000,243202000,159174000,236209000,383950000,299891000,345560000,327703000,399100000,461510000,363540000,351210000,311509000,391600000,413170000,366990000
"Q9Y4X5","ARIH1",452880000,446180000,423510000,395080000,528850000,398550000,509450000,562980000,456280000,629490000,589200000,513110000,582150000,463300000,462080000,425380000,416960000,459810000
"Q9Y4Z0","LSM4",39963000,45893000,47266000,171870000,104423000,66344000,101872000,97590000,190161000,108927000,97648000,156706000,62224000,136313000,175746000,138947000,191787000,NA
"Q9Y508","RNF114",160514000,125470000,145735000,94018000,124320000,106739000,123602000,116996000,102003000,37575000,49825000,100091000,NA,37395000,96231000,93832000,67801000,29627000
"Q9Y512","SAMM50",679640000,789820000,829840000,753930000,673560000,721320000,980380000,1007450000,1006580000,1036950000,1091410000,1112800000,996820000,890700000,1015820000,808110000,918790000,940400000
"Q9Y520","PRRC2C",1420030000,1333440000,1289070000,1410970000,1354510000,1101270000,1068750000,1079880000,929360000,1082900000,1066560000,837020000,1147960000,950730000,854650000,955420000,866360000,934620000
"Q9Y530","OARD1",131910000,110748000,114725000,149383000,89453000,90248000,173891000,125280000,175165000,130570000,129611000,152739000,77192000,77556000,86217000,119471000,140410000,145241000
"Q9Y547","HSPB11",379510000,397630000,383450000,390620000,370188000,391495000,323495000,311406000,369180000,273153000,336930000,338880000,223547000,196366000,216441000,217956000,195113000,140379000
"Q9Y570","PPME1",5513600000,5267500000,5390400000,4641600000,4675200000,4464700000,4385300000,4136700000,3978800000,4312200000,4249300000,3753600000,4379700000,4574600000,4381600000,4569800000,4692200000,4946800000
"Q9Y5A7","NUB1",152908000,125461000,130365000,107477000,131248000,84101000,153806000,171688000,126511000,167357000,139393000,98362000,118149000,69060000,62046000,102907000,78154000,98436000
"Q9Y5A9","YTHDF2",391033000,392120000,352216000,305763000,398870000,288075000,199202000,245047000,246394000,237478000,192558000,247392000,206697000,152065000,212161000,219863000,208607000,112492000
"Q9Y5B0","CTDP1",86412000,101751000,114232000,91755000,60350000,61274000,59743000,148853000,124309000,41075000,79225000,32029000,74863000,NA,NA,NA,NA,51581000
"Q9Y5B8","NME7",214802000,282210000,208232000,239418000,227073000,274654000,201718000,254818000,209656000,203862000,201590000,228441000,256574000,204190000,182574000,266422000,211337000,248226000
"Q9Y5B9","SUPT16H",2414030000,2457040000,2428420000,2134260000,2361990000,2228500000,2239770000,2208730000,2366810000,2020140000,2034590000,2215710000,1525400000,1.455e+09,1428940000,1179160000,1108430000,1199390000
"Q9Y5J1","UTP18",56482000,79708000,84267000,43695000,NA,49656000,40004000,49697000,44925400,15811000,43614000,54743000,33258000,34078700,19284000,28202000,44229000,22976000
"Q9Y5J7","TIMM9",294210000,165897000,287942000,298561000,347545000,251961000,373140000,320414000,294113000,258210000,411420000,351980000,346390000,326551000,328173000,364169000,383780000,443190000
"Q9Y5J9","TIMM8B",87063000,NA,104986000,65411000,117876000,38193000,37413000,100834000,85139000,142648000,144237000,134932000,143257000,112887000,138426000,151806000,44196000,143643000
"Q9Y5K5","UCHL5",537130000,591350000,600780000,546180000,561690000,492550000,480200000,481170000,446890000,559300000,479490000,540140000,625930000,614840000,708690000,545870000,605300000,529920000
"Q9Y5K6","CD2AP",448880000,377110000,434500000,475330000,388899000,487760000,258120000,204768000,327606000,252520000,128220000,359700000,214230000,391484000,277920000,142700000,242279000,362740000
"Q9Y5K8","ATP6V1D",255373000,152817000,213049000,240662000,NA,217246000,143420000,121956000,168575000,73732000,149837000,198834000,244487000,206024000,213744000,133412000,199957000,146068000
"Q9Y5L0","TNPO3",822180000,721460000,842110000,698340000,824100000,665400000,729230000,683090000,707340000,643210000,747970000,730460000,663680000,638820000,585880000,575240000,602660000,624760000
"Q9Y5L4","TIMM13",436450000,625560000,655550000,533280000,384140000,521420000,577690000,600090000,552290000,844410000,749870000,773960000,930660000,927070000,872440000,922050000,954060000,971740000
"Q9Y5M8","SRPRB",1675010000,1865880000,1790910000,1846720000,1900410000,1836280000,1472210000,1450160000,1630710000,1517390000,1586500000,1475940000,1791810000,1550640000,1881150000,1803030000,1661730000,2051550000
"Q9Y5P4","COL4A3BP",107429000,154577000,167333000,47923000,155099000,150133000,NA,147529000,36134000,110351000,167339000,130578000,206050000,196967000,167962000,124100000,176092000,163235000
"Q9Y5P6","GMPPB",1052510000,1021990000,1043110000,949230000,1062410000,876490000,984020000,877350000,898840000,965720000,954750000,757370000,1092340000,947870000,861200000,1010740000,978940000,1075920000
"Q9Y5Q0","FADS3",704760000,711800000,688280000,727550000,961890000,735960000,623460000,609150000,541910000,490410000,573450000,407030000,647310000,414980000,495280000,514280000,411130000,688410000
"Q9Y5Q8","GTF3C5",182800000,199762000,142538000,159376000,187769000,167661000,182978000,198747000,179617000,158981000,132874000,121325000,121450000,132372000,91047000,80389000,110004000,111396000
"Q9Y5S2;Q6DT37","CDC42BPB",841220000,729750000,640790000,698670000,776990000,643530000,874560000,906570000,838230000,876970000,775690000,661630000,778030000,613610000,608680000,758160000,679570000,791490000
"Q9Y5S9","RBM8A",1810270000,1707960000,1800080000,1714080000,1913650000,1703070000,1984330000,2036090000,1773140000,1970210000,1783520000,1476490000,1887110000,1402810000,1205640000,1.497e+09,1389970000,1442860000
"Q9Y5T5","USP16",NA,34344000,20269500,36103100,12363000,23326000,35167200,24107300,32683900,14770400,20983200,16926300,12518000,9490300,22682900,8751900,7764600,25200000
"Q9Y5U2","TSSC4",101533000,NA,29589000,NA,71166000,20354000,47859000,41743000,68201000,89587000,95473000,79049000,52432000,18243000,41340000,58513000,19258000,82062000
"Q9Y5U9","IER3IP1",302331000,242249000,249096000,304541000,104040000,288869000,241719000,253731000,283661000,134287000,242560000,146743000,149476000,250214000,215982000,147752000,243790000,224776000
"Q9Y5V3;Q96JG8","MAGED1",230728000,172467000,189470000,301843000,279352000,251121000,159657000,133762000,155314000,190132000,190561000,218686000,215890000,231428000,210468000,168838000,185163000,163966000
"Q9Y5X2","SNX8",478180000,445490000,417490000,411290000,455570000,435780000,485380000,478860000,449560000,434550000,470170000,413030000,371450000,311535000,337390000,326669000,312282000,353580000
"Q9Y5X3","SNX5",468420000,436260000,434040000,398250000,468180000,414380000,453160000,404260000,455700000,407980000,372150000,373332000,433990000,371720000,362460000,309646000,291437000,328597000
"Q9Y5Y2","NUBP2",409970000,430450000,480560000,454370000,399450000,471500000,468410000,479960000,526810000,465730000,469870000,470300000,385640000,422030000,405010000,406120000,411730000,414950000
"Q9Y5Y5","PEX16",37582000,19343000,32312000,53742000,52295000,26415000,51940000,38324000,57108000,57426000,31176000,16253000,55725000,51375000,46409000,26465000,41398000,40698000
"Q9Y5Z4","HEBP2",NA,NA,NA,65256000,NA,60074000,60170000,NA,NA,NA,116481000,74428000,59964000,78621000,63953000,NA,55430000,NA
"Q9Y606","PUS1",47053000,53828000,56164000,64436000,95344000,45016000,85378000,89029000,65626000,113280000,81270000,54741000,56453000,61912000,55159000,65590000,38270000,69400000
"Q9Y608","LRRFIP2",387310000,424160000,403160000,472250000,371460000,477830000,458460000,391110000,340230000,312808000,319779000,290794000,288813000,307472000,265766000,218520000,252272000,309112000
"Q9Y613","FHOD1",393780000,360450000,359110000,346850000,392740000,350630000,397430000,426710000,402090000,345140000,389740000,424140000,257050000,263708000,255064000,191362000,133090000,99831000
"Q9Y617","PSAT1",1637810000,1871080000,1774440000,1580400000,1352650000,1499690000,2067100000,1858620000,2094800000,1824960000,1964060000,2108550000,2117350000,2277140000,2471730000,3329300000,3556900000,3.183e+09
"Q9Y618","NCOR2",323923000,352560000,3.49e+08,258467000,261674000,269757000,325235000,322850000,272688000,293517000,323087000,296824000,209411000,244205000,172275000,146538000,224704000,204919000
"Q9Y623","MYH4",NA,NA,NA,NA,NA,NA,NA,NA,NA,738370000,673050000,522580000,2808520000,2463130000,2164060000,2764140000,2322060000,3018990000
"Q9Y639","NPTN",534360000,494660000,556890000,673810000,878830000,601720000,660010000,696110000,660500000,731780000,645980000,581340000,5.34e+08,477930000,426400000,441130000,427960000,421890000
"Q9Y646","CPQ",NA,NA,NA,NA,NA,19277000,NA,NA,23612000,64274000,57795000,54334000,63550000,66150000,92142000,129475000,123634000,101926000
"Q9Y653","GPR56",NA,NA,NA,NA,NA,NA,269726000,319283000,301934000,328990000,359253000,291312000,272321000,286661000,281517000,130001000,46851000,170556000
"Q9Y676","MRPS18B",19960000,NA,NA,157710000,NA,162978000,190463000,53723000,160663000,121699000,96308000,142630000,154258000,171596000,96679000,NA,47869000,54923000
"Q9Y678","COPG1",9891600000,9308100000,9005200000,9.436e+09,9546800000,8859200000,7.158e+09,6866100000,7295800000,6537600000,6900800000,6236400000,6249400000,6124400000,6182600000,6142500000,5933400000,6.128e+09
"Q9Y679","AUP1",138400000,131735000,149372000,96500000,115634000,128591000,84692000,164363000,44259000,124746000,87365000,122693000,101556000,119328000,104456000,83546000,68995000,130396000
"Q9Y680","FKBP7",253252000,258790000,265849000,393070000,303646000,340410000,312506000,371890000,354130000,331400000,331234000,344400000,274447000,295955000,309498000,275820000,296857000,265954000
"Q9Y696;O15247","CLIC4",4238400000,4775500000,5025900000,4443600000,4030600000,4359900000,4159500000,4.379e+09,4183200000,3.614e+09,4025300000,3724300000,3887700000,3590700000,3599700000,3976600000,4364200000,4149900000
"Q9Y697","NFS1",200233000,178955000,149366000,81147000,164613000,86373000,222083000,199234000,166358000,204104000,229811000,89169000,234899000,194108000,139667000,194297000,169757000,252261000
"Q9Y6A4","CFAP20",247309000,232578000,235824000,271373000,305376000,217841000,227408000,226374000,244196000,225617000,211750000,145595000,201718000,179113000,191292000,107640000,148751000,117070000
"Q9Y6A5","TACC3",165132000,175768000,132132000,124890000,178370000,149687000,NA,NA,NA,NA,NA,NA,NA,NA,NA,NA,NA,NA
"Q9Y6A9","SPCS1",1005730000,867690000,764490000,809010000,1017870000,700350000,837260000,819290000,868470000,8.66e+08,801320000,822760000,799350000,843440000,737430000,784840000,787620000,905900000
"Q9Y6B6","SAR1B",900130000,957010000,1069190000,881930000,808610000,913760000,510230000,548500000,578020000,532120000,610410000,663810000,856890000,762660000,731010000,727880000,770720000,795820000
"Q9Y6C2","EMILIN1",NA,11238700,16867300,8353200,NA,9555700,NA,NA,8299600,NA,NA,NA,NA,6766800,6750300,NA,10326900,NA
"Q9Y6C9","MTCH2",1930870000,1947250000,1769610000,2111720000,2140620000,2228080000,2483320000,2405760000,2664450000,2595760000,2729870000,2482190000,2554910000,2568450000,2666370000,2732110000,2457810000,2418070000
"Q9Y6D6","ARFGEF1",95987000,NA,28583000,NA,33595000,115140000,29194000,42127000,30835000,NA,30516000,NA,143865000,130931000,79306000,122517000,41419000,146888000
"Q9Y6D9","MAD1L1",49017000,188342000,165767000,115639000,64065000,106812000,197671000,134471000,166665000,135602000,197206000,156164000,133577000,101512000,136665000,NA,NA,47072000
"Q9Y6E0;Q9P289","STK24",1087520000,1020400000,986580000,951570000,1029350000,1037060000,1172780000,1230940000,1142050000,1020520000,1023430000,1157590000,917900000,867650000,947940000,852030000,858690000,8.38e+08
"Q9Y6E2","BZW2",794530000,748150000,793710000,788500000,735750000,763310000,643100000,580390000,589880000,567980000,546220000,662280000,505380000,501140000,544600000,517620000,500810000,427810000
"Q9Y6G3","MRPL42",143276000,140581000,134181000,126775000,134889000,108050000,152155000,136178000,130275000,142959000,147106000,98613000,117548000,105187000,101610000,90050000,106119000,86897000
"Q9Y6G5","COMMD10",69195000,85859000,62183000,22411000,42721000,44947000,19354000,65883000,48439000,50754000,65652000,56932000,76882000,NA,47585000,62823000,51004000,16622000
"Q9Y6G9","DYNC1LI1",1359990000,1501370000,1347250000,1377070000,1498390000,1346600000,1463090000,1332940000,1325940000,1256010000,1369230000,1216860000,1272600000,1293930000,1255740000,1388850000,1300940000,1228250000
"Q9Y6I3","EPN1",507410000,402170000,316521000,346800000,520810000,350229000,443110000,500150000,387260000,459780000,5e+08,321489000,482150000,340730000,315363000,374360000,347550000,405130000
"Q9Y6I9","TEX264",176597000,66445000,151609000,183287000,198704000,154584000,205274000,166256000,185481000,149493000,158181000,85604000,106066000,107154000,NA,125048000,131833000,137425000
"Q9Y6K8","AK5",1224200000,1335590000,1401610000,1292730000,1449580000,1289930000,1084120000,1018940000,994320000,868050000,879240000,767790000,584440000,563730000,496870000,439920000,409130000,465150000
"Q9Y6K9","IKBKG",5.09e+08,485290000,491370000,428680000,466970000,491470000,481760000,416610000,431260000,363300000,437680000,398560000,366950000,411480000,357560000,379980000,412670000,373670000
"Q9Y6M1","IGF2BP2",1489980000,1531120000,1518300000,1212190000,1326260000,1253770000,1052230000,1029280000,1057270000,1052270000,1029600000,1007690000,1018770000,961540000,1051540000,1027930000,1032260000,915280000
"Q9Y6M5","SLC30A1",91682000,77777000,30561000,30764000,NA,56779000,NA,77408000,NA,NA,59121000,NA,52389000,NA,NA,22340000,NA,28126000
"Q9Y6M7","SLC4A7",78468000,77088000,73118000,84980000,71932000,90034000,40665000,53182000,29793000,45777000,63639000,60068000,73817000,73137000,86837000,94141000,88889000,94687000
"Q9Y6M9","NDUFB9",148759000,101801000,114174000,191560000,108264000,208351000,178980000,220209000,234179000,228570000,249360000,324345000,253172000,311994000,313099000,230354000,290923000,172381000
"Q9Y6R0","NUMBL",383282000,261416000,235985000,427080000,378130000,339300000,641430000,623560000,602170000,644580000,672810000,512240000,481980000,489090000,482340000,428160000,392280000,420970000
"Q9Y6R4","MAP3K4",NA,NA,NA,NA,23367000,13268000,NA,NA,14711000,NA,11914000,25384000,14592000,15635000,NA,12209000,12714000,NA
"Q9Y6W3","CAPN7",53286000,31557000,30832000,NA,14900000,NA,NA,16085000,NA,32692000,18752000,NA,34340000,NA,NA,18757000,14648000,22445000
"Q9Y6W5","WASF2",5.62e+08,525750000,505520000,453360000,564770000,489560000,4.95e+08,496070000,479330000,485950000,462240000,420910000,433980000,403650000,433470000,423040000,372860000,441040000
"Q9Y6X9","MORC2",28377000,30797000,24273000,63603000,NA,54822000,24311000,25434000,49134000,NA,NA,44081000,NA,NA,18450000,32618000,42537000,39226000
"Q9Y6Y0","IVNS1ABP",33420000,39939000,109737000,42454000,NA,123655000,NA,NA,NA,NA,NA,NA,NA,NA,34254000,25345000,NA,NA
"Q9Y6Y8","SEC23IP",1340680000,1193070000,1274120000,1584120000,1324300000,1439660000,1438160000,1437050000,1496410000,1369670000,1468170000,1516370000,1406690000,1508450000,1413080000,1371790000,1391290000,1379930000
